code_commune,code_district,code_region,menages_2018,murs_precaires,toit_precaire,sol_precaire,eau_amelioree,eau_sur_place,defecation_air_libre,assainis_ameliore,electricite,cuisson_polluante,proprietaire,radio,telephone_portable,ordinateur,agriculture,elevage,peche,population_2018,taille_menage,pct_moins_15ans,pct_65ans_plus,alphabetisation,scolarisation_6_14,cm_femme,cm_sans_instruction
110101,1101,11,2640,94.7,94.32,91.67,31.06,0.0,13.26,3.79,0.76,99.62,83.33,80.3,16.67,0.0,98.48,89.02,39.02,12190,4.62,42.49,1.89,92.15,73.08,11.74,6.82
110102,1101,11,4490,50.78,17.37,7.57,94.21,0.0,0.0,12.03,74.61,96.21,62.81,89.98,77.28,13.36,62.36,70.38,8.91,17590,3.92,33.14,3.18,98.47,94.02,17.37,1.56
110103,1101,11,6580,30.7,8.05,12.01,91.79,6.38,0.61,8.66,72.19,97.42,61.85,86.32,78.12,13.07,37.99,46.05,2.43,25320,3.85,32.35,4.11,97.96,91.12,19.3,1.67
110104,1101,11,1350,86.67,79.26,48.89,64.44,0.0,0.74,0.0,25.19,99.26,99.26,84.44,54.81,0.0,99.26,90.37,28.89,5320,3.94,33.08,5.08,98.88,82.18,14.81,1.48
110105,1101,11,1380,97.1,85.51,65.22,32.61,0.0,0.72,1.45,45.65,99.28,81.16,73.91,38.41,0.72,97.83,87.68,27.54,5440,3.94,39.34,3.12,96.06,74.02,15.22,0.72
110106,1101,11,10090,19.23,10.01,13.48,82.56,0.89,1.09,4.66,67.2,98.81,66.5,86.72,72.94,13.38,51.64,60.16,8.82,41320,4.1,33.08,3.53,98.52,88.67,17.84,1.88
110107,1101,11,3610,60.39,51.8,36.57,68.7,0.0,3.6,0.55,31.02,99.45,80.06,82.83,42.38,2.77,89.47,86.98,18.01,15410,4.27,36.53,4.09,95.91,85.59,15.79,3.6
110108,1101,11,4510,84.26,78.71,70.51,63.41,0.22,0.89,3.33,18.18,99.11,91.8,83.81,48.34,0.44,96.67,90.69,10.42,19070,4.23,37.49,3.15,97.4,85.58,16.85,3.77
110109,1101,11,1830,98.36,87.43,62.84,59.56,0.0,0.55,1.09,39.34,100.0,91.8,89.62,43.17,0.0,97.81,96.72,45.9,7980,4.36,38.97,2.76,95.89,86.02,13.66,5.46
110110,1101,11,8970,51.95,24.64,16.61,83.28,3.12,1.11,6.69,56.63,98.1,67.11,84.84,70.23,7.58,59.31,60.09,4.46,35500,3.96,33.44,3.44,98.05,91.62,17.61,2.34
110111,1101,11,2500,79.2,52.8,33.2,92.4,0.0,0.0,2.0,52.0,99.6,84.4,86.0,57.2,4.4,97.2,92.4,57.6,9930,3.97,33.84,5.34,96.8,89.56,14.0,2.4
110112,1101,11,14030,10.83,1.5,6.77,97.93,13.11,2.99,12.47,86.1,95.22,49.75,89.17,86.17,17.96,27.08,32.36,2.92,52940,3.77,30.98,2.83,98.36,90.77,20.88,1.64
110113,1101,11,370,97.3,83.78,67.57,67.57,0.0,0.0,0.0,13.51,100.0,91.89,81.08,40.54,0.0,100.0,91.89,8.11,1620,4.38,40.74,1.85,94.79,80.49,18.92,2.7
110114,1101,11,1470,93.2,91.84,84.35,73.47,0.0,3.4,3.4,4.08,100.0,87.76,66.67,35.37,0.0,96.6,85.03,4.08,6700,4.56,36.42,2.24,98.12,78.01,16.33,0.0
110115,1101,11,1870,41.18,24.6,26.2,60.96,0.0,3.21,1.6,16.04,99.47,85.03,90.37,41.18,1.6,92.51,90.37,26.2,7600,4.06,32.11,3.68,98.64,93.1,13.9,1.07
110116,1101,11,2490,50.6,55.02,31.33,71.49,0.0,0.0,5.62,37.35,99.6,88.76,88.35,48.59,0.8,92.37,86.75,19.68,10010,4.02,34.67,3.3,96.79,89.55,10.84,2.41
110118,1101,11,13420,9.39,0.6,3.28,99.03,9.09,0.82,14.08,88.15,96.13,36.44,90.91,89.94,20.79,17.51,23.25,2.31,50950,3.8,31.89,2.34,98.53,91.03,22.73,1.12
110119,1101,11,1860,84.41,78.49,61.29,70.43,0.0,1.08,1.08,16.67,100.0,95.7,92.47,56.99,1.61,98.92,97.31,31.72,7820,4.2,32.86,3.58,98.1,88.96,12.9,2.15
110120,1101,11,690,73.91,63.77,55.07,97.1,0.0,0.0,0.0,14.49,100.0,94.2,79.71,23.19,1.45,100.0,94.2,21.74,2820,4.09,37.94,4.61,96.0,81.82,4.35,2.9
110121,1101,11,10980,47.54,45.81,33.88,77.69,0.55,0.82,6.1,45.36,99.54,74.59,87.98,64.85,4.83,75.77,77.6,6.83,43440,3.96,33.63,3.66,98.27,90.71,19.13,2.46
110122,1101,11,1000,77.0,74.0,38.0,67.0,0.0,9.0,6.0,23.0,100.0,85.0,81.0,60.0,4.0,92.0,89.0,10.0,4240,4.24,33.49,2.59,96.44,88.1,13.0,3.0
110123,1101,11,570,98.25,91.23,89.47,26.32,0.0,0.0,0.0,12.28,96.49,96.49,91.23,43.86,0.0,98.25,96.49,56.14,2140,3.75,28.97,7.48,99.34,81.82,26.32,3.51
110124,1101,11,3470,73.78,65.99,32.28,50.14,0.0,0.29,1.44,37.46,99.71,82.42,89.34,54.76,2.59,95.68,89.05,10.66,14400,4.15,36.81,3.06,96.7,93.33,16.71,3.17
110125,1101,11,12810,9.29,1.33,3.12,98.75,14.91,0.62,15.69,90.01,93.6,46.45,88.76,85.48,19.59,19.59,25.76,3.51,49550,3.87,30.82,2.79,99.42,91.84,20.45,0.94
110201,1102,11,3580,49.72,35.75,36.87,74.86,0.28,3.35,0.28,45.25,100.0,85.2,78.21,61.17,0.28,98.32,96.09,18.44,15900,4.44,40.06,4.78,95.8,88.71,18.72,3.63
110202,1102,11,4470,55.26,77.18,53.91,76.96,0.0,6.49,15.66,50.78,99.78,89.71,71.81,57.49,0.45,97.76,93.51,32.66,21520,4.81,43.26,3.11,92.87,72.32,14.77,6.71
110203,1102,11,5390,48.61,28.39,28.39,48.79,0.37,1.67,10.95,59.18,99.63,84.97,81.26,59.93,1.67,95.92,93.32,19.29,22850,4.24,38.77,3.94,97.07,82.16,20.41,2.41
110204,1102,11,830,59.04,92.77,77.11,48.19,0.0,16.87,4.82,50.6,100.0,90.36,78.31,56.63,0.0,100.0,98.8,56.63,4180,5.04,48.8,2.63,90.19,61.9,7.23,10.84
110205,1102,11,4220,62.09,65.64,60.19,41.94,0.0,9.0,0.47,41.94,99.53,80.81,75.83,49.76,2.13,93.13,88.63,22.51,17500,4.15,39.37,3.94,93.12,79.25,21.8,7.11
110206,1102,11,2090,70.81,33.01,33.49,63.64,0.48,1.91,8.13,64.59,100.0,88.52,78.95,53.11,0.96,98.09,94.74,68.42,8750,4.19,41.26,4.34,98.64,83.64,16.27,0.96
110207,1102,11,880,39.77,80.68,73.86,52.27,0.0,10.23,19.32,45.45,100.0,84.09,75.0,64.77,0.0,97.73,93.18,50.0,4630,5.26,47.3,3.89,87.7,72.73,15.91,9.09
110208,1102,11,4920,77.44,79.47,67.48,58.94,0.0,18.9,0.2,52.24,99.8,92.07,53.05,44.51,0.61,99.8,94.31,31.1,23840,4.85,46.73,3.1,89.61,67.29,16.87,10.77
110209,1102,11,1890,66.14,66.14,54.5,56.08,0.0,1.59,1.59,46.56,99.47,81.48,66.67,56.08,0.0,97.88,89.42,23.28,8120,4.3,42.49,4.93,93.58,87.2,20.11,6.35
110210,1102,11,3620,50.55,67.96,51.93,65.75,0.0,3.87,1.1,50.83,99.17,89.78,82.04,59.12,0.83,97.79,95.86,21.82,16450,4.54,38.78,3.53,91.36,73.07,13.81,7.46
110211,1102,11,2250,52.89,40.89,38.67,85.33,0.0,0.44,0.0,49.33,100.0,89.78,83.11,59.56,0.89,97.78,92.89,37.33,9300,4.13,39.78,4.73,95.71,88.05,23.11,2.67
110212,1102,11,1730,92.49,65.32,47.4,35.26,0.0,2.31,0.58,66.47,99.42,84.97,75.14,59.54,0.0,98.27,97.69,60.12,7770,4.49,42.08,3.6,95.78,76.0,17.92,2.31
110213,1102,11,1560,81.41,73.72,55.77,67.95,0.0,11.54,0.64,55.77,99.36,85.26,48.08,48.08,0.0,98.08,94.23,36.54,6810,4.37,45.08,4.85,91.18,68.16,21.79,3.21
110214,1102,11,1420,85.21,61.97,53.52,53.52,0.0,7.04,0.0,58.45,100.0,92.96,59.86,47.18,0.0,98.59,92.96,26.06,6770,4.77,43.13,2.81,96.1,70.72,14.79,4.93
110301,1103,11,830,79.52,37.35,30.12,49.4,0.0,10.84,1.2,36.14,100.0,80.72,67.47,40.96,0.0,100.0,93.98,14.46,4000,4.82,45.5,6.0,95.87,71.72,7.23,2.41
110302,1103,11,4870,75.98,78.44,68.38,67.76,1.44,14.99,2.46,32.65,99.38,83.16,54.62,38.81,0.41,89.94,82.75,15.81,21760,4.47,41.87,2.53,96.44,77.98,16.84,5.13
110303,1103,11,1870,83.42,73.26,74.33,46.52,0.0,13.37,0.0,24.6,99.47,84.49,54.01,26.74,1.07,93.05,83.96,19.79,8340,4.46,40.05,1.8,96.6,79.51,15.51,5.35
110304,1103,11,5700,91.05,87.89,82.63,24.21,0.0,34.04,1.58,25.61,99.47,86.49,38.77,18.95,0.35,96.49,89.82,13.68,26110,4.58,43.51,1.84,93.97,79.28,14.91,4.74
110305,1103,11,1920,85.42,86.98,68.75,83.33,0.0,3.12,0.0,28.65,100.0,88.02,66.67,31.77,0.52,98.96,91.15,11.46,8110,4.22,39.33,3.21,99.59,81.91,13.54,1.04
110306,1103,11,1620,93.21,91.98,87.04,56.79,0.0,37.65,0.0,31.48,100.0,79.63,33.33,20.99,0.62,95.68,85.8,36.42,7760,4.79,43.17,2.71,95.68,77.55,20.37,3.7
110307,1103,11,3260,79.75,83.74,61.96,54.29,0.0,12.27,4.6,35.89,99.69,90.18,62.27,28.83,0.61,96.32,90.49,17.48,15120,4.64,41.14,3.11,96.63,81.75,15.95,1.53
110308,1103,11,1410,73.05,80.85,65.96,47.52,1.42,14.18,0.0,48.23,100.0,85.82,48.94,39.01,0.0,100.0,96.45,12.77,7540,5.35,43.24,1.46,97.43,80.0,5.67,1.42
110309,1103,11,2190,83.56,85.84,66.67,55.25,0.0,18.72,1.83,33.79,99.09,82.19,54.34,33.79,0.0,94.98,86.3,24.2,9620,4.39,42.83,2.81,95.64,82.61,21.46,2.74
110310,1103,11,2480,93.95,86.69,86.29,50.4,0.0,27.82,2.02,23.39,100.0,85.89,34.68,22.98,0.0,97.98,83.06,8.47,10940,4.41,42.05,1.55,85.96,74.42,14.11,13.71
110311,1103,11,5830,65.01,61.92,42.54,73.76,1.2,11.66,1.72,36.54,99.83,84.56,70.84,54.72,2.92,87.99,82.5,10.46,26130,4.48,39.38,3.6,98.23,90.2,16.12,3.09
110312,1103,11,4730,86.68,78.01,64.69,70.61,0.42,24.74,2.96,31.5,99.79,74.42,42.49,37.84,1.27,90.49,82.66,25.58,20220,4.27,38.48,2.18,95.74,75.33,16.7,5.29
110313,1103,11,560,83.93,75.0,46.43,100.0,0.0,7.14,0.0,41.07,100.0,80.36,55.36,51.79,0.0,92.86,89.29,17.86,2260,4.04,35.4,4.87,96.58,74.58,19.64,3.57
110314,1103,11,3080,76.95,83.77,79.55,5.19,0.0,36.69,0.32,17.21,100.0,86.69,22.4,15.58,0.32,99.03,81.82,29.55,13530,4.39,43.68,2.51,91.21,65.4,19.16,7.14
110315,1103,11,2440,74.59,67.21,42.21,74.18,0.0,13.52,8.2,52.87,99.59,85.25,65.16,51.23,0.41,98.77,93.85,4.1,12150,4.98,39.92,2.47,98.49,82.39,7.38,2.05
110316,1103,11,3460,52.31,56.94,30.64,65.32,0.0,14.74,0.58,47.4,100.0,86.13,60.98,55.78,0.87,92.2,86.99,14.16,15570,4.5,39.37,3.4,97.14,82.37,13.87,0.87
110317,1103,11,1130,94.69,84.96,84.96,39.82,0.0,61.06,0.0,15.04,99.12,76.99,27.43,16.81,0.0,100.0,82.3,30.09,5470,4.84,45.89,2.01,95.95,72.26,10.62,1.77
110318,1103,11,1110,76.58,42.34,37.84,56.76,0.0,9.91,0.0,29.73,99.1,81.08,57.66,39.64,0.0,94.59,84.68,20.72,4670,4.21,45.18,5.14,96.88,82.64,21.62,3.6
110319,1103,11,1470,74.15,78.91,55.78,67.35,0.0,11.56,0.0,44.9,100.0,81.63,36.05,32.65,0.0,99.32,93.88,11.56,7390,5.03,49.26,1.76,93.33,76.84,11.56,6.12
110401,1104,11,2360,77.12,80.51,77.12,54.24,0.0,11.86,0.0,33.47,98.73,81.78,69.07,41.53,0.85,97.03,90.68,34.75,10220,4.33,39.82,2.45,96.42,77.82,12.71,3.39
110402,1104,11,1330,95.49,89.47,91.73,35.34,0.0,27.07,0.75,18.05,100.0,82.71,49.62,17.29,0.0,97.74,91.73,32.33,6740,5.07,48.81,1.04,90.72,72.68,13.53,9.02
110403,1104,11,6740,57.27,55.19,52.82,69.14,0.59,6.68,2.23,32.49,99.7,66.17,68.1,53.86,4.9,74.33,74.48,16.17,27050,4.01,40.48,2.22,93.91,85.74,21.07,5.79
110404,1104,11,1690,81.66,79.88,91.72,6.51,0.0,33.14,0.59,15.38,100.0,88.76,42.6,17.75,1.18,100.0,95.86,32.54,8180,4.84,45.11,0.98,81.74,71.27,11.83,16.57
110405,1104,11,2070,93.24,91.3,90.82,67.15,0.0,16.91,3.38,20.29,99.52,78.26,57.49,39.61,0.97,90.82,86.47,47.34,9070,4.38,43.66,1.87,91.19,86.84,15.94,5.8
110406,1104,11,2830,87.63,93.29,98.94,21.55,0.0,55.83,2.12,10.95,99.65,87.28,30.74,22.26,0.0,98.59,84.1,24.38,13820,4.88,49.35,1.66,72.43,52.47,17.67,22.97
110407,1104,11,4820,91.08,80.08,72.41,67.22,0.0,3.94,8.09,37.55,99.17,81.95,85.68,50.83,1.24,92.95,89.0,37.55,19560,4.06,38.19,2.71,98.18,83.66,16.39,2.28
110408,1104,11,3770,90.98,86.74,92.84,58.36,0.0,13.79,1.59,15.92,99.73,79.31,35.28,26.26,1.33,96.29,84.35,25.73,17670,4.69,47.54,1.47,88.67,66.47,11.67,15.38
110409,1104,11,3680,83.42,82.88,82.34,49.18,0.0,5.43,6.25,29.08,98.64,87.5,84.51,44.84,1.9,95.92,91.58,40.22,15510,4.21,36.49,3.29,96.35,86.61,14.95,3.8
110410,1104,11,2420,93.8,92.98,92.56,40.5,0.0,22.31,3.31,15.7,98.76,81.82,59.09,30.58,0.41,97.52,89.67,33.88,11620,4.8,43.63,2.84,86.56,78.93,11.16,9.09
110411,1104,11,3850,95.06,91.95,91.17,30.39,0.0,8.05,5.97,17.66,99.74,89.09,79.22,34.55,0.52,99.48,93.51,48.31,16930,4.4,39.57,2.95,92.38,81.61,14.29,8.05
110412,1104,11,1720,95.93,82.56,82.56,86.05,0.0,9.3,1.74,24.42,99.42,70.93,51.74,25.0,2.33,99.42,90.12,37.21,7500,4.36,41.87,2.27,91.97,75.46,12.21,7.56
110413,1104,11,1970,90.86,85.79,89.34,38.58,0.0,20.81,0.0,16.24,98.98,75.13,26.4,25.89,0.0,95.43,90.36,47.72,9760,4.95,49.28,1.33,93.74,74.91,13.71,5.08
110414,1104,11,930,94.62,91.4,97.85,76.34,0.0,40.86,2.15,13.98,100.0,86.02,56.99,7.53,0.0,100.0,93.55,19.35,3900,4.19,43.59,2.56,86.36,53.49,12.9,12.9
110415,1104,11,1500,89.33,92.0,95.33,11.33,0.0,38.67,7.33,17.33,100.0,89.33,44.67,28.0,0.0,98.67,92.67,42.67,7650,5.1,47.32,1.18,89.83,75.71,9.33,10.0
110501,1105,11,5790,13.47,6.91,8.46,92.23,15.2,0.52,14.51,68.05,87.05,55.96,77.89,83.42,23.32,45.77,49.05,4.32,21680,3.74,31.69,2.95,98.18,93.0,20.55,3.28
110502,1105,11,1480,73.65,27.7,28.38,70.27,0.0,1.35,2.03,37.84,99.32,85.14,87.16,60.14,2.7,89.19,87.84,8.78,6270,4.24,37.32,3.03,93.13,85.71,14.86,4.73
110503,1105,11,2390,61.92,54.39,38.91,50.21,0.42,1.67,2.09,49.37,99.58,78.66,89.96,58.16,4.18,92.47,89.12,7.53,9770,4.09,35.93,5.12,96.33,87.67,17.99,5.02
110504,1105,11,1360,90.44,74.26,47.79,49.26,0.0,11.03,2.21,4.41,100.0,81.62,75.74,36.76,0.0,94.12,85.29,14.71,6100,4.49,42.13,2.79,91.22,82.61,16.18,5.88
110505,1105,11,9370,10.89,0.43,4.59,99.04,9.82,1.49,14.51,80.68,96.91,59.02,84.1,79.83,16.01,35.65,45.68,7.04,38270,4.08,32.92,3.21,99.1,90.78,19.96,1.07
110506,1105,11,7520,3.19,1.99,4.26,97.47,9.18,1.99,10.64,76.86,95.88,48.94,91.89,81.65,17.42,24.47,38.83,1.73,29930,3.98,32.24,3.51,97.88,92.35,18.35,2.53
110507,1105,11,7100,38.87,13.1,14.79,84.51,2.68,1.13,10.28,62.82,97.04,62.39,84.23,68.73,9.01,47.32,49.44,3.24,27460,3.87,33.18,2.88,97.49,89.94,19.44,3.8
110508,1105,11,1490,77.18,40.27,34.9,75.84,0.0,6.71,2.68,30.2,100.0,87.92,79.19,40.94,0.67,91.28,82.55,1.34,6160,4.13,36.36,3.08,95.15,79.17,20.81,3.36
110509,1105,11,4790,23.8,3.97,7.72,91.23,0.63,0.0,2.3,70.77,99.79,58.04,82.25,68.48,9.19,41.54,56.58,1.04,18960,3.96,34.65,3.38,96.29,87.63,19.21,1.67
110510,1105,11,13690,15.85,3.8,8.4,96.93,7.45,0.44,12.2,76.04,95.84,59.68,87.29,75.38,13.37,31.04,44.05,2.19,55470,4.05,33.21,2.83,98.38,87.6,19.21,1.9
110511,1105,11,14710,12.1,0.82,4.08,97.48,14.48,0.68,17.06,77.57,93.88,43.24,80.35,86.61,22.03,28.96,37.87,2.92,59460,4.04,32.48,2.51,98.58,91.91,20.6,1.63
110512,1105,11,11060,3.89,0.45,3.8,96.56,21.16,0.63,15.91,87.52,95.48,50.36,86.62,83.54,24.14,20.61,29.84,3.35,43600,3.94,29.52,3.58,99.02,90.93,21.61,1.54
110513,1105,11,2700,72.96,50.37,39.63,62.96,0.0,0.74,2.59,31.85,100.0,88.52,78.52,46.3,0.37,96.67,91.85,14.81,10980,4.07,35.06,4.28,96.07,85.78,13.33,2.96
110514,1105,11,2570,16.73,6.23,5.06,98.05,0.0,1.56,6.61,59.14,98.44,82.88,81.32,68.48,10.51,49.42,66.15,12.06,10020,3.9,30.34,3.89,97.99,91.84,23.35,1.95
110515,1105,11,10590,4.63,0.47,4.72,99.15,9.07,0.38,9.63,88.39,97.17,41.45,80.17,82.72,18.04,17.47,30.78,2.74,41360,3.91,32.35,2.47,98.89,90.92,22.85,1.42
110516,1105,11,5970,1.01,0.34,6.53,100.0,5.7,4.02,6.53,84.25,98.16,37.69,81.57,81.74,14.07,22.61,31.49,3.85,24030,4.03,33.33,1.62,97.13,84.71,17.76,1.01
110517,1105,11,2620,49.24,46.95,37.02,51.53,0.0,1.53,0.76,42.75,99.62,83.59,77.1,48.85,1.15,95.8,91.98,14.12,11250,4.29,36.89,3.38,98.03,86.72,19.85,2.67
110518,1105,11,12560,1.11,0.32,5.18,99.76,8.92,2.47,8.92,86.23,97.53,41.72,85.75,84.79,19.19,16.08,25.88,1.19,51220,4.08,32.88,2.62,98.11,91.03,20.78,1.67
110519,1105,11,5410,30.68,18.48,12.2,88.35,3.14,0.55,13.49,59.89,95.93,63.77,81.52,70.98,15.16,51.57,54.53,2.03,22070,4.08,31.49,3.53,99.4,85.24,16.64,1.29
110520,1105,11,6000,38.67,13.17,14.0,91.5,2.17,0.5,7.33,63.67,98.83,77.33,89.33,67.83,8.83,65.33,66.67,5.83,24230,4.04,33.92,2.97,97.5,88.26,20.0,1.67
110521,1105,11,2480,1.61,2.42,8.87,86.29,4.84,4.44,5.24,65.32,98.79,65.73,89.11,66.13,6.85,40.32,57.66,6.85,10610,4.28,34.78,2.83,95.81,90.72,12.5,4.44
110522,1105,11,4530,19.87,2.87,5.3,99.34,14.79,1.55,15.01,83.0,91.39,67.55,81.24,81.46,21.41,43.05,49.23,8.61,18490,4.08,30.18,4.16,99.15,89.71,18.1,2.43
110523,1105,11,2940,46.94,15.31,15.31,82.65,0.68,1.36,3.4,53.4,98.3,71.43,79.93,61.56,8.5,64.97,72.45,2.04,11510,3.91,34.4,4.26,96.82,93.43,17.69,4.08
110524,1105,11,4140,11.35,1.21,7.0,95.17,2.9,0.24,6.28,74.64,97.1,57.25,85.02,76.09,11.35,38.89,51.45,5.07,16040,3.87,33.79,2.43,97.65,91.56,19.57,2.17
110525,1105,11,13700,2.04,0.44,3.21,99.93,6.42,2.41,9.05,83.21,97.15,37.3,87.88,82.48,13.8,17.37,25.04,3.14,51870,3.79,32.79,2.04,97.73,90.82,23.21,1.53
110526,1105,11,3800,62.11,48.95,35.26,48.68,0.53,3.16,7.37,41.05,99.47,79.21,78.42,52.37,4.74,87.37,74.74,7.11,17050,4.49,39.24,2.35,96.33,86.68,19.47,1.05
110601,1106,11,14770,19.63,3.32,6.43,96.82,8.12,0.74,10.43,79.35,96.95,58.16,88.22,81.31,14.9,28.37,38.73,2.3,58910,3.99,32.07,3.28,97.88,91.67,21.19,1.96
110602,1106,11,3930,72.52,35.11,13.23,66.67,3.82,1.78,12.98,65.39,96.69,70.99,84.22,76.84,9.67,79.13,73.54,17.3,15410,3.92,34.0,5.45,97.54,93.83,17.81,1.02
110603,1106,11,4220,47.16,18.25,11.14,78.91,5.69,0.95,12.56,73.7,94.55,63.98,88.15,74.64,15.17,55.69,56.87,9.72,16480,3.91,32.52,4.49,97.84,94.1,18.96,1.18
110604,1106,11,5330,64.35,37.9,15.38,78.8,1.31,1.69,6.75,48.78,98.12,79.36,87.05,52.53,4.13,81.8,75.98,5.25,21710,4.07,32.75,3.59,98.15,92.47,14.26,1.5
110605,1106,11,23720,21.59,5.48,4.72,89.46,5.78,0.72,9.27,75.97,97.01,52.57,89.04,80.44,15.81,24.41,29.6,2.4,93780,3.95,33.42,2.82,98.53,92.49,20.15,1.77
110606,1106,11,2010,81.09,46.27,16.42,82.59,0.0,0.0,17.91,58.71,98.51,85.07,89.05,72.14,1.99,88.06,82.59,15.92,8010,3.99,31.09,4.62,98.91,94.9,17.41,2.99
110607,1106,11,24880,18.41,5.02,3.38,92.2,10.65,0.96,12.22,86.05,95.1,51.45,88.75,86.5,19.29,28.9,37.66,2.73,96460,3.88,30.27,3.29,98.66,94.49,18.53,0.96
110608,1106,11,3610,78.12,74.24,54.02,22.99,0.28,1.39,0.28,29.64,98.89,90.86,85.04,46.54,0.28,98.61,94.74,20.5,14970,4.15,37.61,4.88,97.32,84.29,18.84,9.42
110609,1106,11,1690,76.33,57.4,13.02,80.47,0.59,0.59,3.55,52.07,99.41,76.33,86.39,63.91,2.96,85.21,75.74,17.75,6730,3.98,38.34,6.24,98.31,88.59,21.3,2.96
110610,1106,11,1540,55.19,32.47,12.99,73.38,5.19,1.3,9.74,61.69,97.4,66.23,84.42,69.48,7.79,66.23,72.08,5.19,6180,4.01,33.33,3.72,99.51,79.31,19.48,2.6
110611,1106,11,3410,79.18,57.18,27.86,68.33,0.59,2.35,5.57,42.23,99.41,78.3,78.59,47.21,2.05,90.91,81.23,9.09,13970,4.1,36.36,3.94,96.85,85.81,14.08,3.81
110612,1106,11,14340,9.07,4.67,4.81,96.37,6.14,0.63,8.09,85.01,97.98,49.79,89.96,84.66,17.43,29.43,37.73,2.3,56880,3.97,30.31,3.97,99.04,91.84,17.57,0.42
110613,1106,11,4350,76.09,49.89,22.53,84.37,0.46,0.46,5.98,63.68,99.54,69.89,88.51,64.14,4.37,81.61,77.24,11.03,17470,4.02,36.35,3.32,97.3,90.96,17.7,0.92
110614,1106,11,720,77.78,55.56,15.28,80.56,0.0,0.0,1.39,48.61,98.61,86.11,83.33,61.11,0.0,98.61,86.11,41.67,2770,3.85,37.18,6.5,97.7,97.18,13.89,1.39
110615,1106,11,3800,40.79,7.11,8.42,96.84,8.42,0.0,12.89,78.16,94.74,62.63,90.0,88.42,19.74,47.89,53.68,3.68,15290,4.02,30.09,3.66,98.5,94.22,18.42,1.32
110616,1106,11,2050,72.2,51.71,16.1,84.39,0.98,1.46,8.78,62.44,99.02,79.51,87.8,71.22,6.83,86.34,82.93,7.32,8110,3.96,32.18,4.19,98.55,91.61,15.61,1.95
110701,1107,11,56550,1.8,0.5,10.45,99.95,23.43,8.91,18.53,87.55,93.6,43.89,81.1,81.33,25.75,15.65,17.45,1.22,227320,4.02,30.45,3.22,97.43,87.52,25.8,2.37
110801,1108,11,52360,4.2,0.38,3.69,99.39,19.35,0.65,19.73,92.53,85.29,45.15,83.02,90.51,36.23,12.51,18.05,1.18,192350,3.67,26.91,3.33,98.83,92.8,26.03,1.13
110901,1109,11,31780,2.27,0.69,5.13,99.78,33.67,8.5,26.31,92.95,87.67,48.08,89.02,88.89,36.56,16.46,14.41,1.35,124420,3.92,27.02,4.23,98.73,89.72,24.89,1.01
111001,1110,11,70670,1.37,0.38,6.93,99.67,9.2,2.12,8.43,86.16,96.58,42.05,80.2,80.52,18.31,16.71,24.75,2.58,286100,4.05,32.83,2.45,97.49,87.22,21.04,2.26
111101,1111,11,77560,5.21,0.39,3.57,98.56,17.42,2.11,16.4,91.13,92.24,45.78,84.35,88.58,28.16,18.51,20.51,1.64,302090,3.89,29.09,3.26,98.66,91.82,22.76,1.06
111201,1112,11,34970,4.35,0.6,6.35,97.54,9.41,1.34,8.84,87.99,96.2,48.1,86.76,80.13,20.42,23.79,25.79,3.8,136980,3.92,30.07,2.98,98.59,92.07,20.45,1.09
111301,1113,11,4140,64.98,36.71,29.23,81.16,0.0,0.0,2.42,53.14,99.52,77.54,85.02,55.31,2.9,96.14,87.44,15.46,16670,4.03,35.03,5.52,98.25,92.27,16.91,2.42
111302,1113,11,2620,81.3,47.71,14.12,69.08,4.96,0.76,2.67,60.31,98.09,69.47,90.84,68.32,10.69,87.4,84.35,17.18,10380,3.96,31.5,5.39,97.47,89.95,19.08,2.67
111303,1113,11,1740,74.71,43.1,37.93,16.09,0.57,1.15,1.72,42.53,99.43,83.33,77.59,47.13,0.57,95.4,83.91,31.03,7360,4.23,39.13,3.53,94.2,72.73,18.39,4.02
111304,1113,11,1610,65.84,43.48,40.37,72.67,1.86,1.86,0.62,53.42,99.38,72.67,88.82,55.9,1.24,98.14,86.96,16.15,6370,3.96,34.22,5.65,99.05,90.91,19.88,1.86
111305,1113,11,1640,47.56,34.15,15.85,93.9,0.0,0.0,12.8,44.51,100.0,62.2,82.32,62.2,1.22,96.95,92.68,10.98,6450,3.93,38.29,7.13,99.5,97.45,23.78,1.83
111306,1113,11,830,83.13,65.06,37.35,86.75,0.0,0.0,0.0,48.19,100.0,83.13,71.08,55.42,0.0,92.77,87.95,18.07,3380,4.07,41.12,6.21,98.49,89.16,26.51,2.41
111307,1113,11,1270,87.4,16.54,8.66,83.46,1.57,0.0,0.79,57.48,100.0,62.99,81.1,61.42,5.51,99.21,90.55,20.47,5010,3.94,34.73,7.19,99.39,91.07,25.98,0.79
111308,1113,11,2130,73.24,35.21,26.76,44.13,0.94,0.94,0.47,47.42,100.0,82.63,82.16,57.28,1.88,99.06,92.96,12.68,8590,4.03,38.3,5.94,96.04,85.22,22.54,3.29
111309,1113,11,3370,85.46,73.89,38.87,49.85,0.0,7.42,1.48,41.84,99.7,87.83,70.03,40.95,0.0,97.33,89.61,12.17,14080,4.18,37.64,4.47,98.06,85.29,15.13,1.19
111310,1113,11,730,45.21,26.03,13.7,98.63,0.0,1.37,0.0,69.86,98.63,58.9,79.45,79.45,1.37,84.93,72.6,9.59,2780,3.81,34.17,3.96,98.36,96.08,19.18,1.37
111311,1113,11,1720,63.95,51.74,31.98,81.98,0.0,0.0,4.65,38.95,100.0,74.42,87.79,55.81,1.74,97.09,90.7,20.35,7410,4.31,38.33,4.45,97.81,93.83,13.37,1.16
111312,1113,11,1100,88.18,77.27,45.45,49.09,0.0,0.91,13.64,33.64,99.09,83.64,79.09,53.64,0.0,94.55,91.82,0.91,4390,3.99,30.52,6.15,98.69,91.67,22.73,0.91
111313,1113,11,1880,81.91,43.62,5.32,78.72,0.53,1.06,1.6,50.53,100.0,78.19,87.23,63.83,2.66,95.21,88.83,2.13,7000,3.72,30.71,5.71,98.14,92.31,22.34,0.53
111314,1113,11,960,81.25,56.25,16.67,66.67,0.0,2.08,2.08,44.79,100.0,85.42,88.54,61.46,1.04,98.96,98.96,11.46,4050,4.22,37.78,3.95,99.6,86.81,11.46,1.04
111315,1113,11,5010,60.08,45.51,20.76,72.06,0.0,4.79,6.59,51.1,100.0,80.64,69.66,57.68,1.4,93.01,87.62,8.38,20930,4.18,40.8,4.68,97.74,88.06,23.75,1.4
111316,1113,11,850,74.12,35.29,38.82,38.82,0.0,11.76,3.53,49.41,100.0,85.88,82.35,65.88,0.0,97.65,94.12,9.41,3710,4.36,43.67,5.12,96.65,85.71,17.65,3.53
111317,1113,11,5430,77.16,24.86,9.94,53.59,0.55,0.92,8.66,57.83,98.71,73.85,84.35,61.88,5.34,82.14,78.64,15.29,21510,3.96,34.82,4.6,98.57,90.22,20.81,2.03
111318,1113,11,2640,64.02,29.55,17.8,38.26,0.38,0.76,4.92,47.73,99.62,68.94,84.09,65.15,3.03,95.08,92.8,30.3,10950,4.15,35.71,3.56,98.01,91.57,23.48,2.27
111319,1113,11,1730,65.9,52.02,27.75,46.82,0.0,7.51,1.16,38.73,99.42,90.17,78.03,53.76,0.58,98.84,95.95,12.72,7290,4.21,39.51,4.8,98.41,86.98,24.86,1.73
111320,1113,11,2570,87.94,33.46,25.29,26.46,0.0,2.33,2.33,48.25,100.0,78.99,80.54,53.7,1.17,97.28,92.61,28.4,10470,4.07,39.92,5.83,97.3,86.21,17.51,2.33
111321,1113,11,1770,81.92,53.11,13.56,90.96,0.0,0.56,12.99,45.2,98.87,77.4,81.92,67.23,3.95,91.53,85.31,27.12,7040,3.98,35.37,4.83,98.68,97.39,20.34,1.13
111322,1113,11,1030,88.35,48.54,23.3,52.43,0.0,1.94,7.77,39.81,100.0,84.47,80.58,45.63,0.97,96.12,91.26,0.97,3960,3.84,35.61,2.78,99.61,90.1,20.39,0.0
111323,1113,11,4480,94.42,87.5,55.13,82.37,0.22,13.17,2.01,44.64,99.78,88.39,64.29,43.75,0.22,97.77,90.18,14.29,19050,4.25,38.64,3.46,97.95,88.74,12.05,3.12
111324,1113,11,2050,86.34,19.51,4.88,95.12,0.0,0.98,2.93,57.07,100.0,72.68,89.76,74.15,4.39,93.17,88.29,21.46,7890,3.85,33.71,6.84,98.66,96.51,22.93,0.98
111325,1113,11,1080,87.04,43.52,43.52,37.96,0.0,3.7,5.56,61.11,100.0,77.78,56.48,47.22,0.0,96.3,89.81,21.3,4600,4.26,43.48,5.65,96.92,81.13,13.89,2.78
120101,1201,12,1330,83.46,81.95,90.23,1.5,0.0,86.47,0.0,15.04,98.5,94.74,72.18,55.64,0.0,100.0,90.98,20.3,6280,4.72,46.18,1.27,69.23,54.11,10.53,27.07
120102,1201,12,4760,82.14,84.66,93.07,9.24,0.0,44.96,7.14,16.81,97.69,94.96,56.51,38.45,0.21,98.32,91.18,15.97,22610,4.75,43.43,0.97,75.61,55.08,13.45,27.1
120103,1201,12,6090,80.79,75.7,84.89,36.12,0.66,44.99,1.81,22.99,99.01,80.95,65.85,33.66,0.99,91.46,78.65,5.91,28780,4.73,46.11,1.32,78.53,61.11,15.93,24.63
120104,1201,12,7690,84.92,78.54,79.71,63.59,0.0,24.06,3.9,31.47,99.35,87.13,73.99,39.53,0.91,96.23,89.86,24.19,37650,4.9,42.2,1.83,94.12,66.1,14.17,8.06
120105,1201,12,6830,79.65,83.46,87.41,24.01,0.0,79.8,0.0,17.72,99.71,87.26,40.41,39.09,0.29,97.8,85.65,8.93,31150,4.56,45.78,1.8,66.61,44.66,14.93,28.7
120106,1201,12,2210,91.4,91.4,92.31,26.24,0.0,95.48,2.26,24.89,100.0,95.48,33.48,60.63,0.0,99.55,92.76,55.2,9450,4.28,40.74,2.01,56.61,33.96,14.03,41.18
120107,1201,12,2510,92.43,92.83,89.24,20.72,0.0,31.08,4.38,18.33,99.2,90.44,84.86,28.69,0.4,99.2,94.82,32.67,11490,4.58,39.95,1.13,85.8,71.21,13.94,16.73
120108,1201,12,3180,73.27,77.99,72.33,33.33,0.0,53.77,0.63,39.62,100.0,80.5,57.23,49.06,0.94,96.54,74.21,10.06,14840,4.67,50.4,1.15,75.54,57.39,12.89,21.7
120109,1201,12,2320,84.05,84.05,80.17,72.84,0.0,26.72,0.43,30.6,99.14,84.91,70.26,28.45,1.29,90.95,84.48,18.53,10650,4.59,42.91,1.97,86.35,61.07,10.78,16.81
120110,1201,12,2540,82.28,79.92,88.19,35.04,0.39,28.35,0.79,25.2,99.21,83.86,61.42,33.07,0.79,97.64,85.04,35.83,12700,5.0,47.32,1.42,85.95,67.54,11.81,14.57
120201,1202,12,7190,77.19,76.08,74.27,48.4,0.0,19.61,3.34,33.1,98.89,77.05,70.24,40.75,0.56,93.32,82.61,21.7,31320,4.36,44.35,1.82,93.51,74.82,16.97,9.04
120202,1202,12,3190,69.59,78.37,60.19,78.06,0.0,4.08,0.31,43.57,99.37,81.5,66.77,43.57,0.94,94.67,79.62,27.27,14020,4.39,46.08,1.93,91.53,75.91,17.24,11.6
120203,1202,12,3660,76.23,77.87,75.96,81.15,0.0,5.19,0.55,25.68,99.45,80.87,75.68,48.63,0.27,98.91,87.98,37.16,15620,4.27,41.87,1.79,87.78,73.7,14.21,12.84
120204,1202,12,12370,60.15,58.45,52.63,54.08,0.65,10.11,2.99,40.1,99.51,75.99,72.59,49.72,1.54,81.97,78.66,11.08,53540,4.33,41.61,2.02,91.78,74.46,18.03,9.62
120205,1202,12,3810,76.38,79.79,75.07,64.04,0.0,13.39,3.67,41.21,99.74,79.79,73.23,38.58,0.0,97.64,83.99,12.34,18500,4.86,46.86,1.51,87.59,71.04,12.6,11.02
120206,1202,12,3160,67.41,71.84,69.62,72.78,0.0,13.29,14.24,42.72,100.0,87.03,75.63,38.61,0.32,98.73,90.19,30.7,15380,4.87,44.6,1.56,89.32,65.78,9.81,12.03
120207,1202,12,5630,56.84,59.68,67.5,41.56,0.71,49.38,0.89,31.79,99.47,79.57,63.23,46.18,1.07,96.63,81.17,21.14,24180,4.29,43.88,1.53,80.1,66.02,20.07,19.01
120208,1202,12,8290,77.32,77.32,73.94,56.82,0.0,31.97,1.21,37.27,98.91,80.58,70.93,41.74,0.72,97.1,79.49,25.57,37630,4.54,46.88,1.57,79.49,61.51,16.53,23.4
120209,1202,12,5450,90.28,82.75,75.41,80.18,0.0,9.54,0.0,42.94,99.82,83.12,73.94,37.25,0.0,97.43,82.57,42.02,24260,4.45,41.22,2.06,90.18,76.5,12.11,11.01
120210,1202,12,5070,79.49,79.88,74.16,29.19,0.0,59.76,0.59,32.15,99.41,86.19,82.84,60.75,0.59,95.27,86.79,5.33,21230,4.19,41.59,1.79,83.47,57.72,14.6,16.96
120211,1202,12,7530,68.13,65.87,57.1,90.44,0.13,13.68,2.26,41.17,99.87,76.63,69.72,45.68,0.66,92.83,84.59,9.56,32230,4.28,41.73,2.2,91.59,73.47,14.48,10.36
120212,1202,12,4200,75.48,77.86,78.57,50.71,0.0,19.05,1.43,49.05,99.52,87.62,78.33,33.57,0.48,99.05,90.95,30.24,19950,4.75,47.07,1.6,92.05,71.51,10.95,11.67
120213,1202,12,2720,83.09,86.03,81.99,88.97,0.0,14.71,0.74,25.37,98.9,83.82,84.19,47.06,0.0,93.75,91.91,26.1,11700,4.3,46.32,1.71,82.78,74.16,18.75,16.91
120214,1202,12,4660,81.76,76.39,76.18,58.58,0.0,30.69,1.72,31.76,99.57,78.54,66.31,36.05,0.21,98.28,82.62,37.55,21590,4.63,43.68,1.57,84.62,67.08,13.95,13.73
120215,1202,12,2510,73.31,74.9,76.1,85.26,0.0,24.7,3.19,44.22,99.2,86.06,71.71,45.02,0.4,97.61,80.48,17.93,11100,4.42,44.32,1.98,86.41,72.26,13.55,12.75
120216,1202,12,5290,75.8,81.29,75.43,77.32,0.19,9.07,3.21,36.29,99.05,79.4,61.25,35.92,0.19,96.6,79.02,13.8,24310,4.6,46.03,1.89,86.13,69.09,17.39,13.99
120217,1202,12,11020,78.13,80.22,73.87,53.09,0.0,42.29,3.72,23.32,99.0,82.4,74.32,42.56,0.09,97.64,87.48,31.22,47770,4.33,42.52,2.07,82.27,63.19,14.7,21.69
120218,1202,12,11400,14.47,11.58,9.65,97.46,6.49,3.07,10.26,76.84,98.77,38.25,78.07,76.05,9.56,44.56,35.88,1.67,43340,3.8,35.03,2.35,95.53,89.55,22.28,5.79
120219,1202,12,1550,63.23,65.16,67.74,47.74,0.0,29.68,9.68,50.97,100.0,79.35,74.19,42.58,0.0,98.71,82.58,50.32,6920,4.46,43.06,1.3,90.36,64.88,13.55,12.26
120220,1202,12,2350,76.6,74.89,68.94,88.51,0.0,8.51,0.43,51.91,100.0,82.55,74.89,40.85,0.0,97.87,92.77,35.32,11800,5.02,44.92,1.61,90.15,73.26,15.32,12.77
130101,1301,13,730,87.67,78.08,83.56,4.11,0.0,12.33,13.7,1.37,100.0,91.78,76.71,4.11,0.0,98.63,97.26,72.6,2990,4.1,48.49,4.35,91.56,76.47,15.07,4.11
130102,1301,13,2110,81.52,82.94,77.25,44.55,0.0,4.27,0.0,18.01,100.0,80.57,71.56,18.48,0.47,99.05,93.84,15.17,9190,4.36,36.89,2.29,91.9,78.45,14.69,3.79
130103,1301,13,4590,54.68,39.43,33.33,94.34,0.87,1.96,3.05,43.14,98.26,79.74,81.26,55.56,5.23,84.1,80.17,8.5,19630,4.28,37.39,3.36,94.3,84.93,14.81,5.45
130104,1301,13,4430,93.45,63.66,79.68,51.47,0.0,11.51,4.74,10.84,99.55,83.52,62.53,16.03,0.68,95.03,88.04,53.95,18920,4.27,42.44,2.85,84.02,72.18,20.09,8.13
130105,1301,13,6260,78.91,65.65,70.45,50.96,0.0,11.02,1.44,13.9,99.2,89.78,77.64,29.07,0.48,97.92,93.29,10.54,27590,4.41,39.76,3.52,90.01,78.43,12.94,10.54
130106,1301,13,2010,92.04,88.06,81.59,54.23,0.0,12.94,5.47,18.41,100.0,85.57,81.09,25.37,0.0,99.0,95.02,16.92,8330,4.14,36.49,2.88,92.82,81.07,13.43,5.47
130107,1301,13,2760,92.75,65.22,81.88,47.1,0.0,34.06,3.62,13.77,100.0,87.68,64.86,30.8,0.36,98.91,93.12,23.55,13540,4.91,44.53,2.58,86.55,74.62,10.51,9.78
130108,1301,13,4030,79.9,71.96,68.24,61.79,0.0,5.21,4.71,18.11,99.5,86.85,79.9,27.3,0.25,99.01,93.8,23.82,16770,4.16,37.39,3.58,94.67,77.04,14.14,2.48
130109,1301,13,3600,92.22,63.61,72.78,51.67,0.0,0.83,4.72,14.44,100.0,93.06,78.61,31.11,0.83,97.5,94.72,54.17,16850,4.68,41.78,3.62,96.13,68.56,20.0,4.72
130110,1301,13,1980,87.37,90.91,80.3,35.35,0.0,27.27,3.03,7.07,98.99,93.43,66.67,30.81,0.0,98.99,96.97,64.65,8780,4.43,41.69,3.99,81.25,67.4,16.67,19.19
130111,1301,13,1370,85.4,77.37,61.31,70.8,1.46,0.73,0.0,27.74,100.0,89.78,87.59,53.28,1.46,98.54,95.62,13.87,5700,4.16,35.61,4.56,95.37,88.55,13.14,8.76
130112,1301,13,1170,89.74,64.1,71.79,35.04,0.0,2.56,9.4,40.17,100.0,90.6,76.92,47.86,0.85,100.0,96.58,74.36,4770,4.08,40.04,3.98,86.36,66.94,20.51,11.97
130113,1301,13,7430,27.73,16.15,18.57,94.48,2.42,0.67,4.98,66.76,98.79,55.32,83.04,70.39,9.69,64.06,56.39,3.9,28310,3.81,35.11,3.89,94.72,91.3,21.67,4.17
130114,1301,13,3730,81.23,71.05,63.27,78.55,0.27,2.14,0.8,18.23,99.2,86.06,83.38,41.02,0.54,97.86,88.47,28.95,16370,4.39,39.89,3.18,94.21,71.67,20.11,3.22
130115,1301,13,16220,49.69,31.69,35.88,82.61,0.99,2.9,2.71,38.66,99.51,63.44,82.06,58.57,4.44,74.72,75.22,6.47,68680,4.23,38.06,3.19,96.05,80.9,18.37,4.32
130116,1301,13,1000,93.0,91.0,90.0,15.0,0.0,3.0,2.0,2.0,99.0,91.0,72.0,22.0,0.0,99.0,95.0,57.0,4790,4.79,44.47,3.97,79.7,71.2,12.0,8.0
130117,1301,13,3120,66.03,55.77,51.92,53.21,0.0,6.09,1.28,27.56,100.0,81.41,75.96,56.41,1.28,92.63,87.5,52.56,12260,3.93,38.42,5.06,90.6,76.43,22.44,10.58
130118,1301,13,620,91.94,79.03,67.74,48.39,0.0,1.61,0.0,9.68,100.0,95.16,74.19,41.94,0.0,100.0,96.77,41.94,2640,4.26,42.8,4.92,91.39,81.82,12.9,6.45
130119,1301,13,3040,94.41,70.07,90.46,21.38,0.0,40.79,2.3,4.28,100.0,90.79,61.51,22.7,0.0,99.01,95.39,36.51,14560,4.79,44.37,1.85,78.02,58.29,11.18,13.82
130120,1301,13,4650,88.82,78.49,79.78,34.19,0.0,21.94,1.72,3.01,99.35,93.33,71.18,26.24,0.0,98.92,96.56,33.12,21130,4.54,42.45,3.83,87.42,70.33,17.2,7.74
130121,1301,13,2540,83.86,67.72,76.77,89.76,0.79,1.97,0.0,12.2,99.21,93.31,79.53,29.13,0.39,96.46,91.73,66.14,9960,3.92,38.55,4.42,92.16,83.02,18.9,3.15
130122,1301,13,2980,81.21,71.81,55.03,74.83,0.67,6.71,9.06,22.82,98.99,85.91,85.57,43.62,0.67,97.99,86.24,8.05,11890,3.99,37.51,3.45,96.9,80.5,16.44,4.36
130123,1301,13,1670,94.61,92.81,92.22,11.98,0.0,5.99,0.0,8.98,100.0,88.02,71.26,26.35,0.0,98.2,88.02,16.17,7190,4.31,38.25,3.76,83.56,77.71,14.97,8.38
130201,1302,13,3770,78.51,82.49,81.17,49.87,0.0,36.07,2.65,23.87,99.73,95.49,69.5,33.95,0.0,99.47,86.74,53.32,17450,4.63,44.01,2.01,84.24,57.52,15.65,15.92
130202,1302,13,4660,77.68,71.03,71.03,54.08,0.0,7.73,2.58,23.39,99.36,82.4,77.25,33.26,1.07,96.35,87.12,41.2,20770,4.46,40.64,2.89,90.43,84.15,11.8,7.73
130203,1302,13,13630,60.23,62.8,54.81,70.36,0.81,7.85,1.25,36.68,99.63,75.86,74.61,47.1,2.71,87.67,80.26,8.29,58680,4.31,39.4,2.4,86.05,76.89,18.12,13.57
130204,1302,13,6330,81.04,81.52,89.57,45.5,0.0,26.54,7.42,12.8,99.68,88.63,64.93,22.91,0.79,99.05,86.73,17.69,29390,4.64,41.99,2.04,79.77,64.67,15.64,13.59
130205,1302,13,3900,58.72,72.05,72.31,86.67,0.0,5.9,0.0,23.59,99.49,78.21,71.03,44.1,0.51,95.64,91.28,4.87,17980,4.61,43.21,1.78,88.93,74.32,15.64,10.0
130206,1302,13,3640,85.44,80.49,86.26,39.29,0.0,2.2,4.95,18.13,99.45,87.91,66.76,15.38,0.55,98.9,89.01,24.45,17600,4.84,43.3,2.61,86.57,71.16,15.93,14.01
130207,1302,13,5850,68.72,64.62,58.63,56.92,0.0,15.21,0.85,21.71,99.66,81.88,72.31,32.65,1.03,96.41,85.81,42.39,26950,4.61,41.48,2.63,84.59,70.11,14.87,11.28
130208,1302,13,5700,81.4,67.89,70.53,34.91,0.0,2.11,3.51,28.25,100.0,88.42,82.11,34.04,0.53,95.96,89.82,75.44,24080,4.22,40.41,2.99,95.12,70.23,14.21,4.56
130209,1302,13,3400,30.29,20.88,18.82,86.47,7.06,2.06,2.06,66.47,97.65,47.65,79.71,75.59,12.06,53.82,47.65,5.59,12430,3.66,32.82,3.86,97.25,80.72,27.94,0.88
130210,1302,13,3530,72.24,80.45,72.8,67.42,0.0,1.7,14.16,24.65,99.43,92.63,86.97,47.31,0.0,98.87,94.62,21.53,16500,4.67,41.09,2.79,94.14,80.6,13.88,4.53
130211,1302,13,3270,59.33,64.22,63.61,76.15,0.31,2.75,0.61,32.42,99.08,76.15,72.78,37.0,0.61,99.08,89.6,13.46,14750,4.51,42.03,1.76,89.01,83.78,15.29,10.09
130212,1302,13,2710,77.86,70.11,72.32,66.42,0.0,8.12,0.37,23.99,99.26,84.87,80.44,45.39,0.74,99.26,90.41,50.18,11660,4.3,38.25,3.77,96.11,77.15,16.61,1.85
130213,1302,13,2940,88.78,85.37,87.41,37.76,0.0,6.8,4.08,6.8,99.32,87.76,80.95,19.39,0.34,96.6,86.73,23.13,14580,4.96,42.46,2.47,96.19,81.45,15.99,5.78
130214,1302,13,1930,76.68,74.61,75.13,49.74,0.0,7.25,0.0,17.62,99.48,79.27,80.31,35.23,1.04,97.93,92.75,27.46,9460,4.9,42.49,2.01,95.59,81.32,19.69,5.18
130301,1303,13,3500,75.71,75.14,68.57,72.86,0.0,6.29,3.14,11.14,99.43,80.29,70.29,32.57,0.57,96.0,85.14,35.71,15830,4.52,42.7,2.46,88.09,72.56,16.57,8.29
130302,1303,13,1990,89.45,88.44,91.96,14.57,0.0,19.1,3.52,3.02,98.99,96.48,63.32,19.1,0.5,99.5,90.95,30.65,9300,4.67,44.09,1.94,71.54,63.27,14.07,11.06
130303,1303,13,2160,68.98,75.0,80.56,7.87,0.0,13.89,1.39,1.85,100.0,97.22,71.76,12.04,0.0,98.15,93.98,19.44,10300,4.77,45.83,2.43,71.68,82.38,12.04,10.19
130304,1303,13,1200,75.83,74.17,68.33,38.33,0.0,11.67,0.0,12.5,100.0,84.17,65.83,32.5,0.83,99.17,90.0,32.5,5720,4.77,46.85,1.22,87.5,79.75,13.33,4.17
130305,1303,13,3110,53.05,46.95,46.3,78.46,0.0,1.61,2.57,27.97,99.68,78.14,76.53,42.77,2.25,91.32,86.5,2.57,12810,4.12,38.64,2.26,91.48,84.5,20.26,8.68
130306,1303,13,4840,66.74,47.52,44.63,72.11,0.41,1.45,7.02,30.58,98.97,74.79,75.83,47.52,2.89,87.6,76.03,27.07,20180,4.17,38.21,3.22,91.02,82.7,17.98,4.96
130307,1303,13,2770,81.59,71.12,72.56,32.13,0.0,9.03,2.17,3.61,100.0,85.2,72.56,26.71,0.72,96.39,81.95,11.91,11630,4.2,40.84,2.75,80.23,72.6,14.44,11.55
130308,1303,13,5060,81.42,81.03,76.28,38.34,0.0,32.02,0.2,6.13,99.8,84.98,62.65,28.26,0.0,95.45,85.18,56.32,23180,4.58,43.01,1.51,80.7,66.25,12.65,13.44
130309,1303,13,2770,80.51,81.23,82.67,40.07,0.0,20.58,0.0,5.78,98.92,85.2,64.62,20.58,0.72,99.28,83.03,14.44,13240,4.78,45.24,2.04,80.14,71.77,13.72,18.41
130310,1303,13,1930,87.56,84.97,77.2,21.76,0.0,30.57,0.0,8.29,100.0,84.97,59.07,22.28,0.0,97.93,83.94,11.4,9710,5.03,46.76,2.06,82.59,71.83,15.54,13.47
130311,1303,13,4770,70.86,75.47,74.21,64.36,0.0,7.55,9.22,22.22,99.79,86.37,76.52,29.56,0.21,97.69,90.78,24.53,21420,4.49,40.62,2.43,86.56,76.29,14.88,10.9
130312,1303,13,5170,82.79,81.24,77.95,33.66,0.19,8.51,0.39,12.96,99.42,84.53,63.83,25.73,0.58,98.45,82.79,12.57,23640,4.57,44.46,2.03,80.5,73.6,15.86,13.54
130313,1303,13,1250,68.8,77.6,72.0,31.2,0.0,15.2,0.0,8.8,99.2,83.2,64.0,26.4,0.8,99.2,93.6,27.2,5720,4.58,43.18,1.22,90.77,82.58,12.0,12.8
130314,1303,13,10720,57.56,48.04,45.52,62.03,1.87,2.33,3.73,33.4,99.63,69.12,69.78,47.76,4.38,76.87,73.79,13.06,41870,3.91,37.54,2.65,87.53,83.28,20.52,8.21
130315,1303,13,4780,85.15,86.19,81.59,62.76,0.0,20.08,1.26,14.02,99.37,81.38,59.21,28.24,0.42,98.33,83.89,50.0,22150,4.63,44.92,2.35,74.1,65.77,14.23,16.32
130316,1303,13,1960,80.1,77.55,70.92,48.98,1.02,0.0,1.02,10.2,99.49,91.84,76.53,30.61,0.51,98.98,92.35,10.2,8640,4.41,41.2,3.01,94.29,83.07,10.71,4.59
140101,1401,14,8610,24.27,16.14,11.27,85.02,8.25,1.28,8.59,69.69,98.61,62.25,80.84,72.59,11.61,69.69,67.71,8.59,33560,3.9,34.89,3.52,95.7,87.46,16.96,3.83
140102,1401,14,3640,53.02,73.08,63.46,74.18,0.0,22.53,1.37,6.87,100.0,87.91,61.26,43.68,0.0,99.73,95.6,45.6,17560,4.82,44.7,2.68,84.76,74.49,15.66,14.84
140103,1401,14,2700,60.37,78.15,72.59,75.19,0.0,41.85,0.0,27.41,99.63,90.0,63.33,51.11,0.0,98.89,89.63,54.07,13310,4.93,47.26,2.7,85.19,65.55,20.0,13.7
140104,1401,14,4450,58.88,67.19,42.92,81.12,0.0,11.01,2.02,16.85,99.33,84.72,75.28,47.64,0.67,97.98,90.34,8.99,19980,4.49,43.04,3.45,92.27,83.24,25.17,10.11
140105,1401,14,3500,78.29,86.86,64.0,33.14,0.0,29.71,2.57,7.71,98.29,92.29,57.14,19.14,0.29,100.0,94.29,41.14,17190,4.91,44.1,2.97,89.59,65.08,12.0,14.0
140106,1401,14,890,79.78,84.27,51.69,66.29,0.0,3.37,0.0,16.85,98.88,92.13,61.8,35.96,0.0,100.0,93.26,42.7,3850,4.33,43.38,5.45,88.99,81.91,15.73,7.87
140107,1401,14,1910,74.87,69.11,68.59,88.48,0.0,3.14,2.09,26.18,100.0,83.25,73.82,44.5,0.0,97.38,92.15,61.26,7880,4.13,36.8,5.84,93.17,75.71,19.9,3.66
140108,1401,14,2910,62.54,85.22,72.16,43.3,0.0,34.36,11.0,33.68,99.66,91.41,45.7,40.55,0.0,99.66,95.88,56.01,15180,5.22,50.53,1.38,68.44,50.25,11.0,25.43
140109,1401,14,2980,46.98,74.16,64.43,67.11,0.0,25.5,2.01,28.86,98.99,86.24,69.8,49.33,0.34,98.66,92.95,34.23,13940,4.68,45.41,2.44,87.12,72.19,15.1,11.41
140110,1401,14,1540,51.95,80.52,55.84,46.1,0.0,21.43,1.3,11.04,100.0,92.86,80.52,49.35,0.0,99.35,97.4,53.25,7140,4.64,43.0,4.2,91.65,65.57,20.13,10.39
140111,1401,14,4610,60.3,79.83,64.21,52.93,0.0,50.76,0.65,1.3,99.13,92.41,60.52,42.52,0.65,98.05,90.89,34.92,22040,4.78,44.92,3.45,75.37,63.48,17.79,21.48
140112,1401,14,5020,54.98,65.74,51.59,52.59,1.99,3.98,6.77,29.88,99.0,81.87,80.88,49.8,1.79,95.82,90.24,35.66,20930,4.17,38.22,3.39,93.12,83.16,21.91,8.17
140113,1401,14,2770,60.29,77.26,54.51,51.99,0.0,5.42,0.0,20.22,100.0,79.78,63.9,35.74,0.0,100.0,90.97,35.74,12320,4.45,44.72,2.44,94.27,73.2,13.36,4.69
140114,1401,14,1840,80.43,69.57,55.98,20.65,0.0,2.17,0.54,19.57,99.46,91.85,75.0,31.52,0.0,98.91,96.74,64.67,7750,4.21,36.52,5.55,93.9,81.99,23.91,5.98
140115,1401,14,2850,38.95,51.93,54.39,87.72,0.0,9.82,2.81,17.54,100.0,81.75,64.56,43.16,0.0,98.95,94.04,50.18,12480,4.38,40.54,4.01,92.18,70.63,18.95,4.91
140116,1401,14,2490,82.33,82.73,67.07,10.44,0.0,16.06,7.23,6.83,100.0,89.16,71.89,20.88,0.0,98.8,94.38,67.87,11880,4.77,46.89,2.78,90.17,68.25,12.05,8.84
140117,1401,14,4310,81.67,77.03,56.61,34.11,0.0,12.76,0.23,20.65,99.3,86.77,66.82,22.04,0.0,99.54,93.97,28.31,19030,4.42,44.4,3.94,84.58,61.69,17.87,15.78
140118,1401,14,5630,79.4,89.88,52.93,30.55,0.0,20.78,0.0,38.01,99.64,95.56,55.24,30.55,0.53,99.82,95.56,57.19,28080,4.99,48.97,2.74,86.32,60.54,20.78,13.14
140119,1401,14,930,70.97,88.17,81.72,41.94,0.0,12.9,0.0,30.11,100.0,89.25,64.52,38.71,1.08,98.92,89.25,37.63,3650,3.92,47.12,3.84,84.38,70.97,12.9,16.13
140201,1402,14,2970,58.25,84.85,53.2,24.24,0.0,8.08,0.34,6.4,99.66,93.27,65.32,35.69,0.34,99.66,95.29,20.54,13940,4.69,46.05,3.37,84.57,74.41,16.5,11.45
140202,1402,14,6420,47.51,84.58,66.04,41.9,0.16,19.16,1.09,7.94,99.69,85.2,54.05,33.18,0.47,99.07,91.59,26.64,30150,4.7,45.17,3.42,77.92,65.17,17.91,18.07
140203,1402,14,5330,78.99,92.87,71.48,32.08,0.0,3.94,3.94,8.82,99.25,94.56,75.61,22.33,0.56,100.0,95.5,10.88,23610,4.43,43.33,3.09,79.67,73.05,15.57,23.26
140204,1402,14,3000,63.67,74.33,66.67,57.0,0.0,4.0,9.0,20.67,99.0,97.0,74.67,32.67,0.33,98.33,94.0,9.33,14000,4.67,42.71,2.71,91.77,69.78,15.67,10.0
140205,1402,14,7960,43.97,58.54,45.85,76.26,0.38,7.54,6.78,24.75,99.87,76.13,67.59,44.97,3.02,90.95,84.3,3.27,35520,4.46,41.64,2.87,87.22,84.26,15.2,12.06
140206,1402,14,6430,55.21,85.23,63.76,36.24,0.0,7.78,3.89,17.11,99.84,92.38,67.19,34.37,0.31,97.36,95.49,48.99,29440,4.58,44.36,2.62,81.87,67.16,13.37,17.11
140207,1402,14,7380,57.86,75.88,54.34,51.49,0.54,9.49,3.79,6.64,99.32,87.67,71.68,33.88,0.27,99.32,95.26,5.69,33870,4.59,45.62,3.9,90.07,76.52,17.34,10.84
140208,1402,14,3030,59.41,85.81,64.69,14.52,0.0,30.36,1.65,0.66,99.34,94.39,74.92,33.99,0.0,99.67,97.36,28.71,15080,4.98,48.61,1.92,77.03,62.12,14.85,23.76
140209,1402,14,12260,32.71,63.46,44.29,55.87,1.71,6.61,5.55,16.64,99.18,81.81,68.6,48.21,2.53,91.92,88.83,14.6,54130,4.42,42.29,3.12,90.81,81.06,16.31,8.89
140210,1402,14,6770,60.56,71.79,63.66,69.87,0.15,16.1,0.89,11.37,99.85,88.33,76.81,39.14,0.15,99.56,94.39,5.32,30930,4.57,45.49,3.3,85.94,71.31,15.66,11.82
140211,1402,14,5930,59.7,82.97,66.95,21.42,0.0,19.39,0.84,2.19,99.66,90.89,49.41,19.9,0.17,99.33,97.47,60.71,30170,5.09,50.65,1.92,82.81,69.75,12.48,16.53
140212,1402,14,3250,66.77,90.46,72.0,25.54,0.0,24.92,3.08,18.77,99.38,95.69,53.23,28.31,1.23,99.38,98.46,61.23,15450,4.75,47.96,3.3,82.34,68.32,14.15,13.54
140213,1402,14,2500,26.4,81.6,54.0,54.0,0.0,6.0,2.0,9.2,99.2,90.4,72.0,38.8,1.2,99.6,96.8,44.8,11490,4.6,42.56,3.39,82.12,70.23,18.8,13.6
140214,1402,14,4080,50.25,76.96,44.36,40.93,0.0,6.62,10.78,4.17,100.0,89.22,60.29,32.6,0.49,99.75,94.36,17.65,19490,4.78,48.59,3.34,89.62,74.35,17.89,8.82
140301,1403,14,63110,12.07,5.15,13.14,89.8,10.77,1.36,9.62,72.6,98.21,49.68,83.55,74.06,14.58,51.7,54.52,5.1,244320,3.87,33.46,3.52,96.62,91.87,22.45,2.95
140401,1404,14,5570,71.45,56.19,62.3,47.58,0.0,18.85,0.18,9.52,99.82,93.18,66.79,21.36,0.0,98.92,89.77,11.49,24680,4.43,40.92,3.28,87.11,67.59,16.52,13.29
140402,1404,14,2770,59.21,51.26,56.32,11.55,0.0,5.78,1.44,25.27,100.0,91.34,63.18,22.74,0.0,98.56,91.7,23.1,13670,4.94,42.94,2.05,89.62,77.91,14.8,15.16
140403,1404,14,12210,40.05,46.44,46.6,36.53,0.74,15.07,9.17,13.27,99.26,85.42,72.07,35.95,2.21,93.53,88.7,2.87,53720,4.4,39.11,3.15,85.69,71.15,17.36,13.19
140404,1404,14,5200,78.85,85.58,58.08,17.5,0.19,15.58,0.58,22.31,99.81,87.88,56.54,29.23,0.0,99.42,93.65,29.81,23040,4.43,46.22,4.64,83.62,69.11,19.81,16.92
140405,1404,14,11000,31.73,52.55,44.36,37.09,0.73,12.73,4.82,18.27,99.09,86.91,68.27,31.36,1.64,95.55,91.09,7.0,50520,4.59,44.14,2.91,85.15,68.75,15.91,15.64
140406,1404,14,3840,65.62,86.98,62.76,34.11,0.0,23.44,7.81,10.16,99.48,94.53,74.48,29.43,0.26,99.48,91.93,36.72,17510,4.56,44.15,4.0,90.8,63.6,15.62,11.72
140407,1404,14,2610,45.98,68.2,44.06,51.72,0.0,4.98,1.92,16.09,100.0,93.87,72.8,34.48,0.0,99.62,95.4,22.61,10720,4.11,39.83,4.38,92.4,77.73,22.99,9.58
140408,1404,14,4390,77.9,89.52,63.33,5.01,0.0,13.9,6.38,4.78,99.54,92.48,73.12,18.22,0.0,100.0,96.58,19.82,20820,4.74,42.6,4.27,88.2,71.24,15.95,18.22
140409,1404,14,8170,26.07,54.96,41.62,65.12,1.22,3.18,7.47,15.67,99.27,83.97,72.46,48.84,3.18,95.23,88.25,14.08,35000,4.28,38.66,3.91,93.29,80.85,19.58,6.85
140410,1404,14,6570,71.08,89.35,75.19,26.33,0.0,43.99,3.2,12.02,99.7,93.91,58.3,18.11,0.15,99.7,92.69,54.79,32130,4.89,50.14,2.71,79.15,59.89,14.31,18.72
140411,1404,14,2690,39.78,11.9,32.34,48.33,0.37,1.86,3.35,29.74,100.0,70.63,73.23,42.75,1.12,92.94,88.85,21.93,10870,4.04,36.06,5.8,97.12,88.09,21.56,4.46
140412,1404,14,3320,42.77,79.22,53.31,62.05,1.2,8.13,4.82,9.94,99.4,79.82,64.16,39.76,4.82,95.78,87.65,28.01,14210,4.28,43.42,4.29,86.07,76.32,18.67,10.84
140413,1404,14,3940,59.14,6.6,42.89,45.43,0.0,4.31,0.25,20.3,100.0,86.55,73.35,37.31,2.03,97.72,88.58,11.68,15140,3.84,34.35,7.0,94.67,88.2,19.54,5.58
140414,1404,14,3740,50.53,56.95,41.98,54.28,0.0,5.61,6.15,26.2,100.0,86.1,71.66,41.18,0.8,97.06,94.92,37.43,15620,4.18,40.2,3.84,94.86,84.41,18.98,5.88
140415,1404,14,5860,52.05,62.12,52.56,36.35,0.17,23.55,1.02,2.22,99.83,82.94,59.22,24.06,0.34,99.32,96.25,5.63,26020,4.44,42.85,4.11,81.57,65.63,14.51,13.82
140416,1404,14,2610,83.14,53.26,67.05,15.71,0.0,9.58,4.6,14.94,99.23,94.25,61.3,29.89,0.0,99.23,93.1,21.07,11650,4.46,39.57,4.64,90.62,77.19,19.16,10.73
140417,1404,14,2140,58.41,71.5,39.72,9.35,0.0,6.07,1.4,18.69,100.0,86.45,69.63,32.71,0.0,98.6,94.86,69.63,9830,4.59,38.76,2.75,90.03,78.3,13.08,7.01
140418,1404,14,5220,63.22,76.05,55.56,26.44,0.0,13.22,2.11,16.86,99.62,86.02,68.2,45.21,0.38,98.28,93.3,36.97,23400,4.48,44.57,3.72,86.82,67.2,18.2,12.45
140419,1404,14,4970,73.24,84.51,67.2,26.96,0.0,27.36,8.05,12.47,100.0,91.15,74.45,33.2,0.4,99.4,95.57,41.85,23530,4.73,45.35,3.1,85.15,72.01,16.3,15.09
140420,1404,14,3250,41.54,38.15,31.08,55.08,1.85,9.54,3.38,31.69,99.08,75.08,72.31,46.77,2.46,94.77,88.31,17.23,13120,4.04,37.58,4.19,92.43,82.53,19.69,10.15
140501,1405,14,2240,38.84,5.8,40.62,67.86,0.0,2.23,4.91,20.98,99.11,65.62,75.45,41.96,3.57,98.66,84.82,25.45,9010,4.02,40.73,5.11,97.19,90.71,19.2,2.23
140502,1405,14,2840,85.21,49.3,75.7,20.77,0.0,26.76,0.7,57.39,100.0,78.87,54.58,24.65,0.35,100.0,92.96,50.35,14870,5.24,46.81,2.42,84.7,70.21,11.62,9.51
140503,1405,14,3910,63.17,71.1,86.19,36.57,0.0,11.51,3.07,28.9,100.0,91.56,63.17,30.18,0.51,98.72,92.33,25.32,19850,5.08,49.52,1.41,80.64,65.42,12.28,14.83
140504,1405,14,4660,73.61,71.03,77.25,28.54,0.0,16.52,0.21,6.87,99.36,97.64,76.61,20.6,0.0,98.93,97.64,23.18,21650,4.65,43.37,2.36,91.84,71.58,16.09,8.58
140505,1405,14,6340,88.64,81.86,90.22,35.8,0.16,21.92,1.58,1.26,99.53,90.85,70.5,15.46,0.16,98.11,91.17,15.77,31480,4.97,45.87,2.0,76.76,63.26,15.46,21.77
140506,1405,14,4750,63.79,83.16,85.05,25.47,0.0,10.32,2.74,11.16,99.37,87.37,67.79,18.53,0.0,97.47,93.05,67.37,23310,4.91,44.7,2.27,87.59,78.97,13.05,13.05
140507,1405,14,1150,44.35,33.91,58.26,87.83,0.87,0.0,3.48,26.09,100.0,82.61,82.61,50.43,0.0,95.65,86.96,15.65,4850,4.22,37.73,4.12,94.04,86.24,20.0,6.09
140508,1405,14,3890,77.12,82.01,93.32,6.68,0.0,59.13,2.31,0.26,99.74,94.6,40.1,7.46,0.26,99.23,93.57,18.25,19970,5.13,49.22,1.25,75.54,53.87,12.08,25.45
140509,1405,14,3130,70.61,80.19,88.5,13.42,0.0,3.51,11.82,2.24,99.68,92.65,60.38,18.85,0.0,99.68,97.76,76.68,14800,4.73,45.95,2.23,93.5,75.86,13.1,8.63
140510,1405,14,3780,70.11,19.31,55.03,43.92,0.0,2.12,0.79,15.08,99.21,94.71,70.11,35.71,0.53,99.47,93.92,27.78,15310,4.05,36.97,4.25,93.58,85.67,17.72,5.56
140511,1405,14,2960,81.76,73.99,92.23,14.86,0.0,39.53,8.11,32.77,99.32,86.82,57.77,9.12,0.68,96.62,94.26,17.23,16720,5.65,51.67,1.2,83.79,59.62,15.2,20.27
140512,1405,14,3410,85.63,66.86,85.04,29.03,0.0,7.33,4.69,0.0,100.0,82.7,64.22,33.43,0.0,99.41,93.55,34.31,15100,4.43,39.4,3.25,89.95,83.66,12.32,9.38
140513,1405,14,2830,88.34,68.55,85.16,39.22,0.0,15.55,9.89,4.24,100.0,81.98,56.54,27.21,0.35,97.88,91.87,16.25,13260,4.69,41.18,2.49,81.92,80.59,16.61,16.96
140514,1405,14,2150,63.72,65.12,86.05,14.88,0.0,0.0,10.23,1.86,99.53,94.88,61.86,39.53,0.47,99.53,98.14,71.16,9420,4.38,43.84,3.4,90.74,80.41,12.56,7.91
140515,1405,14,8820,32.54,13.61,38.32,67.8,2.61,3.17,1.36,36.62,99.32,63.15,74.38,47.96,3.74,78.57,76.53,26.87,35880,4.07,36.45,3.12,95.61,86.28,20.75,3.06
140516,1405,14,2310,71.86,9.96,54.55,46.75,0.0,7.79,1.73,16.45,99.57,84.42,74.46,40.69,0.87,99.13,96.97,38.1,9750,4.22,37.74,4.41,94.89,91.08,9.09,5.63
140517,1405,14,4590,78.43,62.31,74.95,47.06,0.0,25.05,6.32,59.91,99.56,83.22,59.69,18.3,0.65,99.13,92.59,42.05,23020,5.02,45.74,2.65,83.83,67.49,19.39,11.98
140518,1405,14,3430,81.34,82.22,82.8,44.31,0.0,18.95,3.5,3.79,100.0,83.67,57.73,23.62,0.58,99.42,90.38,63.56,16590,4.84,46.29,2.77,86.87,78.68,17.78,11.95
140601,1406,14,5160,71.51,78.49,67.64,44.38,0.0,1.55,0.78,6.4,98.84,92.44,77.52,28.49,0.0,97.29,95.54,43.8,24560,4.76,44.71,3.38,88.0,70.82,16.28,11.43
140602,1406,14,2180,84.4,76.15,58.72,14.68,0.0,2.29,0.92,3.67,98.17,85.78,61.93,27.06,0.0,90.83,88.53,46.33,9120,4.18,42.54,3.29,82.63,84.92,17.89,10.09
140603,1406,14,3470,62.54,66.86,48.41,80.4,0.29,0.29,0.0,12.1,100.0,93.66,76.37,42.36,0.0,99.14,99.14,53.03,15530,4.48,42.11,4.19,94.33,89.47,16.71,6.92
140604,1406,14,11170,57.3,68.58,59.62,60.79,0.72,8.42,4.57,16.92,100.0,80.21,71.53,34.56,1.52,94.9,90.24,41.18,47410,4.24,40.6,3.27,92.79,75.31,17.64,5.37
140605,1406,14,8550,78.95,85.26,82.46,13.8,0.0,36.61,3.39,0.0,99.77,94.15,64.68,19.42,0.0,97.78,92.98,64.44,44650,5.22,49.2,2.19,91.05,70.7,12.98,10.29
140606,1406,14,3860,84.72,85.75,65.28,31.87,0.0,0.52,0.52,2.33,99.74,89.38,76.17,36.01,0.0,98.45,93.26,66.06,17220,4.46,43.03,3.37,92.86,82.03,15.54,6.22
140607,1406,14,2170,82.03,82.03,82.95,15.67,0.0,21.66,0.92,1.84,99.54,93.09,58.99,18.43,0.46,97.7,90.32,47.47,11180,5.15,48.84,2.06,93.53,80.98,12.9,9.22
140608,1406,14,2700,74.44,62.96,60.0,34.07,0.0,0.37,0.0,26.3,99.63,94.81,73.33,32.96,0.0,100.0,96.67,35.56,12520,4.64,44.33,3.43,96.13,82.98,11.85,1.11
140609,1406,14,9370,74.28,73.96,68.84,36.5,0.11,16.33,4.06,4.7,99.36,87.62,70.12,32.98,0.11,98.08,92.42,20.81,42100,4.49,42.45,3.66,90.18,78.52,16.33,8.32
140701,1407,14,6440,69.1,58.85,54.81,53.57,0.0,7.14,5.28,13.04,99.69,69.57,62.89,48.14,1.55,86.34,77.8,22.52,26890,4.18,41.91,2.42,91.61,71.58,19.88,7.76
140702,1407,14,4660,82.62,81.33,78.11,37.98,0.0,43.99,3.22,7.51,99.79,80.47,57.51,37.98,0.0,98.07,87.34,41.63,21700,4.66,46.68,1.61,75.02,59.0,12.23,19.53
140703,1407,14,4430,80.59,76.75,78.1,18.74,0.23,29.8,1.35,9.26,98.19,84.65,66.37,34.54,0.0,98.87,89.62,39.95,20840,4.7,45.87,2.02,81.21,68.12,14.9,17.61
140704,1407,14,2790,88.53,84.59,86.74,15.77,0.0,24.37,0.36,11.47,99.64,75.63,55.91,24.37,0.0,97.85,83.15,40.14,13260,4.75,48.04,1.36,82.87,71.3,13.62,15.77
140705,1407,14,7430,69.45,65.81,64.74,44.68,0.0,16.69,0.54,8.21,99.87,74.56,57.74,32.03,2.29,90.17,81.7,27.99,32980,4.44,43.57,1.76,81.3,65.62,18.71,13.73
140706,1407,14,4500,70.22,75.33,72.0,22.44,0.0,8.0,1.33,2.67,100.0,77.33,65.33,30.0,0.0,99.78,90.0,40.0,21070,4.68,43.09,2.14,86.48,75.65,16.67,11.11
140707,1407,14,6050,81.49,76.53,74.88,50.08,0.83,25.79,3.31,12.23,99.67,81.32,59.34,38.02,0.66,94.38,80.33,18.35,27370,4.52,44.65,1.72,80.92,62.18,12.89,17.52
140708,1407,14,7060,74.22,82.15,83.85,34.42,0.0,21.1,1.98,0.0,99.86,88.81,61.76,19.55,0.28,98.16,90.93,53.68,33940,4.81,44.46,2.06,79.95,69.26,16.57,15.86
140709,1407,14,2090,84.21,72.25,66.51,72.73,0.48,8.13,0.96,27.27,98.56,80.86,55.5,31.58,0.0,96.65,89.47,25.84,9110,4.36,42.81,2.31,96.16,75.86,13.88,3.35
210101,2101,21,1380,78.99,51.45,26.09,16.67,0.0,92.75,1.45,11.59,99.28,82.61,76.81,50.72,0.0,81.16,68.12,44.2,4880,3.54,39.75,2.05,85.03,78.76,31.88,17.39
210102,2101,21,800,93.75,87.5,56.25,2.5,0.0,97.5,0.0,32.5,98.75,86.25,55.0,40.0,0.0,93.75,82.5,33.75,2400,3.0,35.83,2.92,56.49,52.0,18.75,28.75
210103,2101,21,18500,51.89,20.27,9.46,38.05,1.73,38.59,7.14,55.03,99.68,41.35,66.38,78.59,6.05,36.54,24.81,5.24,63430,3.43,34.68,3.09,91.31,86.95,37.03,10.22
210104,2101,21,1730,89.6,73.41,60.12,29.48,0.58,95.38,1.16,21.97,99.42,80.92,69.36,43.35,0.58,98.84,90.75,13.87,5930,3.43,40.81,3.37,78.06,74.81,28.32,26.59
210105,2101,21,2560,89.45,46.48,31.64,57.42,0.0,96.88,0.0,52.73,98.44,85.16,65.23,50.78,0.78,94.92,84.38,39.06,8500,3.32,34.82,2.94,87.34,74.85,32.03,17.97
210106,2101,21,2510,85.66,68.92,23.51,25.9,1.99,94.42,1.2,32.27,99.6,66.53,62.95,61.35,0.8,78.88,54.98,27.89,9210,3.67,40.39,3.69,83.42,84.26,31.87,18.33
210107,2101,21,2360,83.47,38.14,63.14,8.05,0.0,99.15,0.0,48.31,100.0,85.17,33.9,33.47,0.42,92.8,71.61,38.98,8490,3.6,38.99,3.18,71.04,85.55,30.93,24.15
210108,2101,21,1550,92.9,69.03,44.52,19.35,0.0,97.42,0.0,22.58,92.9,94.19,58.06,45.81,0.65,92.9,68.39,20.65,5020,3.24,37.45,3.39,91.4,70.1,37.42,12.9
210109,2101,21,1540,90.26,79.87,46.75,20.13,0.0,95.45,1.95,34.42,99.35,63.64,50.0,47.4,0.0,73.38,59.74,28.57,4630,3.01,38.44,1.73,79.3,92.31,27.27,14.94
210110,2101,21,2690,96.65,88.1,86.62,27.88,0.0,97.77,0.37,24.91,99.63,94.05,49.44,32.71,0.0,92.94,78.81,57.62,10330,3.84,46.47,3.58,59.86,69.04,24.16,34.57
210111,2101,21,1960,88.27,64.29,51.53,38.78,0.0,98.47,1.02,18.37,99.49,83.16,64.29,53.06,1.53,75.0,63.27,75.51,6910,3.53,40.67,2.75,86.1,84.91,33.16,15.31
210112,2101,21,3270,77.98,60.55,25.38,23.85,0.0,96.64,0.31,26.61,99.69,81.96,63.0,49.85,0.0,93.27,77.98,21.1,10830,3.31,38.32,3.51,79.34,70.93,34.86,25.99
210113,2101,21,2150,85.58,68.84,46.51,36.74,0.93,97.21,1.4,23.72,99.53,96.28,77.67,52.09,0.93,97.21,81.86,16.74,6900,3.21,35.51,5.8,84.04,89.84,37.21,28.84
210114,2101,21,1680,81.55,58.93,2.98,23.81,0.0,95.83,1.19,22.62,100.0,82.14,66.07,48.21,0.0,91.67,69.64,17.86,5840,3.48,39.73,2.74,86.08,66.94,29.17,16.67
210115,2101,21,1930,86.01,76.17,70.47,15.54,0.0,79.79,0.0,7.25,100.0,82.9,64.77,60.62,0.0,96.89,83.94,36.27,7390,3.83,44.11,2.17,69.98,75.61,29.53,28.5
210116,2101,21,3260,84.97,45.71,29.75,34.66,0.31,96.63,0.61,42.33,99.69,80.06,53.68,57.67,0.31,86.2,77.3,38.96,11340,3.48,36.6,3.88,87.9,86.5,27.91,17.79
210117,2101,21,1630,96.93,85.28,20.86,15.95,0.0,98.16,0.61,28.83,100.0,93.25,53.99,33.74,0.61,78.53,64.42,26.99,5040,3.09,39.09,2.98,66.45,71.72,30.06,33.13
210118,2101,21,510,100.0,72.55,70.59,29.41,0.0,84.31,0.0,25.49,100.0,82.35,64.71,54.9,0.0,98.04,90.2,0.0,1700,3.33,37.65,1.76,88.68,64.86,33.33,13.73
210119,2101,21,1910,86.39,77.49,34.03,24.08,1.57,87.43,0.0,43.46,98.95,84.82,73.82,54.45,0.0,95.29,84.82,26.18,6450,3.38,37.83,3.57,72.82,66.67,23.56,27.75
210120,2101,21,3050,80.66,41.31,26.89,3.93,0.66,96.07,0.98,35.74,100.0,83.61,57.38,45.9,0.98,96.39,84.92,45.25,10610,3.48,40.06,2.92,80.97,83.94,32.46,23.93
210121,2101,21,1880,90.96,70.74,64.36,37.77,0.0,97.87,1.06,23.94,100.0,70.74,51.06,48.4,0.53,72.87,63.83,36.7,6510,3.46,40.25,3.07,73.26,73.68,35.11,30.85
210122,2101,21,4280,68.22,30.14,63.55,9.35,0.23,93.46,0.93,60.28,99.77,86.92,54.44,50.7,0.7,94.39,84.35,9.11,16830,3.93,41.59,2.14,71.69,72.98,36.21,28.5
210123,2101,21,3320,81.33,35.24,22.59,23.49,0.3,95.48,0.9,0.0,99.1,86.14,64.76,60.24,0.3,95.78,88.86,27.71,12260,3.69,38.66,3.1,66.09,79.17,29.82,25.9
210124,2101,21,1870,80.75,73.26,55.08,3.21,0.53,97.33,0.53,37.97,99.47,93.05,55.61,22.46,4.28,93.58,85.56,31.55,6890,3.68,45.28,1.02,73.74,58.0,13.37,27.81
210201,2102,21,2970,70.03,66.33,57.24,34.01,0.0,97.98,0.34,57.24,98.99,92.93,52.86,38.05,0.0,97.64,88.55,5.72,11740,3.95,44.21,4.43,70.84,64.06,28.62,23.23
210202,2102,21,2630,94.3,86.69,75.67,41.06,0.0,96.96,0.38,28.52,99.24,98.86,58.94,38.02,0.0,98.1,90.87,0.38,10870,4.13,48.48,2.67,68.04,77.3,28.52,23.95
210203,2102,21,1280,64.84,86.72,85.94,34.38,0.0,100.0,0.0,7.03,98.44,98.44,62.5,33.59,0.0,99.22,95.31,28.91,4950,3.87,44.24,2.63,65.94,69.84,29.69,33.59
210204,2102,21,15600,24.68,9.1,6.86,85.13,0.58,44.1,8.08,62.69,99.42,41.79,68.53,80.96,6.28,22.24,17.69,1.92,61450,3.94,38.49,2.47,91.75,88.89,40.19,10.13
210205,2102,21,1930,58.55,51.81,31.61,38.86,0.0,98.45,0.0,34.72,100.0,73.58,76.17,35.75,0.0,94.82,85.49,24.35,7030,3.64,41.82,3.98,61.12,62.5,32.64,41.45
210206,2102,21,2180,67.43,33.94,16.06,51.38,0.46,96.33,0.0,44.5,100.0,83.49,78.9,59.17,0.0,94.04,80.73,4.13,7410,3.4,40.08,4.18,89.86,85.44,36.7,15.14
210207,2102,21,4890,89.57,80.37,75.87,30.27,0.2,95.91,0.61,10.22,98.57,92.02,71.17,47.85,0.2,95.91,92.23,18.0,21690,4.44,44.63,7.24,69.78,57.06,30.06,37.63
210208,2102,21,1600,53.12,58.13,31.25,16.88,0.0,98.12,0.0,23.75,99.38,81.25,53.75,36.88,0.62,92.5,76.88,9.38,5950,3.72,42.02,3.03,83.19,80.6,26.88,23.12
210209,2102,21,5510,38.29,39.02,31.76,35.75,0.18,91.83,1.81,37.75,99.09,78.95,69.33,50.64,2.9,86.03,85.48,70.05,19440,3.53,41.0,2.37,78.99,68.03,29.58,28.68
210210,2102,21,2540,55.12,42.13,30.71,44.88,0.0,97.24,0.0,25.59,99.21,70.08,50.39,51.18,1.57,65.35,60.24,32.68,9370,3.69,42.9,3.52,80.56,74.42,25.59,27.95
210211,2102,21,7470,82.86,72.29,49.0,30.92,0.0,95.98,1.07,22.49,99.6,86.35,63.86,50.47,0.8,86.48,67.34,55.82,27790,3.72,42.86,2.81,70.78,67.76,32.53,30.92
210212,2102,21,8730,67.01,68.61,56.7,64.49,0.23,97.94,0.0,51.55,100.0,74.57,52.0,57.73,0.8,62.31,52.58,1.72,29420,3.37,38.21,1.77,79.54,60.84,24.74,23.14
210213,2102,21,1280,94.53,78.91,94.53,3.91,0.0,97.66,0.0,7.81,97.66,96.88,75.0,28.91,0.0,96.88,96.88,92.19,5450,4.26,47.52,1.65,77.62,71.52,25.0,22.66
210214,2102,21,4770,66.67,42.98,33.12,69.39,0.0,97.9,0.84,39.62,99.58,86.16,64.36,44.65,1.05,95.81,82.81,27.04,18980,3.98,41.46,4.0,76.69,78.04,31.87,30.4
210215,2102,21,3980,66.83,62.81,53.02,50.75,0.0,96.23,0.25,34.92,99.75,86.68,55.03,38.69,0.25,88.19,72.86,24.12,16500,4.15,45.82,3.7,76.06,77.38,30.15,32.16
210216,2102,21,1800,70.56,77.22,62.78,10.0,0.0,100.0,0.0,59.44,100.0,98.33,58.33,17.78,0.0,98.33,91.67,11.11,8810,4.89,50.4,1.82,51.03,50.2,25.0,42.78
210217,2102,21,5660,21.2,21.38,20.14,58.66,5.3,68.2,4.59,44.7,100.0,39.58,50.0,60.78,3.18,69.43,62.37,12.37,23740,4.19,42.5,2.23,72.31,76.21,23.5,31.45
210301,2103,21,42250,2.04,1.16,1.94,95.5,7.79,9.09,12.54,83.83,90.3,29.78,66.53,89.11,18.18,8.4,10.46,2.08,132510,3.14,31.29,3.14,94.59,94.24,37.25,5.68
210401,2104,21,1160,66.38,51.72,9.48,0.0,0.0,100.0,0.0,50.0,99.14,96.55,64.66,39.66,0.86,93.97,81.9,0.0,4070,3.51,43.98,1.47,71.93,66.67,22.41,26.72
210402,2104,21,1250,59.2,72.0,76.8,64.0,0.0,95.2,0.0,7.2,100.0,91.2,80.8,52.0,0.8,82.4,64.8,25.6,3990,3.19,42.61,3.76,67.25,95.15,35.2,24.0
210403,2104,21,1170,35.04,39.32,6.84,8.55,0.0,99.15,0.0,29.06,99.15,96.58,87.18,37.61,0.0,99.15,92.31,10.26,4240,3.62,43.16,4.25,63.9,67.29,38.46,35.9
210404,2104,21,930,32.26,46.24,38.71,4.3,0.0,98.92,0.0,1.08,98.92,96.77,87.1,59.14,0.0,89.25,82.8,58.06,3540,3.81,38.14,3.11,66.67,55.84,10.75,24.73
210405,2104,21,6800,45.15,45.44,29.12,48.38,1.32,71.47,1.03,28.24,99.85,67.65,76.76,62.35,1.18,80.0,68.53,15.74,24050,3.54,39.33,3.04,72.04,78.92,27.21,27.79
210406,2104,21,1810,77.35,76.24,70.17,36.46,0.55,98.9,0.0,40.88,100.0,86.74,64.64,53.59,0.0,83.43,70.72,27.07,6140,3.39,39.58,3.58,60.38,65.22,30.94,35.36
210407,2104,21,1660,82.53,66.87,71.08,43.98,0.0,95.18,1.2,42.77,100.0,90.96,69.88,51.81,1.2,92.17,73.49,3.61,5680,3.42,38.38,1.76,69.43,79.83,22.29,22.29
210408,2104,21,1760,3.98,2.84,9.09,75.0,8.52,49.43,17.05,44.89,97.73,40.34,76.14,75.0,5.68,57.95,50.57,2.84,6500,3.69,36.92,2.92,91.46,85.93,27.84,15.91
210409,2104,21,1210,30.58,16.53,24.79,29.75,0.0,96.69,0.0,9.09,100.0,87.6,68.6,49.59,0.0,92.56,75.21,10.74,4690,3.88,44.56,3.84,67.31,87.3,19.01,30.58
210410,2104,21,1500,40.67,30.0,22.67,49.33,0.0,77.33,0.0,48.0,99.33,78.0,79.33,79.33,0.67,87.33,72.0,0.67,4860,3.24,34.98,1.65,71.84,83.0,26.0,29.33
210411,2104,21,950,78.95,76.84,80.0,0.0,0.0,98.95,0.0,0.0,100.0,94.74,82.11,34.74,0.0,98.95,87.37,6.32,3760,3.96,46.28,2.93,65.35,56.04,16.84,36.84
210412,2104,21,810,67.9,50.62,40.74,0.0,0.0,98.77,0.0,28.4,100.0,85.19,71.6,44.44,0.0,100.0,65.43,0.0,3230,3.99,47.68,1.86,63.31,69.88,27.16,38.27
210413,2104,21,1020,70.59,51.96,56.86,24.51,0.0,100.0,0.0,36.27,100.0,78.43,47.06,45.1,0.0,76.47,60.78,49.02,3660,3.59,42.9,2.19,70.81,53.16,26.47,32.35
210414,2104,21,810,3.7,6.17,7.41,70.37,1.23,61.73,4.94,6.17,100.0,38.27,77.78,82.72,2.47,86.42,81.48,1.23,3000,3.7,39.0,3.0,87.98,77.05,23.46,17.28
210415,2104,21,510,80.39,66.67,64.71,5.88,0.0,100.0,0.0,37.25,100.0,98.04,80.39,50.98,0.0,100.0,94.12,62.75,1890,3.71,44.44,1.59,56.19,65.96,21.57,49.02
210416,2104,21,3960,63.38,45.71,40.66,20.71,0.51,95.2,1.01,35.1,98.48,77.02,76.77,56.31,0.25,94.95,88.64,14.39,13750,3.47,38.04,4.07,65.38,66.77,25.0,29.8
210417,2104,21,1540,20.78,25.97,6.49,13.64,0.0,98.05,0.0,26.62,100.0,94.81,77.27,47.4,0.65,90.26,87.01,21.43,5670,3.68,43.03,2.12,74.3,79.58,16.23,19.48
210418,2104,21,1790,56.98,32.4,17.32,16.76,0.0,100.0,0.0,68.72,100.0,88.27,69.83,59.22,0.0,88.83,75.98,6.15,6490,3.63,45.45,3.24,72.32,81.07,34.08,21.79
210419,2104,21,1280,4.69,4.69,14.06,71.09,3.12,88.28,3.12,36.72,96.88,54.69,66.41,60.94,3.12,29.69,46.88,42.19,4000,3.12,34.25,5.75,83.65,81.01,35.16,22.66
210420,2104,21,1680,75.6,69.64,61.9,19.64,0.6,94.05,0.6,29.76,100.0,87.5,77.98,45.24,0.0,91.67,80.95,2.98,6480,3.86,46.45,2.62,73.78,70.56,36.9,27.38
210421,2104,21,1060,34.91,31.13,24.53,37.74,1.89,82.08,0.0,24.53,100.0,91.51,75.47,61.32,0.94,97.17,84.91,3.77,4340,4.09,44.24,4.15,69.42,68.18,21.7,34.91
210422,2104,21,710,76.06,64.79,66.2,50.7,0.0,97.18,0.0,35.21,100.0,85.92,69.01,38.03,0.0,81.69,57.75,0.0,2630,3.7,42.97,5.32,77.33,80.56,22.54,28.17
210423,2104,21,750,72.0,76.0,52.0,13.33,0.0,98.67,1.33,49.33,100.0,90.67,78.67,57.33,0.0,50.67,53.33,52.0,2500,3.33,39.2,3.2,67.76,77.59,34.67,24.0
210501,2105,21,33710,57.16,25.07,14.57,83.36,3.62,41.95,7.48,68.5,97.92,41.26,67.75,84.19,7.18,30.85,30.53,13.94,107920,3.2,34.03,2.19,91.29,86.48,32.75,11.36
220101,2201,22,3610,40.44,7.76,19.11,61.5,0.55,0.28,0.0,83.66,100.0,81.72,79.22,70.64,0.83,94.46,84.21,27.98,14800,4.1,36.89,1.96,94.0,88.01,23.55,7.48
220102,2201,22,4220,20.62,3.08,20.62,47.63,0.0,5.92,6.4,70.14,100.0,79.38,64.22,55.45,2.13,92.42,76.54,15.4,15530,3.68,33.87,3.35,92.79,90.12,31.99,9.24
220103,2201,22,2260,19.03,8.85,23.89,56.19,0.88,12.83,2.65,67.26,100.0,90.27,80.09,38.5,0.44,98.23,84.96,38.94,8440,3.73,40.88,2.25,95.19,92.02,19.03,9.73
220104,2201,22,9890,5.26,0.71,1.52,91.3,1.92,2.43,4.85,73.0,99.6,51.37,73.91,82.41,5.86,58.24,48.74,5.76,33850,3.42,32.76,2.95,96.62,93.79,33.87,3.13
220105,2201,22,1330,36.09,3.01,12.03,70.68,0.75,6.02,2.26,72.93,100.0,71.43,74.44,69.92,1.5,95.49,30.83,7.52,4790,3.6,38.2,3.76,88.18,90.48,24.81,7.52
220106,2201,22,1510,32.45,3.97,21.19,70.86,0.0,13.91,0.0,72.85,100.0,76.16,57.62,66.89,1.32,94.04,78.81,38.41,5040,3.34,36.11,3.77,92.86,92.31,37.75,5.3
220107,2201,22,1250,50.4,12.8,51.2,1.6,0.0,35.2,4.8,91.2,100.0,93.6,65.6,50.4,0.8,99.2,86.4,42.4,5470,4.38,41.32,3.84,92.77,74.8,23.2,4.0
220108,2201,22,2150,5.12,1.4,16.74,46.98,0.47,7.44,15.35,59.53,99.53,83.26,63.26,53.49,0.93,96.28,73.02,23.72,7350,3.42,33.33,5.85,85.1,89.02,28.84,13.95
220109,2201,22,2110,30.81,16.11,13.74,0.0,0.0,2.84,11.37,81.99,99.53,92.89,85.31,67.3,0.0,97.16,89.1,48.34,7790,3.69,37.61,3.34,93.62,88.89,19.43,6.16
220110,2201,22,1460,38.36,30.82,24.66,0.68,0.0,15.07,3.42,96.58,100.0,100.0,54.11,38.36,1.37,99.32,34.25,0.0,6060,4.15,43.73,1.82,80.65,86.23,7.53,11.64
220111,2201,22,4010,39.4,4.49,15.71,62.59,0.5,4.74,1.5,69.08,99.75,81.8,69.33,58.35,1.75,96.76,77.56,35.66,15440,3.85,36.85,4.27,88.62,84.85,29.18,10.72
220112,2201,22,2030,19.7,9.85,10.84,60.59,0.0,7.88,1.48,67.0,100.0,92.61,69.46,52.71,0.49,98.03,68.97,7.88,9070,4.47,42.78,2.21,90.94,86.61,21.18,10.34
220113,2201,22,1040,50.96,6.73,34.62,4.81,0.0,20.19,16.35,60.58,100.0,90.38,73.08,60.58,1.92,97.12,83.65,22.12,3400,3.27,30.59,6.18,85.59,88.06,35.58,10.58
220114,2201,22,1670,26.35,6.59,19.16,64.07,0.0,7.19,0.0,83.83,100.0,89.22,83.83,66.47,0.0,97.6,89.22,25.75,6050,3.62,36.2,2.64,91.71,88.89,27.54,6.59
220115,2201,22,5630,49.73,14.92,31.44,24.33,0.0,32.33,3.73,86.68,100.0,88.63,68.56,62.52,0.89,92.54,79.22,31.62,21870,3.88,41.02,2.88,93.88,88.21,21.49,5.33
220116,2201,22,1670,31.74,4.19,14.37,75.45,0.6,7.19,2.99,75.45,100.0,82.63,80.84,58.08,1.2,97.01,79.64,19.76,6410,3.84,34.95,4.84,88.97,92.41,24.55,8.38
220117,2201,22,1370,30.66,2.92,10.95,0.0,0.0,2.19,0.73,52.55,100.0,93.43,78.1,66.42,2.19,99.27,94.89,23.36,5030,3.67,34.19,3.18,95.47,90.91,32.12,5.84
220118,2201,22,1720,14.53,4.65,9.3,55.23,3.49,8.72,4.07,68.6,99.42,81.98,66.28,49.42,0.58,97.67,76.74,13.37,6180,3.59,34.47,4.53,92.1,86.18,25.58,4.07
220119,2201,22,4520,43.14,5.75,10.62,48.23,0.66,5.53,1.11,73.23,100.0,89.38,73.89,61.5,1.77,98.01,85.62,28.54,16410,3.63,32.36,3.66,89.28,93.12,32.52,11.95
220120,2201,22,1720,24.42,8.14,9.88,0.58,0.0,6.98,1.74,77.91,100.0,76.16,81.4,66.86,0.58,90.7,77.91,25.58,5980,3.48,33.44,3.51,89.2,92.25,18.6,15.7
220121,2201,22,1150,51.3,18.26,28.7,0.0,0.0,11.3,0.87,49.57,100.0,92.17,55.65,42.61,0.0,98.26,75.65,1.74,4050,3.52,42.22,2.72,94.87,85.0,24.35,9.57
220201,2202,22,4740,71.52,66.03,52.95,3.16,0.0,59.92,0.42,51.27,99.16,97.89,52.11,50.21,0.0,97.89,87.34,67.3,17880,3.77,38.81,2.96,73.03,78.84,21.1,25.32
220202,2202,22,2170,69.12,52.07,56.68,35.94,0.0,85.71,0.92,58.06,99.54,95.85,66.82,54.38,0.92,94.47,71.43,11.98,8400,3.87,41.19,2.02,79.15,80.18,31.8,25.81
220203,2202,22,5820,83.33,77.15,71.48,16.84,0.0,73.88,0.34,54.64,99.83,92.61,37.97,37.11,0.69,90.89,78.52,33.68,19880,3.42,40.04,2.72,73.66,84.82,25.77,23.54
220204,2202,22,4060,72.41,64.04,53.69,30.3,0.0,91.38,1.72,9.85,99.01,93.84,62.56,47.54,0.49,95.57,80.79,21.92,15490,3.82,41.9,4.0,80.0,69.98,27.09,19.46
220205,2202,22,3150,83.17,82.86,76.83,3.81,0.0,96.83,0.63,49.52,100.0,98.1,47.3,45.4,0.0,98.41,86.03,39.68,12950,4.11,46.25,2.86,69.83,81.65,21.9,27.94
220206,2202,22,3930,76.84,66.16,46.56,6.87,0.0,59.03,0.51,24.17,98.98,98.47,67.94,46.82,0.0,98.73,82.19,7.89,14170,3.61,37.47,3.25,80.14,84.91,27.74,19.34
220207,2202,22,1640,31.71,4.88,14.63,1.22,0.0,44.51,4.88,38.41,98.17,98.17,65.85,43.29,2.44,100.0,87.8,17.68,7260,4.43,44.35,1.93,82.18,79.1,23.78,12.2
220208,2202,22,19050,29.19,19.95,17.11,48.35,1.78,14.07,5.3,67.35,99.48,56.54,70.55,76.12,6.77,46.46,28.4,2.68,68100,3.57,33.85,3.29,92.96,90.85,34.91,7.45
220209,2202,22,3750,55.2,42.13,33.87,26.13,0.0,38.13,2.4,32.8,98.93,98.4,64.53,39.73,0.53,97.6,87.2,33.07,14350,3.83,41.18,3.62,86.37,73.85,25.33,15.2
220210,2202,22,3060,41.83,38.89,25.49,10.13,0.0,24.51,0.33,59.15,100.0,96.08,83.33,61.76,0.0,98.37,68.63,1.96,11310,3.7,37.22,4.42,88.87,87.45,22.22,11.44
220211,2202,22,3730,63.27,43.16,33.24,16.62,0.0,52.28,0.27,32.71,99.73,95.44,61.66,47.72,0.27,96.51,82.57,10.99,13480,3.61,39.09,3.41,82.46,80.06,29.76,23.06
220212,2202,22,2220,58.56,19.82,35.59,0.45,0.0,40.99,3.6,57.66,100.0,91.89,58.56,49.55,0.45,96.85,88.74,18.47,8650,3.9,41.27,3.24,81.1,77.6,23.87,12.16
220213,2202,22,2970,62.29,49.16,41.41,0.67,0.0,68.01,3.37,52.53,99.66,94.95,71.38,53.2,0.34,97.31,86.87,9.43,10920,3.68,40.02,2.66,85.8,81.12,21.21,14.14
220214,2202,22,1960,31.63,19.39,17.35,29.08,0.0,23.98,1.53,17.35,100.0,97.96,86.22,66.84,0.0,97.45,90.82,37.24,6870,3.51,35.37,2.33,80.32,88.65,26.53,13.27
220215,2202,22,1740,51.15,31.03,25.29,1.15,0.0,33.91,2.87,5.17,99.43,94.83,49.43,48.85,1.15,98.85,82.18,25.86,6450,3.71,38.91,2.33,89.82,68.75,20.11,14.37
220216,2202,22,4650,73.12,71.4,58.71,10.97,0.0,91.61,1.08,49.25,100.0,94.84,40.86,63.87,0.43,96.99,88.17,57.42,17000,3.66,41.65,2.35,74.47,79.28,29.46,23.44
220217,2202,22,2090,66.99,68.9,49.76,3.83,0.0,72.73,0.96,0.0,99.52,89.95,51.67,46.89,0.96,94.74,74.16,30.14,6970,3.33,36.44,5.16,73.36,86.62,25.84,24.4
220218,2202,22,1740,54.02,27.59,35.63,0.57,0.0,6.9,0.0,84.48,100.0,94.25,59.77,40.23,0.0,100.0,87.93,8.62,7170,4.12,42.12,2.93,76.4,62.05,16.09,21.26
220301,2203,22,3390,71.09,7.96,50.44,6.19,0.0,66.96,0.0,43.95,99.71,92.04,57.23,68.14,1.18,99.41,88.5,18.88,13050,3.85,43.45,2.07,86.45,77.97,29.2,10.91
220302,2203,22,3810,25.98,3.41,25.2,44.36,0.52,55.38,7.61,35.7,99.74,63.52,70.08,81.1,1.31,71.39,66.4,9.19,12940,3.4,40.34,2.4,87.82,87.34,29.92,9.97
220303,2203,22,3110,34.41,8.68,25.72,64.63,0.0,37.94,2.89,77.49,100.0,85.53,71.38,70.74,0.96,92.6,71.7,11.25,10790,3.47,35.4,3.61,92.54,86.13,19.61,9.65
220304,2203,22,3010,40.2,24.25,18.6,40.53,1.0,20.6,1.33,73.42,100.0,94.02,70.1,58.8,0.66,97.01,68.77,3.99,10680,3.55,35.21,3.56,92.34,90.91,22.59,11.3
220305,2203,22,2600,18.46,13.46,10.38,52.69,0.38,37.31,6.92,38.08,96.15,87.31,93.08,76.92,0.38,98.08,83.85,27.31,8260,3.18,32.69,4.0,90.11,84.8,30.0,10.38
220306,2203,22,2130,57.28,33.33,39.91,46.48,0.0,53.05,0.94,68.08,100.0,95.31,71.36,53.52,0.47,97.65,79.81,18.78,7230,3.39,35.55,3.87,91.42,89.03,25.35,6.57
220307,2203,22,2080,43.27,21.15,36.06,12.5,0.0,47.12,0.0,74.52,100.0,96.15,83.17,67.79,0.0,96.63,73.08,44.23,6840,3.29,35.82,2.63,88.15,88.89,22.6,12.02
220308,2203,22,2100,60.0,20.0,45.71,36.19,0.0,87.14,0.95,51.9,99.52,96.67,69.05,23.33,0.0,98.57,80.48,25.24,7690,3.66,40.83,3.25,86.81,54.27,23.33,8.1
220309,2203,22,2600,48.46,30.0,26.54,5.38,0.38,38.46,1.92,63.08,100.0,95.0,81.54,69.23,2.31,97.69,86.92,9.23,8940,3.44,35.01,4.03,89.85,89.45,34.23,5.77
220310,2203,22,1620,37.04,8.64,24.69,41.98,0.0,23.46,0.0,66.05,98.77,90.12,69.75,56.79,0.0,98.15,82.72,25.93,6420,3.96,41.74,1.87,85.03,87.13,30.25,7.41
220311,2203,22,6030,65.17,46.43,46.43,24.21,0.0,71.14,0.66,66.5,99.83,92.7,74.79,62.35,0.66,95.69,80.6,21.39,21710,3.6,39.38,2.49,77.89,85.13,36.32,21.56
220312,2203,22,2230,73.54,4.04,59.19,19.28,0.0,44.39,1.35,79.82,100.0,96.41,56.95,47.98,0.0,99.55,76.23,8.97,8430,3.78,42.47,1.9,88.25,69.43,27.35,13.9
220313,2203,22,2370,45.99,38.4,32.49,19.41,0.42,69.2,1.69,66.67,100.0,94.09,78.48,64.14,0.42,97.89,84.39,2.53,9030,3.81,38.98,3.99,87.11,92.65,28.69,6.75
220314,2203,22,3770,67.11,5.31,51.72,24.4,0.0,77.19,0.8,42.97,100.0,94.96,61.27,58.09,0.27,98.67,88.86,46.95,14570,3.86,43.86,2.88,83.86,80.51,25.73,17.51
220315,2203,22,4030,56.58,4.71,42.18,1.99,0.0,27.54,4.47,72.7,99.26,97.02,56.58,61.54,0.25,98.51,75.93,12.66,15650,3.88,42.17,2.04,81.44,79.03,21.59,18.61
220316,2203,22,1360,52.94,21.32,27.21,1.47,0.0,46.32,2.21,63.24,98.53,90.44,70.59,36.76,0.74,96.32,83.09,17.65,5420,3.99,39.48,3.14,88.72,74.56,25.0,7.35
220317,2203,22,4340,41.01,36.18,30.41,44.93,0.0,24.65,1.84,53.0,99.77,88.71,81.11,78.57,1.61,92.86,73.5,8.06,14310,3.3,33.82,3.07,87.01,90.91,33.41,14.52
220318,2203,22,5880,62.93,7.65,52.38,7.65,0.17,62.41,2.21,57.65,99.83,94.39,69.39,63.95,1.36,97.11,82.48,18.03,23290,3.96,44.61,1.5,84.41,82.44,22.28,14.46
220319,2203,22,7950,66.29,55.35,51.95,22.14,0.13,64.91,0.38,28.43,100.0,93.96,64.03,44.65,1.01,95.72,76.6,8.55,26070,3.28,35.1,3.64,78.78,84.3,32.2,18.87
220320,2203,22,3590,51.81,11.98,38.16,55.15,1.67,8.36,14.48,86.35,100.0,92.2,71.31,76.6,1.39,97.21,72.98,13.93,12030,3.35,33.5,3.91,92.25,85.43,30.08,7.24
220321,2203,22,3110,60.13,22.83,36.33,37.3,1.29,42.12,0.64,68.17,99.36,91.64,66.56,42.77,0.0,97.43,80.71,26.05,11470,3.69,40.54,3.05,78.01,86.76,31.51,12.54
220322,2203,22,3800,51.58,45.0,30.0,5.53,0.0,57.89,2.37,43.95,100.0,96.32,65.79,57.11,1.32,97.89,82.63,33.16,13490,3.55,38.25,3.11,81.27,70.38,29.21,15.79
220323,2203,22,3300,46.06,40.3,26.06,49.09,0.0,60.91,3.03,26.97,99.09,94.85,77.88,64.24,0.3,98.48,82.12,34.55,10070,3.05,33.66,2.78,84.73,94.15,26.36,15.15
220324,2203,22,2330,70.82,37.77,47.21,18.45,0.0,71.24,2.58,65.67,99.57,94.42,78.11,70.39,0.86,93.56,77.25,64.81,8870,3.81,37.32,2.25,89.03,87.56,24.89,16.74
220325,2203,22,25240,20.56,8.16,7.09,70.21,1.74,13.55,6.97,79.87,99.25,45.96,78.76,87.72,7.45,31.81,26.51,3.25,85000,3.37,33.49,1.87,96.43,92.97,34.11,4.68
220326,2203,22,3560,44.1,52.53,41.29,19.66,0.0,69.94,2.53,33.15,100.0,92.98,71.63,61.52,0.28,96.07,81.46,9.83,11200,3.15,35.0,2.5,82.14,84.02,31.46,20.22
220327,2203,22,2010,52.24,11.44,45.77,4.48,0.0,48.26,4.48,63.68,100.0,94.03,73.13,42.79,0.5,99.0,87.56,18.91,7380,3.67,38.35,3.79,87.47,88.69,22.89,12.44
220328,2203,22,2210,56.56,4.98,52.49,19.91,0.0,87.33,0.9,44.34,99.55,95.02,48.87,57.47,1.36,99.55,80.09,20.81,7860,3.56,41.98,1.91,81.14,77.2,28.05,18.1
220401,2204,22,1710,18.13,19.88,4.09,1.17,0.0,73.1,0.0,77.78,100.0,94.74,91.81,79.53,0.58,100.0,39.77,2.92,6820,3.99,40.47,2.35,88.18,92.44,23.98,10.53
220402,2204,22,2900,44.83,20.34,37.59,2.07,0.0,51.72,5.86,83.45,99.66,93.1,63.79,68.28,0.34,94.48,81.72,9.66,10670,3.68,41.61,2.81,74.44,74.31,24.48,22.41
220403,2204,22,1620,54.94,19.14,38.89,33.95,0.0,79.01,4.32,93.83,100.0,90.74,79.63,83.33,0.62,93.21,85.19,29.01,5920,3.65,39.7,1.52,82.07,80.0,16.67,29.01
220404,2204,22,8750,28.23,25.03,23.09,36.34,0.57,35.54,1.37,74.51,99.31,76.11,63.31,70.86,3.09,80.91,57.03,4.23,33050,3.78,38.15,2.72,87.96,82.44,27.89,13.94
220405,2204,22,1390,74.1,76.98,71.22,24.46,1.44,90.65,2.16,74.82,99.28,90.65,61.15,58.99,1.44,71.94,84.17,64.75,4910,3.53,42.97,3.87,73.57,76.67,28.78,31.65
220406,2204,22,3540,48.59,50.85,37.85,14.12,0.0,97.46,0.85,44.35,99.72,91.53,79.94,63.84,0.28,95.2,89.83,31.92,14080,3.98,42.33,3.55,83.72,73.18,30.23,24.29
220407,2204,22,1830,3.83,3.28,42.08,38.8,0.0,59.02,5.46,95.63,100.0,97.27,94.54,71.58,2.73,100.0,90.16,60.66,7260,3.97,38.43,2.2,74.27,78.57,24.04,30.05
220408,2204,22,870,6.9,3.45,4.6,0.0,0.0,77.01,0.0,93.1,100.0,95.4,68.97,64.37,0.0,100.0,63.22,0.0,3740,4.3,43.85,2.94,69.52,46.05,26.44,26.44
220409,2204,22,2640,28.41,25.0,22.73,21.21,0.0,49.24,1.89,75.38,100.0,92.05,75.0,78.03,0.38,98.86,82.58,21.21,9910,3.75,39.86,4.04,86.24,89.04,29.55,17.05
220410,2204,22,8660,37.76,25.06,33.26,33.95,0.23,26.1,8.2,70.79,98.27,85.45,87.64,76.44,1.96,94.0,85.68,29.33,30250,3.49,36.17,3.17,88.54,88.36,30.02,12.47
220411,2204,22,2760,27.17,14.49,23.55,53.99,0.0,33.33,8.7,81.88,99.28,90.94,68.48,66.3,0.72,99.28,86.23,9.78,10750,3.89,39.44,3.81,93.7,87.3,23.19,8.33
220412,2204,22,1820,74.18,67.58,60.99,0.55,0.0,99.45,0.0,25.27,99.45,90.66,71.43,37.91,2.75,100.0,91.76,29.12,7520,4.13,46.14,3.59,63.7,55.98,28.02,34.62
220413,2204,22,2190,65.3,62.56,55.25,21.0,0.46,93.15,2.28,62.56,99.09,90.87,69.86,52.51,1.83,95.89,83.56,1.37,8420,3.84,45.37,2.02,67.76,70.14,31.05,31.51
220414,2204,22,6490,63.48,60.25,55.78,28.81,0.15,96.15,0.31,59.94,99.85,91.99,58.09,61.02,0.46,92.14,74.58,10.79,23120,3.56,42.0,3.33,77.33,82.58,30.35,33.59
220415,2204,22,1060,83.02,82.08,85.85,3.77,0.94,96.23,0.94,15.09,98.11,95.28,61.32,51.89,0.0,99.06,96.23,70.75,3920,3.7,40.05,3.57,75.74,71.43,32.08,29.25
220416,2204,22,2980,33.89,29.19,36.24,11.74,0.0,91.28,0.0,57.38,100.0,96.64,76.85,66.11,1.01,97.99,90.94,17.11,11460,3.85,43.02,4.62,82.36,79.12,27.52,24.16
220417,2204,22,2450,56.73,67.76,57.96,14.69,0.41,98.78,0.0,37.96,97.96,97.55,55.51,44.49,0.82,96.33,84.9,32.24,9000,3.67,42.0,5.0,73.75,63.14,32.65,31.02
220418,2204,22,6100,54.43,45.08,41.64,27.05,0.16,72.95,0.66,65.08,99.51,93.44,61.31,70.66,0.98,96.72,86.23,11.15,21570,3.54,39.55,3.48,81.29,85.24,29.34,22.79
220419,2204,22,6350,2.99,2.05,1.89,92.6,2.2,29.76,5.35,80.79,98.74,32.76,71.81,94.33,8.82,16.54,22.52,6.77,20800,3.28,32.45,1.88,96.37,93.35,38.58,7.09
310101,3101,31,7750,74.97,61.94,75.87,26.97,0.0,58.32,1.55,12.26,99.35,80.26,69.55,46.19,2.32,90.32,84.26,16.26,37720,4.87,41.91,2.6,83.3,75.08,18.71,9.29
310102,3101,31,4950,67.68,73.94,91.52,6.26,0.0,38.38,1.41,9.49,98.99,90.1,42.63,21.01,0.0,99.6,88.89,18.38,27340,5.52,47.84,1.39,69.92,66.92,13.94,20.0
310103,3101,31,4740,72.36,61.6,77.85,73.63,0.42,18.35,2.53,13.29,99.58,77.22,56.33,49.58,0.21,93.25,84.18,16.24,22960,4.84,43.86,1.87,88.91,77.68,20.68,9.92
310104,3101,31,4870,86.24,74.13,90.35,36.34,0.41,77.21,0.41,13.96,98.97,81.93,67.35,56.26,0.21,96.92,92.61,25.67,23260,4.78,45.92,1.55,77.11,62.54,18.48,20.12
310105,3101,31,4870,91.38,80.49,91.17,25.05,0.0,78.64,1.64,5.34,97.74,95.89,55.85,36.96,0.0,98.56,91.17,20.12,27290,5.6,48.48,1.98,61.07,64.03,16.63,26.9
310106,3101,31,2940,94.56,85.37,96.6,18.37,0.0,69.05,0.34,7.14,97.62,80.95,51.02,24.15,0.0,98.98,93.2,19.73,15670,5.33,48.44,2.17,66.34,59.95,14.97,21.43
310107,3101,31,3760,87.77,69.95,82.18,24.2,0.0,94.41,0.8,1.6,100.0,80.32,52.39,56.12,0.53,96.28,83.78,27.39,19530,5.19,48.28,1.28,62.97,51.49,17.29,38.56
310108,3101,31,2620,95.04,93.51,97.33,0.0,0.0,93.89,0.0,57.25,99.62,87.79,75.57,45.8,0.0,96.95,95.04,19.85,13240,5.05,48.56,2.42,41.85,47.5,10.69,42.37
310109,3101,31,6410,80.5,73.63,84.4,52.26,0.16,19.03,8.42,11.7,99.69,87.21,52.42,49.14,0.62,96.41,90.33,19.03,31590,4.93,42.61,2.12,87.7,79.98,22.15,12.01
310201,3102,31,1890,51.32,32.28,24.34,11.64,0.0,27.51,0.53,9.52,97.88,90.48,66.14,55.03,0.0,99.47,93.65,54.5,9330,4.94,49.95,4.82,90.79,88.89,49.21,6.88
310202,3102,31,1780,85.39,80.9,87.64,30.34,0.0,38.2,0.56,0.56,100.0,96.63,53.93,34.27,0.0,97.75,93.82,51.12,9250,5.2,47.68,2.27,69.63,62.69,20.22,23.6
310203,3102,31,1340,91.79,80.6,79.1,27.61,0.0,29.1,0.0,6.72,100.0,85.82,61.19,34.33,0.75,99.25,85.07,40.3,6540,4.88,47.4,1.99,73.55,72.41,26.12,20.15
310204,3102,31,4790,93.95,78.08,77.45,11.48,0.21,84.55,1.88,7.93,99.58,90.4,17.33,19.0,0.21,95.41,61.59,14.61,21780,4.55,44.26,1.74,69.93,69.25,22.55,19.0
310205,3102,31,1790,63.69,29.61,55.87,20.11,0.0,80.45,0.0,41.34,98.88,98.32,46.37,37.43,0.0,100.0,70.95,37.99,9020,5.04,45.34,2.22,87.22,81.78,21.23,12.85
310206,3102,31,1090,65.14,43.12,48.62,35.78,0.0,38.53,0.0,48.62,100.0,94.5,60.55,30.28,0.0,98.17,87.16,55.05,5720,5.25,45.63,2.1,85.21,90.0,22.02,6.42
310207,3102,31,10570,16.27,4.16,8.33,89.4,7.76,2.08,7.47,76.06,99.62,30.75,83.73,85.15,13.34,41.91,43.61,5.3,41160,3.89,33.28,3.3,97.63,93.68,32.07,1.42
310208,3102,31,3320,66.57,40.66,40.96,30.12,0.0,23.19,0.9,15.66,100.0,76.51,69.88,50.9,0.6,95.18,82.83,33.73,14050,4.23,41.14,4.48,92.62,84.94,32.23,5.42
310209,3102,31,3580,86.87,74.02,77.93,18.99,0.0,46.65,0.28,5.87,99.72,75.98,60.61,29.61,0.56,98.04,91.06,61.17,17570,4.91,43.94,4.27,83.45,79.32,27.37,10.89
310210,3102,31,980,85.71,57.14,51.02,18.37,1.02,50.0,0.0,11.22,98.98,74.49,68.37,53.06,0.0,96.94,88.78,36.73,4680,4.78,44.44,4.7,87.69,84.8,33.67,11.22
310211,3102,31,2730,63.0,64.1,80.59,47.99,0.0,62.27,1.1,45.42,100.0,88.28,42.86,32.6,0.0,97.8,59.71,9.52,14340,5.25,44.14,1.39,66.92,75.68,20.15,22.34
310212,3102,31,1030,18.45,15.53,11.65,37.86,0.0,0.97,0.97,10.68,100.0,93.2,72.82,67.96,0.0,97.09,92.23,75.73,4850,4.71,44.54,4.95,93.68,87.5,45.63,6.8
310213,3102,31,2180,88.99,75.23,91.74,8.72,0.0,34.86,0.46,11.47,100.0,93.58,55.96,24.77,0.0,97.71,91.28,17.43,12440,5.71,49.36,1.93,87.78,80.38,18.35,11.93
310214,3102,31,3000,61.0,72.33,59.33,25.33,0.0,4.67,2.0,18.33,99.0,81.33,67.0,46.33,1.33,94.67,87.0,19.33,12640,4.21,38.84,3.4,91.59,87.12,19.33,7.0
310215,3102,31,1040,14.42,6.73,9.62,67.31,1.92,7.69,3.85,43.27,100.0,88.46,74.04,70.19,1.92,91.35,88.46,48.08,5250,5.05,41.52,5.71,95.44,92.59,39.42,5.77
310216,3102,31,4370,76.43,66.82,73.23,6.64,0.0,41.42,0.46,8.7,99.54,88.1,75.06,40.96,0.92,96.11,91.53,35.93,21430,4.9,44.98,3.55,77.61,72.14,22.88,14.65
310217,3102,31,990,83.84,59.6,65.66,60.61,0.0,10.1,2.02,13.13,100.0,83.84,72.73,35.35,1.01,100.0,95.96,58.59,4850,4.9,44.54,2.89,84.01,83.78,25.25,6.06
310218,3102,31,2360,34.75,29.24,10.17,17.8,0.0,8.47,0.42,28.81,100.0,90.25,59.32,73.73,0.0,96.19,93.22,45.34,11480,4.86,50.7,4.62,89.22,88.7,54.24,10.17
310219,3102,31,1290,80.62,89.92,86.82,20.16,0.78,3.1,0.0,3.88,100.0,96.9,63.57,20.93,0.0,99.22,89.92,21.71,6220,4.82,42.28,2.41,85.52,85.12,25.58,8.53
310220,3102,31,2520,42.46,19.84,17.86,13.89,0.0,15.48,1.59,19.05,100.0,88.89,63.89,57.14,0.4,98.41,92.06,43.25,11820,4.69,47.97,3.89,88.46,88.11,38.49,6.75
310221,3102,31,2420,81.4,74.38,69.83,11.98,0.0,9.5,2.07,7.44,99.59,90.08,59.5,28.51,0.0,99.17,92.15,32.64,10930,4.52,43.73,2.84,82.44,77.44,20.66,9.09
310222,3102,31,4740,81.86,73.42,62.66,37.97,0.0,20.68,1.48,18.14,99.16,92.83,71.52,46.84,1.48,98.52,93.04,53.38,22620,4.77,44.78,3.93,92.55,84.53,23.21,6.33
310223,3102,31,1770,95.48,93.79,90.4,3.39,0.0,76.27,2.26,18.64,100.0,99.44,53.11,13.56,0.0,100.0,96.05,29.94,9500,5.37,47.47,1.16,70.34,73.44,14.12,23.73
310224,3102,31,1050,75.24,90.48,90.48,9.52,0.0,36.19,0.0,20.0,100.0,94.29,69.52,31.43,0.0,99.05,96.19,62.86,5450,5.19,47.34,3.12,82.93,83.13,20.95,6.67
310225,3102,31,490,85.71,61.22,48.98,0.0,0.0,89.8,0.0,53.06,100.0,97.96,73.47,18.37,0.0,100.0,87.76,48.98,2700,5.51,51.85,1.48,86.92,82.19,26.53,6.12
310301,3103,31,3000,60.0,52.33,42.0,9.0,0.0,39.67,1.0,14.67,100.0,93.67,59.33,39.0,0.0,98.67,97.33,52.33,16600,5.53,49.82,2.89,88.48,83.62,28.67,8.0
310302,3103,31,1850,99.46,88.65,67.57,0.54,0.0,18.38,6.49,9.73,98.92,95.14,61.08,18.38,0.54,100.0,98.92,74.59,10720,5.79,49.53,3.36,77.63,86.29,23.24,10.27
310303,3103,31,1460,95.21,95.21,91.1,3.42,0.0,15.07,4.11,34.93,97.95,93.84,65.75,18.49,0.0,98.63,97.26,85.62,7800,5.34,48.08,2.31,93.33,80.86,18.49,4.79
310304,3103,31,6770,56.72,38.55,30.28,45.49,2.66,3.84,2.81,41.95,99.7,69.87,81.54,62.19,4.28,77.55,75.78,44.46,27250,4.03,37.98,4.59,97.63,91.05,29.1,3.1
310305,3103,31,2780,79.5,72.3,64.75,8.27,0.0,32.01,1.44,10.79,98.92,91.37,75.54,50.0,1.08,96.04,95.32,57.55,14710,5.29,44.87,3.13,87.05,88.45,27.34,8.63
310306,3103,31,3340,61.68,55.99,45.81,29.34,0.0,5.39,0.9,16.17,99.4,88.92,68.86,44.91,0.0,92.22,88.02,61.08,16200,4.85,44.75,3.27,96.65,92.97,33.23,0.9
310307,3103,31,2170,84.79,82.03,61.75,5.07,0.0,30.41,5.53,17.05,99.08,95.39,63.13,35.02,0.0,97.24,94.01,61.75,11810,5.44,46.32,3.64,89.91,83.83,37.79,9.68
310308,3103,31,6230,86.84,82.34,60.19,4.82,0.0,0.64,3.05,37.24,98.88,95.51,82.66,48.15,0.16,98.72,97.59,84.59,29510,4.74,41.48,4.3,95.14,87.58,18.62,4.33
310309,3103,31,750,76.0,52.0,40.0,32.0,0.0,5.33,20.0,37.33,100.0,88.0,77.33,52.0,1.33,97.33,90.67,46.67,3290,4.39,39.51,6.08,96.48,93.9,22.67,4.0
310310,3103,31,3180,87.42,67.3,53.46,26.42,0.0,12.26,6.29,31.13,99.37,88.68,75.47,50.94,0.63,95.28,90.88,51.57,14160,4.45,40.32,5.58,96.21,93.72,27.36,3.77
310311,3103,31,4920,70.93,62.8,61.38,24.59,0.2,10.57,3.46,21.54,99.39,89.84,74.19,50.81,0.61,94.72,92.28,44.92,22860,4.65,43.0,5.12,94.45,90.08,28.05,3.25
310312,3103,31,780,84.62,70.51,47.44,11.54,0.0,2.56,1.28,39.74,100.0,89.74,70.51,56.41,0.0,97.44,92.31,83.33,3150,4.04,41.9,6.67,96.17,96.34,32.05,1.28
310313,3103,31,4680,89.1,72.86,66.24,18.59,0.0,9.19,5.34,20.94,99.57,93.59,70.73,33.33,0.0,98.72,97.22,69.44,21320,4.56,43.25,4.41,90.25,82.07,20.3,7.05
310314,3103,31,940,95.74,91.49,62.77,3.19,0.0,7.45,7.45,17.02,100.0,95.74,60.64,14.89,0.0,98.94,96.81,82.98,4250,4.52,43.76,2.82,92.05,89.08,21.28,4.26
310315,3103,31,2170,80.18,75.12,60.83,4.61,0.0,51.61,1.84,11.52,98.62,100.0,57.6,31.34,0.46,100.0,98.16,48.85,12090,5.57,49.79,2.81,88.8,86.07,26.27,7.37
310401,3104,31,2270,92.51,80.18,92.95,70.48,0.0,17.18,0.0,2.2,99.56,97.8,60.35,44.05,0.44,98.68,95.59,67.4,10660,4.7,39.02,3.0,84.92,83.68,24.23,15.86
310402,3104,31,1460,73.97,63.7,82.19,29.45,0.0,12.33,0.68,13.7,99.32,93.84,77.4,44.52,0.68,95.89,93.15,48.63,7620,5.22,43.57,3.41,88.37,76.92,27.4,9.59
310403,3104,31,1240,80.65,77.42,84.68,45.16,0.0,58.87,2.42,3.23,100.0,99.19,45.97,34.68,1.61,99.19,93.55,32.26,6410,5.17,44.15,4.84,85.75,85.87,21.77,10.48
310404,3104,31,1320,95.45,78.03,92.42,46.97,0.0,44.7,0.0,12.88,100.0,95.45,54.55,34.09,0.0,98.48,90.91,20.45,6660,5.05,42.19,2.1,71.09,62.13,18.94,18.94
310405,3104,31,4740,73.0,64.56,75.53,47.68,0.63,35.23,0.42,10.34,98.95,80.8,56.75,50.21,1.27,89.66,83.12,40.08,22360,4.72,42.13,2.82,89.03,83.88,22.36,8.65
310406,3104,31,500,88.0,82.0,90.0,68.0,0.0,64.0,0.0,12.0,98.0,98.0,72.0,48.0,0.0,100.0,98.0,66.0,2140,4.28,39.72,4.21,86.82,53.66,24.0,4.0
310407,3104,31,2680,91.42,77.61,88.81,40.3,0.0,13.81,0.37,2.99,98.13,92.16,48.51,41.42,0.0,99.25,90.67,33.58,13400,5.0,44.03,3.66,72.27,73.89,23.51,23.13
310408,3104,31,1710,77.19,78.36,81.29,45.61,0.0,8.19,4.68,5.26,98.83,84.8,61.99,50.29,0.0,92.98,85.38,58.48,8100,4.74,39.38,5.19,85.95,86.84,30.41,18.71
310409,3104,31,4160,93.03,80.05,95.91,29.33,0.48,75.0,1.44,8.41,99.04,95.91,68.27,46.15,0.72,99.76,96.88,42.55,22470,5.4,47.84,2.14,66.55,56.37,22.6,30.77
310410,3104,31,800,91.25,85.0,93.75,83.75,0.0,7.5,0.0,2.5,98.75,100.0,81.25,45.0,0.0,98.75,96.25,72.5,3970,4.96,43.58,3.78,95.09,63.73,21.25,5.0
310411,3104,31,770,84.42,57.14,70.13,24.68,0.0,40.26,0.0,10.39,100.0,88.31,74.03,50.65,0.0,98.7,90.91,58.44,3730,4.84,42.9,5.36,80.75,82.65,20.78,7.79
310412,3104,31,1030,77.67,66.99,88.35,45.63,0.0,36.89,0.97,4.85,99.03,96.12,63.11,48.54,0.0,100.0,96.12,70.87,4580,4.45,41.7,4.59,84.64,83.78,18.45,9.71
320101,3201,32,650,84.62,92.31,93.85,1.54,0.0,6.15,4.62,1.54,100.0,100.0,32.31,6.15,0.0,100.0,93.85,9.23,3930,6.05,51.65,1.53,38.95,36.75,27.69,69.23
320102,3201,32,1220,98.36,90.16,96.72,2.46,0.0,12.3,3.28,11.48,100.0,99.18,65.57,5.74,0.0,98.36,96.72,43.44,7490,6.14,51.94,1.2,70.83,69.51,10.66,23.77
320103,3201,32,1820,91.76,78.02,81.87,28.57,0.0,13.74,8.24,13.74,98.35,83.52,60.99,25.27,4.4,91.21,85.71,23.63,9340,5.13,47.97,1.61,62.55,77.25,26.92,43.96
320104,3201,32,1010,81.19,96.04,99.01,6.93,0.0,0.99,0.0,0.0,100.0,95.05,63.37,4.95,0.0,98.02,90.1,22.77,5180,5.13,50.39,1.16,52.53,68.71,24.75,42.57
320105,3201,32,1280,85.94,96.88,98.44,1.56,0.0,46.09,0.78,41.41,98.44,99.22,76.56,4.69,0.78,100.0,98.44,17.97,5570,4.35,47.22,2.87,25.17,31.58,28.91,74.22
320106,3201,32,1690,97.63,97.63,94.08,0.59,0.0,48.52,0.0,1.78,100.0,100.0,40.83,3.55,0.0,100.0,94.67,5.33,8490,5.02,49.47,1.77,29.14,53.44,26.63,72.19
320107,3201,32,1450,92.41,92.41,97.24,1.38,0.0,7.59,0.0,40.0,100.0,91.72,58.62,4.14,0.0,97.93,86.9,29.66,6860,4.73,50.87,2.48,35.31,54.44,25.52,63.45
320108,3201,32,630,100.0,100.0,100.0,7.94,0.0,96.83,0.0,0.0,100.0,100.0,28.57,3.17,0.0,98.41,90.48,0.0,3640,5.78,55.77,1.37,13.66,15.6,30.16,84.13
320109,3201,32,310,100.0,90.32,100.0,0.0,0.0,96.77,0.0,6.45,100.0,96.77,54.84,0.0,0.0,100.0,100.0,6.45,1600,5.16,43.75,0.0,7.78,0.0,9.68,87.1
320201,3202,32,1640,87.8,83.54,76.22,26.83,0.0,75.61,3.66,16.46,98.17,93.9,64.63,21.95,0.0,92.07,84.15,13.41,8290,5.05,44.87,1.45,53.29,61.84,26.22,49.39
320202,3202,32,2260,92.04,92.04,88.94,5.75,0.0,99.12,0.0,1.77,99.12,98.67,53.54,8.41,0.88,98.23,92.92,15.04,13640,6.04,50.15,1.1,23.38,36.83,19.03,73.01
320203,3202,32,1040,91.35,88.46,75.0,8.65,0.0,94.23,0.0,0.96,100.0,95.19,44.23,9.62,0.96,98.08,73.08,5.77,4920,4.73,49.59,1.22,36.69,40.65,26.92,56.73
320204,3202,32,2990,83.61,87.96,68.23,18.73,0.0,83.28,3.01,3.01,98.33,96.66,44.48,13.04,0.33,95.65,76.25,7.36,15610,5.22,49.14,1.41,46.47,56.75,24.08,53.51
320205,3202,32,2540,85.83,81.1,77.95,11.42,0.0,96.06,0.39,3.15,99.61,98.03,48.82,14.57,0.0,96.46,85.04,7.48,12130,4.78,43.61,2.14,44.01,61.81,23.23,53.15
320206,3202,32,2280,95.61,92.98,89.91,6.14,0.0,44.3,3.95,3.07,99.12,94.74,45.18,11.84,0.44,97.37,88.16,15.79,12740,5.59,48.51,2.12,38.57,56.64,17.11,60.96
320207,3202,32,2760,96.38,86.23,69.93,5.8,0.0,89.13,2.17,3.26,96.38,97.46,51.45,15.22,0.36,97.46,88.41,9.78,13870,5.03,47.87,2.24,39.56,38.01,22.83,56.52
320208,3202,32,2220,84.23,79.28,62.16,6.76,0.0,89.64,0.45,2.7,100.0,94.14,73.42,18.02,0.0,95.95,93.24,24.77,13290,5.99,54.1,2.63,33.93,53.42,22.97,61.71
320209,3202,32,3690,89.97,85.09,62.87,6.23,0.27,89.97,2.17,5.42,97.29,97.56,71.0,13.82,1.36,94.31,90.79,35.5,23880,6.47,50.25,2.64,34.2,44.86,19.51,67.75
320210,3202,32,740,98.65,90.54,75.68,6.76,0.0,97.3,0.0,5.41,98.65,100.0,52.7,13.51,0.0,97.3,95.95,28.38,3320,4.49,40.96,4.22,51.53,69.77,28.38,52.7
320211,3202,32,2280,77.63,85.53,47.81,3.95,0.0,93.42,1.32,2.19,99.56,97.81,40.35,14.91,0.44,96.49,93.86,4.39,12280,5.39,49.19,1.95,45.67,65.63,20.61,39.91
320212,3202,32,1510,89.4,85.43,79.47,3.31,0.0,97.35,0.66,2.65,98.01,97.35,47.68,17.22,0.0,96.03,84.11,11.92,6680,4.42,45.06,2.54,41.64,40.62,29.14,56.29
320213,3202,32,4820,95.64,86.93,80.29,15.56,0.0,98.34,0.21,2.49,99.17,99.17,56.43,16.8,0.41,98.96,90.66,14.73,24910,5.17,48.17,0.84,27.27,33.23,18.88,73.65
320214,3202,32,2800,94.29,86.43,76.79,10.0,0.0,15.36,5.0,3.21,98.93,97.14,63.57,20.0,1.79,96.07,87.5,21.79,15830,5.65,45.36,1.83,46.13,54.17,26.79,62.5
320215,3202,32,8200,50.24,40.37,28.29,67.68,3.05,42.07,10.0,52.56,99.27,56.59,71.22,68.78,10.98,27.44,30.98,4.27,32820,4.0,35.37,3.02,91.37,91.08,37.44,9.15
320216,3202,32,3060,93.79,85.29,72.55,0.98,0.0,98.69,0.33,1.63,100.0,99.02,64.71,10.13,0.0,99.67,96.41,0.98,15530,5.08,48.04,0.9,17.97,22.36,21.9,80.72
320217,3202,32,1200,99.17,79.17,61.67,4.17,0.83,96.67,0.0,1.67,99.17,98.33,47.5,8.33,1.67,98.33,95.83,19.17,6580,5.48,46.66,1.22,15.1,22.65,16.67,83.33
320218,3202,32,3330,90.39,84.38,63.06,0.6,0.0,98.8,0.0,3.3,99.4,98.5,68.47,11.41,0.0,98.8,95.5,4.2,15610,4.69,51.12,1.41,28.31,51.64,29.13,69.37
320219,3202,32,1690,95.27,88.76,67.46,6.51,0.0,95.86,0.0,1.18,99.41,98.22,55.03,9.47,0.0,96.45,91.72,46.15,11030,6.53,51.59,2.72,30.9,42.81,24.26,62.13
320220,3202,32,1940,95.36,89.18,88.66,17.53,0.0,91.75,0.0,1.55,98.97,98.45,49.48,24.23,0.52,96.39,91.24,15.46,9920,5.11,47.68,2.32,34.49,46.79,39.18,68.56
320221,3202,32,2700,96.3,90.37,78.89,12.96,0.0,39.26,7.04,0.74,97.78,94.81,65.93,23.33,0.37,95.93,86.3,37.41,15560,5.76,47.81,2.57,37.73,48.37,20.37,62.96
320222,3202,32,1440,93.75,86.11,83.33,15.28,0.0,59.03,6.25,2.08,99.31,97.22,60.42,20.83,0.0,96.53,93.06,31.94,9340,6.49,51.82,3.1,42.89,53.79,25.0,55.56
320223,3202,32,1780,97.19,92.7,77.53,39.89,0.0,1.12,10.11,2.25,99.44,99.44,50.0,13.48,0.0,97.75,88.2,7.87,9890,5.56,48.33,2.12,56.16,58.46,23.03,41.01
320224,3202,32,1230,98.37,86.99,86.18,31.71,0.0,66.67,0.81,1.63,100.0,98.37,52.03,13.01,0.0,97.56,72.36,40.65,7240,5.89,49.45,1.38,37.98,44.61,22.76,56.1
320225,3202,32,1920,95.83,90.62,84.9,8.85,0.0,96.88,0.52,0.52,100.0,95.83,61.98,8.33,0.0,96.35,85.94,7.29,9320,4.85,44.74,2.9,41.75,56.65,27.6,59.38
320226,3202,32,1040,94.23,90.38,72.12,37.5,0.0,66.35,1.92,1.92,98.08,99.04,41.35,14.42,3.85,98.08,77.88,15.38,6340,6.1,47.79,1.89,37.46,46.95,24.04,64.42
320227,3202,32,1680,97.62,91.67,97.62,17.86,0.0,88.1,2.98,5.95,95.24,97.02,75.0,14.29,0.0,98.81,94.05,33.93,8680,5.17,48.96,1.04,50.11,75.8,22.62,43.45
320228,3202,32,3310,94.26,89.43,72.21,12.69,0.3,63.44,3.63,5.74,98.49,96.37,61.33,17.82,0.0,93.05,86.1,39.58,21060,6.36,50.66,2.8,44.03,49.07,25.98,61.63
320229,3202,32,1830,94.54,78.14,64.48,1.09,0.0,97.27,0.0,0.55,97.81,99.45,72.68,14.21,0.55,100.0,93.99,15.3,9340,5.1,46.79,0.86,22.33,32.05,31.69,78.14
320230,3202,32,2990,96.66,92.31,56.52,22.41,0.0,39.46,6.35,1.67,98.33,97.99,57.19,8.7,0.33,95.65,88.29,44.82,16980,5.68,50.24,1.47,33.49,54.87,29.43,68.9
320231,3202,32,1320,93.18,92.42,56.06,2.27,0.0,70.45,0.76,2.27,99.24,96.21,58.33,6.82,0.76,99.24,97.73,38.64,8010,6.07,52.93,0.87,24.67,36.41,25.76,69.7
320232,3202,32,1880,92.55,83.51,84.04,18.62,0.0,89.89,1.6,1.6,97.87,94.15,55.32,15.43,0.0,96.28,89.89,32.45,11540,6.14,51.65,1.73,30.65,44.83,17.55,64.89
320233,3202,32,1340,95.52,83.58,54.48,5.97,0.0,63.43,0.0,0.75,98.51,99.25,71.64,20.15,0.0,98.51,88.06,22.39,8250,6.16,50.42,1.94,25.92,40.69,24.63,73.88
320301,3203,32,1340,94.03,93.28,98.51,2.99,0.0,44.03,2.99,0.0,99.25,97.01,74.63,4.48,0.0,97.01,93.28,14.93,7060,5.27,47.17,1.42,62.73,67.34,22.39,39.55
320302,3203,32,960,98.96,85.42,95.83,15.62,0.0,32.29,1.04,0.0,100.0,96.88,55.21,9.38,0.0,100.0,92.71,6.25,5550,5.78,52.07,1.8,57.14,71.34,33.33,29.17
320303,3203,32,1390,100.0,97.12,99.28,0.0,0.0,92.09,0.0,0.0,99.28,99.28,62.59,10.07,0.0,99.28,92.09,62.59,8700,6.26,50.69,2.07,46.85,58.75,18.71,47.48
320304,3203,32,3150,78.1,61.27,80.63,31.11,0.32,40.63,1.27,19.05,99.68,80.0,47.94,24.13,1.59,92.7,64.76,10.16,15760,5.0,43.85,1.59,72.06,77.89,26.67,28.89
320305,3203,32,750,97.33,93.33,96.0,0.0,0.0,89.33,0.0,0.0,98.67,97.33,45.33,9.33,0.0,100.0,88.0,56.0,3710,4.95,44.2,1.62,22.22,11.63,18.67,60.0
320306,3203,32,580,100.0,86.21,100.0,0.0,0.0,74.14,1.72,0.0,100.0,98.28,74.14,17.24,0.0,100.0,100.0,22.41,3890,6.71,52.96,2.31,65.57,71.67,17.24,24.14
320307,3203,32,530,92.45,83.02,90.57,0.0,0.0,5.66,7.55,0.0,100.0,92.45,69.81,5.66,0.0,94.34,90.57,13.21,3290,6.21,58.36,0.61,61.31,80.0,13.21,37.74
320401,3204,32,1150,97.39,88.7,77.39,0.87,0.0,73.04,4.35,0.0,99.13,99.13,19.13,3.48,0.0,100.0,61.74,0.0,6840,5.95,55.56,1.46,32.57,57.56,10.43,57.39
320402,3204,32,1480,91.89,77.03,81.76,9.46,0.0,22.3,0.0,1.35,98.65,95.95,18.24,6.08,0.68,97.3,50.0,6.76,8000,5.41,51.0,2.12,56.12,61.14,18.24,29.73
320403,3204,32,1370,94.89,98.54,81.02,10.95,0.0,24.09,0.73,0.0,100.0,94.16,26.28,10.22,0.0,96.35,86.86,0.73,7500,5.47,53.2,1.33,48.43,74.75,16.79,32.85
320404,3204,32,3550,94.08,70.42,92.39,9.58,0.28,77.75,2.25,4.79,97.75,97.18,55.21,23.38,0.0,98.87,89.3,12.68,19660,5.54,47.46,2.95,64.47,74.01,30.14,38.03
320405,3204,32,2160,93.52,77.31,66.67,5.56,0.0,60.19,7.87,5.09,97.69,98.15,52.31,12.5,0.0,98.15,93.98,27.31,12320,5.7,52.92,1.06,40.0,46.48,20.83,55.56
320406,3204,32,2270,92.95,82.38,59.03,11.01,0.0,94.27,0.44,0.0,99.56,97.36,37.44,31.28,0.0,96.04,84.58,0.88,11470,5.05,48.39,1.22,34.46,44.62,26.87,56.83
320407,3204,32,1090,84.4,59.63,16.51,3.67,0.0,84.4,0.92,32.11,100.0,99.08,63.3,39.45,0.0,97.25,77.98,0.0,7170,6.58,51.05,1.53,31.34,29.56,19.27,55.05
320408,3204,32,1340,97.76,93.28,91.79,5.97,0.0,82.09,1.49,1.49,99.25,99.25,23.13,8.96,0.0,99.25,92.54,9.7,7490,5.59,53.0,1.6,30.97,50.0,29.85,64.93
320409,3204,32,1490,98.66,92.62,70.47,6.04,0.0,46.98,3.36,10.07,95.3,97.99,28.19,5.37,0.0,98.66,54.36,4.03,7090,4.76,49.22,1.41,46.67,52.58,13.42,53.69
320410,3204,32,2360,77.54,66.95,39.41,8.05,1.27,95.76,0.42,8.9,94.92,98.73,69.07,36.44,0.42,98.73,82.2,16.95,9590,4.06,41.29,0.63,44.94,54.73,15.25,56.78
320411,3204,32,1870,96.79,93.05,57.22,0.53,0.0,96.79,2.14,2.67,98.4,98.4,27.81,16.04,0.53,97.33,90.37,11.76,9590,5.13,49.53,1.15,59.92,65.09,22.46,28.88
320412,3204,32,3150,97.14,84.13,76.83,8.89,0.0,99.37,0.0,0.63,93.97,99.05,29.21,15.24,0.0,97.46,92.38,3.49,15960,5.07,48.5,1.57,30.05,45.19,18.73,59.05
320413,3204,32,1410,95.04,90.78,95.74,0.71,0.0,88.65,0.71,70.92,98.58,96.45,42.55,11.35,0.0,99.29,95.04,23.4,7190,5.1,53.41,2.36,59.28,66.84,20.57,29.08
320414,3204,32,1020,97.06,93.14,93.14,1.96,0.0,97.06,0.98,13.73,99.02,99.02,50.0,14.71,0.98,99.02,54.9,4.9,5800,5.69,52.07,0.86,41.01,57.33,5.88,54.9
320415,3204,32,1540,94.81,77.92,80.52,2.6,0.0,91.56,0.0,2.6,96.75,99.35,57.79,14.29,0.65,99.35,88.96,3.25,7870,5.11,47.27,2.41,60.0,47.06,16.23,55.19
320416,3204,32,3670,94.01,87.47,73.84,8.99,0.0,89.37,0.54,6.54,99.46,98.37,55.86,27.79,0.27,97.82,95.91,28.07,19220,5.24,48.91,2.03,43.43,48.62,26.7,58.04
320417,3204,32,1350,72.59,69.63,18.52,0.74,0.0,78.52,0.0,8.89,100.0,92.59,34.81,50.37,0.0,91.11,68.89,7.41,5260,3.9,38.02,3.99,93.25,82.64,37.78,16.3
320418,3204,32,850,94.12,65.88,49.41,2.35,0.0,45.88,0.0,18.82,100.0,100.0,71.76,32.94,0.0,100.0,100.0,4.71,4770,5.61,51.36,2.52,59.05,56.92,28.24,40.0
320419,3204,32,4090,44.74,42.54,23.72,5.62,0.0,76.53,1.22,44.74,100.0,97.07,55.01,49.63,0.0,97.8,40.83,26.16,21280,5.2,49.95,1.79,58.22,54.88,28.36,44.74
320420,3204,32,3610,66.48,49.03,34.07,10.53,0.28,90.03,0.55,9.14,99.45,92.8,51.52,38.23,0.28,90.86,59.28,5.54,17870,4.95,44.82,2.41,52.84,59.39,37.67,48.75
320421,3204,32,3780,91.27,80.42,51.85,7.94,0.26,79.89,0.79,3.97,98.94,92.33,22.75,11.64,0.0,93.65,62.17,5.29,20300,5.37,53.94,1.48,49.63,61.27,23.02,43.12
320422,3204,32,1090,95.41,91.74,91.74,3.67,0.0,94.5,1.83,3.67,100.0,100.0,22.94,21.1,0.0,97.25,93.58,55.96,5160,4.73,41.67,1.94,63.12,83.33,24.77,26.61
320423,3204,32,1840,87.5,74.46,50.54,2.17,0.54,98.91,1.09,2.72,100.0,96.74,55.43,40.22,0.0,98.91,89.67,8.15,10740,5.84,48.14,2.98,51.89,61.75,34.24,50.54
320424,3204,32,1680,97.02,83.93,61.31,10.71,0.0,85.12,3.57,13.1,100.0,98.81,57.74,19.64,0.0,99.4,97.02,23.81,9130,5.43,46.11,1.86,39.84,56.58,23.21,52.38
320425,3204,32,2870,90.24,75.26,35.54,13.24,0.0,93.73,0.7,3.48,98.95,98.61,58.19,44.95,0.35,97.21,72.82,9.41,15350,5.35,47.49,3.26,51.93,65.38,47.04,54.7
320426,3204,32,8370,50.18,32.14,12.66,39.9,0.84,48.27,1.55,28.43,99.64,69.41,59.98,62.37,3.82,67.86,52.33,9.2,39730,4.75,39.79,3.85,83.73,87.8,37.04,12.66
320427,3204,32,1160,95.69,89.66,62.93,0.0,0.0,49.14,0.0,3.45,99.14,94.83,13.79,2.59,0.0,99.14,70.69,0.0,7040,6.07,52.13,1.56,50.45,69.83,12.07,36.21
320428,3204,32,1880,86.7,82.45,58.51,2.66,0.53,93.09,1.06,26.06,98.94,98.94,45.21,29.26,0.0,98.4,90.43,12.23,8350,4.44,45.99,0.96,60.31,54.05,24.47,37.77
320429,3204,32,2520,86.51,84.52,24.6,5.95,0.0,98.41,0.4,4.76,98.41,98.02,30.95,13.89,0.4,92.86,76.98,0.79,13280,5.27,48.04,2.41,33.91,47.59,25.0,59.92
320430,3204,32,910,90.11,75.82,54.95,0.0,0.0,89.01,3.3,56.04,100.0,100.0,63.74,37.36,1.1,96.7,91.21,32.97,4250,4.67,47.53,3.76,80.27,69.37,21.98,23.08
320431,3204,32,2350,62.98,80.85,11.06,0.0,0.0,97.02,0.43,1.28,93.62,98.3,32.77,18.72,0.0,97.87,85.11,13.62,11690,4.97,48.59,1.54,38.44,59.06,34.47,54.04
320501,3205,32,1470,91.84,89.12,94.56,6.8,0.0,94.56,2.04,8.84,98.64,89.12,35.37,8.84,1.36,97.96,92.52,21.09,7710,5.24,47.73,1.56,34.24,60.93,18.37,58.5
320502,3205,32,1400,97.86,87.86,95.0,14.29,0.0,97.14,0.71,3.57,100.0,98.57,51.43,11.43,0.0,98.57,70.0,12.86,6300,4.5,47.3,0.79,39.16,50.0,25.0,63.57
320503,3205,32,1440,86.81,84.03,82.64,0.69,0.0,95.14,0.0,9.72,100.0,96.53,68.75,10.42,0.0,97.22,86.11,13.19,5660,3.93,40.64,0.88,41.67,61.61,11.81,49.31
320504,3205,32,1470,95.24,82.31,78.91,11.56,0.68,100.0,0.0,3.4,100.0,99.32,65.99,26.53,0.0,99.32,97.96,83.67,6400,4.35,43.91,1.25,40.67,62.28,19.05,51.02
320505,3205,32,1000,94.0,87.0,96.0,20.0,2.0,98.0,1.0,6.0,96.0,97.0,28.0,5.0,0.0,99.0,78.0,1.0,4270,4.27,49.88,1.17,22.43,50.0,27.0,71.0
320506,3205,32,2170,93.55,86.64,94.93,5.99,0.46,98.16,0.0,1.84,99.54,94.93,52.07,6.91,0.0,99.08,91.24,17.51,11060,5.1,48.55,1.9,39.37,66.23,17.51,48.85
320507,3205,32,2700,95.93,86.3,87.41,1.85,0.0,97.04,0.0,2.96,99.63,94.44,42.96,5.93,0.0,95.56,67.41,21.85,12060,4.47,44.03,1.66,42.52,60.45,24.81,50.0
320508,3205,32,1680,91.07,82.74,88.69,16.67,0.0,80.36,1.79,5.36,99.4,96.43,49.4,14.29,0.6,97.02,70.83,3.57,8040,4.79,47.89,1.49,36.52,72.4,22.02,54.76
320509,3205,32,2310,96.54,88.31,94.81,0.43,0.0,96.97,0.43,4.76,98.27,98.7,45.89,4.76,0.0,99.13,89.61,21.21,11660,5.05,50.09,1.29,36.25,43.1,15.15,55.41
320510,3205,32,2270,97.8,88.55,94.27,3.96,0.0,89.87,0.0,7.93,99.12,93.39,37.44,8.81,0.0,98.68,81.06,22.03,11640,5.13,48.02,1.37,46.78,62.58,17.62,40.09
320511,3205,32,3510,88.6,90.31,96.3,15.95,0.0,74.64,4.56,1.71,98.86,98.29,36.47,10.83,0.28,98.86,91.17,39.6,16320,4.65,49.39,1.84,37.41,58.16,21.37,54.13
320512,3205,32,2160,87.04,87.04,91.67,6.02,0.0,97.69,0.0,2.78,99.07,99.07,44.44,7.87,0.0,98.15,75.93,10.65,10360,4.8,48.55,1.16,21.2,48.19,15.28,83.33
320513,3205,32,2090,96.17,94.74,93.3,2.87,0.0,98.09,0.96,17.22,99.52,97.13,41.15,6.22,0.0,98.09,93.3,32.06,11800,5.65,53.05,1.1,44.58,75.96,16.75,41.15
320514,3205,32,1780,96.07,85.96,89.33,2.25,0.0,97.19,1.12,11.8,98.88,95.51,50.0,7.87,0.0,98.31,82.58,33.15,8850,4.97,49.49,1.36,51.45,59.13,21.35,41.01
320515,3205,32,2300,94.78,88.26,86.09,4.35,0.0,94.35,0.43,15.22,100.0,98.7,54.78,33.91,0.43,100.0,96.96,43.04,10270,4.47,46.06,0.88,38.81,49.56,10.43,49.13
320516,3205,32,2110,84.83,55.92,66.35,51.18,2.84,62.09,2.84,27.96,99.53,72.51,43.13,34.6,1.42,66.82,57.82,13.74,10040,4.76,44.12,1.2,82.89,76.78,31.28,21.8
320517,3205,32,1140,98.25,93.86,99.12,9.65,0.0,87.72,0.88,5.26,96.49,95.61,21.93,13.16,0.0,96.49,78.07,5.26,5650,4.96,48.67,2.12,30.0,61.11,23.68,62.28
320518,3205,32,1320,96.97,85.61,92.42,27.27,0.0,93.18,0.76,3.03,99.24,99.24,36.36,18.94,0.0,94.7,65.15,25.0,5930,4.49,44.86,0.34,47.09,63.31,28.03,41.67
330101,3301,33,9710,43.77,35.63,42.02,73.74,2.27,23.58,5.25,49.54,99.49,57.78,78.06,68.07,7.0,54.07,48.2,3.4,41770,4.3,37.47,3.21,95.41,86.21,32.65,4.22
330102,3301,33,1890,82.54,83.6,94.18,10.05,0.0,32.8,0.53,8.99,100.0,88.36,61.38,42.86,1.06,97.88,92.59,32.8,9480,5.02,37.97,3.38,93.71,89.04,16.4,5.82
330103,3301,33,6840,82.75,81.73,80.12,36.84,0.0,81.73,2.05,24.56,99.85,86.26,37.87,63.45,0.73,96.05,86.11,3.07,32190,4.71,45.42,1.8,79.57,59.66,23.83,24.12
330104,3301,33,4100,89.51,84.39,87.8,28.54,0.24,66.83,2.44,8.29,99.76,92.68,60.49,33.66,0.98,96.83,94.39,66.1,23050,5.62,42.34,2.73,93.6,82.41,16.83,7.32
330105,3301,33,2650,88.3,86.42,90.57,12.45,0.0,22.64,8.3,3.77,100.0,92.45,78.87,40.0,0.38,98.11,86.04,6.79,13270,5.01,38.51,2.41,90.81,85.85,20.0,6.04
330106,3301,33,1750,96.57,90.86,96.57,6.29,0.0,10.29,0.0,4.0,99.43,96.0,73.14,34.29,0.57,96.57,92.0,12.57,9300,5.31,40.65,3.44,92.39,87.89,16.57,9.14
330107,3301,33,4360,86.47,84.17,89.45,39.45,0.23,17.2,1.38,10.09,99.31,91.74,70.18,33.94,0.23,98.39,90.14,24.77,22860,5.24,38.23,3.59,94.19,90.05,15.6,3.67
330108,3301,33,2660,86.47,75.94,65.79,42.11,0.0,72.56,3.01,18.42,100.0,83.08,49.62,50.75,0.75,90.6,83.83,12.03,11850,4.45,41.18,1.69,87.52,67.77,27.44,15.79
330109,3301,33,1980,94.95,85.86,93.94,14.65,0.0,90.91,0.51,5.05,99.49,93.94,74.24,42.42,0.51,96.97,89.9,11.62,9140,4.62,43.98,5.25,86.72,77.55,16.67,8.59
330110,3301,33,2520,92.86,87.7,74.21,7.54,0.0,92.06,1.19,16.67,99.21,81.75,65.48,73.41,1.19,98.41,95.63,6.75,11760,4.67,44.9,1.62,80.56,58.96,23.02,15.48
330111,3301,33,5430,83.43,79.37,92.08,19.34,0.18,76.61,1.29,8.66,99.08,88.95,70.72,39.59,0.55,98.9,90.42,19.89,27520,5.07,43.6,2.4,87.18,76.34,22.28,8.29
330112,3301,33,1400,82.86,91.43,99.29,2.14,0.0,51.43,5.0,0.71,100.0,86.43,65.0,36.43,0.71,99.29,97.14,23.57,6730,4.81,34.03,6.09,95.5,89.86,12.86,6.43
330113,3301,33,3110,92.28,89.39,95.82,7.4,0.0,45.02,0.32,4.5,99.36,91.0,69.13,20.58,0.32,99.04,95.18,29.9,15730,5.06,41.96,3.56,89.27,81.53,12.86,8.04
330114,3301,33,1480,95.27,88.51,96.62,29.05,0.0,27.7,0.0,1.35,97.97,87.16,72.3,45.27,0.0,98.65,90.54,17.57,6990,4.72,38.77,3.15,87.62,79.19,18.24,15.54
330115,3301,33,2370,95.78,90.72,97.47,16.46,0.0,43.04,3.8,13.08,99.58,89.45,58.65,18.57,0.0,98.31,94.09,52.32,12410,5.24,41.42,3.38,79.78,78.49,14.35,12.24
330116,3301,33,2340,95.73,93.16,98.29,26.07,0.0,58.97,2.56,2.14,98.72,91.88,64.53,8.55,0.0,97.44,89.32,12.82,10580,4.52,39.89,2.84,89.62,78.0,16.24,9.83
330117,3301,33,4160,88.7,80.53,85.82,45.43,0.0,71.15,1.92,12.26,99.04,89.42,51.68,50.48,0.24,97.12,88.94,16.59,19240,4.62,42.52,2.49,84.18,83.4,19.47,13.7
330118,3301,33,1050,87.62,95.24,98.1,11.43,0.0,33.33,0.0,1.9,100.0,89.52,65.71,20.95,0.95,98.1,96.19,26.67,4690,4.47,39.87,4.26,93.26,86.67,19.05,4.76
330119,3301,33,1950,86.15,89.23,93.85,18.97,0.0,92.82,0.0,10.26,99.49,88.72,64.1,40.51,1.03,98.46,87.69,28.21,9490,4.87,45.94,1.79,63.94,67.82,14.87,32.82
330201,3302,33,3270,91.74,63.3,93.58,18.96,0.0,36.7,2.75,3.67,99.69,96.33,44.95,36.7,0.31,100.0,88.38,15.29,21530,6.58,48.21,1.58,79.55,72.62,19.27,14.07
330202,3302,33,2890,84.08,73.01,87.2,19.72,0.0,53.29,2.42,10.73,98.96,96.54,42.91,21.8,0.35,98.96,90.31,9.69,17120,5.92,49.77,3.15,65.7,67.54,29.41,30.1
330203,3302,33,2800,25.0,1.43,20.0,83.93,5.36,1.07,2.14,71.79,98.93,43.57,68.93,70.0,12.5,52.14,47.14,2.14,11760,4.2,35.46,3.91,96.71,89.63,37.14,2.5
330204,3302,33,2630,92.02,75.29,90.87,9.89,0.0,31.18,0.0,2.28,97.72,97.34,59.7,34.22,0.0,99.24,90.49,9.13,13890,5.28,46.0,2.59,61.2,54.25,19.01,22.43
330205,3302,33,2400,85.42,38.33,63.33,25.0,0.0,8.75,4.58,5.83,99.58,97.92,60.83,32.08,0.0,98.33,88.75,13.75,12030,5.01,40.98,4.82,89.72,85.45,25.42,5.0
330206,3302,33,2980,83.56,35.57,86.91,23.83,0.0,28.86,1.68,3.69,98.99,92.62,54.36,29.53,1.01,98.66,94.63,25.84,18460,6.19,47.62,2.33,80.56,77.69,15.1,9.06
330207,3302,33,2320,89.66,61.21,84.48,19.4,0.0,3.45,9.91,4.74,99.14,98.28,62.93,31.03,0.43,99.14,92.67,10.34,11630,5.01,38.95,3.44,89.72,84.92,19.4,8.62
330208,3302,33,4410,88.89,73.24,91.84,22.68,0.0,20.18,0.68,3.85,98.87,87.07,47.62,24.94,0.45,98.19,90.02,10.2,21710,4.92,42.79,2.81,79.79,76.94,23.36,11.56
330209,3302,33,2840,73.94,52.82,73.59,43.66,0.0,37.32,2.82,6.69,100.0,87.32,41.55,38.03,0.35,91.9,81.69,14.08,14010,4.93,44.25,2.28,75.54,78.06,28.52,10.92
330210,3302,33,4080,73.77,72.55,78.68,13.97,0.0,72.06,0.25,1.23,98.77,95.83,45.1,23.04,0.0,99.51,90.69,11.27,22400,5.49,46.83,2.32,60.62,58.57,19.85,23.04
330211,3302,33,2470,93.52,79.76,83.81,16.19,0.0,26.32,1.62,3.24,97.98,93.12,56.68,28.34,0.4,98.38,91.09,6.88,11510,4.66,41.01,1.56,80.85,77.47,23.48,12.15
330212,3302,33,2850,93.33,65.26,86.67,19.65,0.0,18.95,2.81,2.11,99.3,91.93,52.28,21.4,0.0,98.6,89.12,9.47,14130,4.96,41.76,2.41,65.86,78.53,24.21,11.93
330213,3302,33,2730,95.6,23.44,77.66,5.86,0.0,18.68,0.73,0.73,99.27,84.25,50.92,30.04,0.73,99.63,90.48,29.67,16030,5.87,46.85,2.81,87.68,85.23,22.34,7.33
330214,3302,33,2390,91.63,38.91,92.05,22.59,0.0,19.67,1.26,1.67,99.16,91.63,50.63,20.08,0.0,99.16,92.47,34.31,14610,6.11,46.41,1.78,86.46,85.03,18.41,7.11
330215,3302,33,2100,85.24,64.76,89.05,46.67,0.0,32.86,3.81,4.29,100.0,93.81,42.86,34.29,0.48,98.1,91.43,15.71,10200,4.86,44.9,2.84,79.0,57.3,24.76,12.38
330216,3302,33,3670,97.0,76.29,81.74,16.35,0.0,39.78,0.27,0.54,99.73,91.01,55.59,23.71,0.54,94.82,87.74,16.62,16720,4.56,38.34,2.87,75.65,78.69,24.8,13.62
330217,3302,33,4200,81.9,66.9,76.67,29.29,0.48,34.05,0.0,15.0,98.57,83.81,53.57,34.05,0.48,92.86,82.86,9.76,20320,4.84,41.14,3.05,83.28,68.72,28.33,7.86
330218,3302,33,2090,89.95,78.95,92.82,8.13,0.0,72.25,0.0,0.96,98.56,91.87,52.15,42.58,0.96,100.0,90.91,18.18,11200,5.36,45.62,1.43,56.32,41.72,17.7,31.58
330301,3303,33,48160,24.38,8.18,13.14,86.34,9.99,4.55,8.7,78.8,95.87,43.52,77.6,81.83,23.75,30.83,35.8,2.55,192470,4.0,31.32,3.22,97.37,89.67,31.04,2.1
330401,3304,33,1020,99.02,92.16,96.08,17.65,0.0,74.51,0.0,1.96,100.0,93.14,61.76,45.1,0.0,99.02,91.18,14.71,5140,5.04,45.53,3.31,80.0,83.56,19.61,6.86
330402,3304,33,3640,97.25,77.47,95.6,11.81,0.0,8.79,0.55,2.47,100.0,94.23,59.62,36.81,0.27,99.73,91.21,12.91,18210,5.0,45.09,1.98,85.5,83.43,16.21,7.14
330403,3304,33,5170,94.2,82.79,95.16,20.7,0.19,60.35,0.0,5.22,98.84,92.46,60.74,37.33,0.19,99.03,86.85,16.05,26200,5.07,46.49,2.21,70.33,66.62,20.31,17.79
330404,3304,33,1820,91.21,81.87,90.11,37.36,0.0,53.85,0.0,5.49,99.45,83.52,51.65,51.65,0.55,95.6,80.77,15.93,8510,4.68,43.48,2.35,83.78,82.61,26.37,7.69
330405,3304,33,2160,90.28,78.24,87.5,8.33,0.46,34.72,2.31,6.48,99.54,91.67,69.91,37.5,0.46,97.22,87.04,14.35,10220,4.73,41.68,2.64,90.27,81.82,23.61,2.31
330406,3304,33,1940,96.91,87.11,92.27,21.13,0.0,89.69,1.03,2.06,97.94,80.93,47.42,42.78,0.0,99.48,81.96,21.13,10580,5.45,46.41,1.98,63.67,51.33,15.98,25.26
330407,3304,33,2370,94.09,56.54,92.41,17.72,0.0,35.02,3.8,2.53,99.58,93.25,46.41,29.96,0.0,98.31,89.45,11.39,11630,4.91,45.57,1.72,79.62,71.69,16.46,14.77
330408,3304,33,3030,89.44,77.89,80.86,39.27,0.0,36.96,0.33,6.27,100.0,78.88,61.06,59.41,1.32,91.42,83.83,15.84,15290,5.05,43.69,2.03,86.99,84.53,24.09,12.21
330409,3304,33,1750,98.29,92.57,98.86,6.86,0.0,91.43,0.0,1.14,99.43,95.43,65.14,49.14,0.0,100.0,95.43,33.71,9470,5.41,46.57,2.64,83.0,52.52,16.0,8.0
330410,3304,33,2160,83.33,77.78,82.41,60.19,0.0,50.46,0.46,10.19,99.54,83.8,50.0,47.22,0.93,97.22,81.48,12.04,10120,4.69,41.9,2.27,82.65,84.34,14.81,12.04
330411,3304,33,2110,79.15,53.08,64.45,62.09,0.47,27.01,0.0,34.12,99.53,63.98,64.93,63.51,2.37,86.26,59.72,9.95,9620,4.56,41.68,3.64,89.29,90.73,23.22,3.79
330412,3304,33,1940,98.45,85.05,96.39,13.92,0.0,69.59,0.0,1.03,98.97,97.94,41.24,46.39,0.0,98.97,74.74,13.4,10400,5.36,48.17,1.25,71.24,76.32,20.62,20.62
330413,3304,33,920,98.91,84.78,98.91,11.96,0.0,32.61,0.0,9.78,100.0,96.74,56.52,39.13,0.0,100.0,93.48,19.57,5100,5.54,50.98,2.75,56.0,53.99,18.48,16.3
330501,3305,33,2590,89.96,83.78,96.14,16.99,0.0,93.44,0.39,3.86,99.61,86.1,64.86,47.49,0.0,98.46,90.35,36.29,13010,5.02,49.27,1.23,72.73,60.53,20.08,22.39
330502,3305,33,1920,93.75,85.94,96.88,1.04,0.0,94.79,0.0,7.81,98.96,88.02,55.73,53.65,0.0,96.35,92.19,50.0,8380,4.36,44.03,1.67,46.27,43.3,15.1,48.44
330503,3305,33,7260,83.61,73.0,82.37,29.2,0.28,70.8,0.55,22.45,99.45,80.3,64.46,53.44,1.79,86.91,80.17,9.09,34640,4.77,45.73,1.76,77.5,61.21,22.04,18.04
330504,3305,33,4240,98.82,92.92,97.64,20.52,0.0,93.16,0.47,0.94,98.82,90.8,55.66,52.83,0.47,99.06,90.8,24.76,23250,5.48,49.2,1.98,81.54,74.7,13.21,11.32
330505,3305,33,1620,96.91,95.68,98.77,10.49,0.0,97.53,0.0,0.0,100.0,90.12,52.47,59.26,0.62,100.0,93.83,22.22,8500,5.25,50.59,2.71,45.48,37.45,12.96,40.74
330506,3305,33,4570,93.65,91.47,96.06,24.51,0.0,86.87,0.88,2.19,98.47,91.9,51.64,56.02,0.22,97.81,85.12,17.72,23430,5.13,47.08,1.96,69.68,42.77,17.29,21.88
330507,3305,33,1220,97.54,98.36,97.54,1.64,0.0,98.36,0.0,1.64,100.0,99.18,17.21,59.02,0.0,99.18,93.44,73.77,5590,4.58,50.45,3.04,22.74,32.41,35.25,69.67
330508,3305,33,1300,96.92,95.38,93.85,0.0,0.0,95.38,0.0,33.08,100.0,94.62,35.38,57.69,0.0,98.46,96.92,62.31,6360,4.89,51.26,1.26,48.06,26.58,26.92,63.08
330601,3306,33,3270,79.2,63.61,79.51,50.15,0.61,22.63,2.14,8.26,99.39,89.91,62.39,49.54,1.22,92.97,91.44,25.38,16560,5.06,38.1,4.35,89.66,85.79,12.84,7.34
330602,3306,33,3810,84.78,69.03,67.45,7.09,0.0,25.46,0.26,4.46,98.95,97.11,53.02,17.06,0.0,98.95,96.33,59.06,20970,5.5,41.82,2.53,90.66,80.37,14.17,8.14
330603,3306,33,5830,91.77,83.19,92.28,25.9,0.34,33.79,2.06,2.57,98.11,96.23,70.33,37.22,1.54,96.74,90.22,28.3,26320,4.51,38.98,3.84,92.22,71.09,19.04,6.86
330604,3306,33,4230,88.18,87.0,91.73,33.1,0.47,41.37,2.13,4.02,99.76,82.74,57.45,31.91,0.71,87.0,85.82,34.99,20690,4.89,38.62,4.06,91.34,84.77,19.62,4.96
330605,3306,33,5140,83.07,43.58,64.4,33.66,0.39,12.65,2.92,14.01,99.61,80.93,59.92,36.58,1.17,88.91,82.3,23.54,24360,4.74,41.34,3.49,89.57,89.27,19.46,4.67
330606,3306,33,1730,75.72,77.46,90.75,14.45,0.0,20.81,0.0,6.94,98.84,90.17,71.1,39.31,0.58,98.84,95.38,42.2,7970,4.61,41.15,3.89,88.27,84.31,13.87,9.83
330607,3306,33,1270,74.8,70.87,85.83,30.71,0.0,0.0,2.36,10.24,98.43,91.34,82.68,36.22,0.0,89.76,77.17,7.09,6510,5.13,38.25,2.92,93.03,81.7,19.69,1.57
330608,3306,33,3360,68.15,80.65,83.33,27.98,0.0,2.98,4.46,16.07,98.81,88.69,72.02,55.06,0.6,93.75,86.9,21.73,15920,4.74,38.19,2.83,93.29,85.97,21.43,7.44
330609,3306,33,3150,92.7,74.29,87.94,5.4,0.0,58.41,2.22,24.76,100.0,92.38,58.73,14.6,0.32,99.68,95.24,35.56,17710,5.62,48.96,1.69,84.85,77.97,15.24,16.83
330610,3306,33,2670,97.0,83.9,97.75,18.73,0.0,34.08,0.0,7.49,99.25,92.51,65.17,44.19,0.37,95.88,86.52,32.21,13190,4.94,43.59,3.18,78.9,68.95,20.22,12.73
330611,3306,33,2260,93.81,76.55,84.51,11.95,0.0,23.89,0.0,10.62,99.12,94.25,57.96,33.63,0.44,99.12,96.9,38.5,11400,5.04,43.25,5.0,83.62,82.43,17.7,16.37
330612,3306,33,1320,93.94,77.27,77.27,6.06,0.0,22.73,0.76,12.12,98.48,99.24,66.67,20.45,0.76,100.0,99.24,75.76,7330,5.55,42.56,2.73,92.87,87.69,20.45,10.61
330613,3306,33,1700,89.41,93.53,97.65,12.35,0.0,32.94,4.12,2.94,100.0,97.65,54.12,24.12,0.0,99.41,94.71,64.71,8690,5.11,39.7,5.64,87.79,82.74,17.06,10.59
330614,3306,33,1130,92.04,74.34,84.07,19.47,0.0,62.83,0.0,7.08,100.0,92.04,68.14,44.25,0.88,100.0,92.92,58.41,5380,4.76,34.94,2.97,94.86,87.61,18.58,1.77
330615,3306,33,2180,98.17,88.53,98.17,22.02,0.0,65.6,0.46,0.92,99.54,94.5,56.88,35.32,0.46,100.0,88.99,18.81,11090,5.09,44.82,2.52,82.82,77.78,19.27,7.34
330616,3306,33,1060,72.64,93.4,89.62,28.3,0.0,33.02,4.72,2.83,98.11,88.68,69.81,42.45,1.89,99.06,100.0,44.34,5610,5.29,39.04,3.21,93.86,83.54,17.92,1.89
330701,3307,33,5370,60.52,41.53,73.56,72.44,0.56,44.51,1.3,15.27,99.63,84.54,72.25,36.13,1.49,92.36,88.27,12.66,27470,5.12,43.1,2.73,85.73,76.17,29.42,13.78
330702,3307,33,3230,92.26,82.04,87.62,5.26,0.0,41.49,0.0,11.15,99.69,96.28,56.66,18.89,0.31,99.07,95.36,47.37,18400,5.7,46.09,2.17,80.52,74.33,19.2,17.03
330703,3307,33,2830,44.88,47.35,54.42,38.52,0.35,20.49,2.12,22.97,99.29,78.09,76.68,40.64,1.41,86.57,78.45,7.42,14480,5.12,40.81,2.76,88.8,87.53,21.2,9.89
330704,3307,33,2250,88.44,57.33,87.11,33.33,0.0,42.67,0.44,8.89,98.67,90.22,62.22,33.78,0.44,94.22,94.22,18.67,12200,5.42,42.46,2.38,81.77,85.46,17.78,16.0
330705,3307,33,1600,94.38,73.12,85.0,10.62,0.0,30.0,1.25,5.62,99.38,75.0,53.12,45.0,0.62,97.5,90.62,25.0,8280,5.18,41.43,2.42,90.1,82.52,16.25,10.62
330706,3307,33,940,96.81,73.4,85.11,38.3,0.0,30.85,0.0,2.13,100.0,97.87,51.06,28.72,0.0,96.81,87.23,37.23,4680,4.98,41.24,5.56,93.82,89.43,22.34,6.38
330707,3307,33,2600,76.92,67.31,87.69,10.77,0.0,70.77,9.23,1.15,99.62,92.31,58.08,29.62,0.0,99.23,85.0,27.31,15400,5.92,48.64,2.66,76.86,73.04,20.77,13.85
330708,3307,33,1740,89.66,60.34,89.66,18.39,0.0,59.77,0.0,6.9,100.0,91.95,50.0,18.97,0.0,98.28,94.83,40.8,9490,5.45,42.36,3.06,92.5,83.19,20.11,4.02
330709,3307,33,1560,68.59,51.28,65.38,78.85,0.0,1.92,0.0,14.1,100.0,88.46,73.08,44.87,2.56,88.46,77.56,1.28,7510,4.81,38.08,4.39,96.56,89.66,29.49,3.85
330710,3307,33,1960,81.63,66.33,82.65,66.33,0.0,12.24,0.0,15.82,100.0,85.71,59.18,30.61,1.53,91.33,80.1,21.43,9120,4.65,41.01,3.73,82.16,80.72,18.37,10.71
330711,3307,33,2720,86.03,66.91,87.13,17.65,0.0,26.1,1.47,7.72,98.16,89.71,60.66,33.09,1.84,98.16,93.38,19.49,14460,5.32,42.46,3.39,93.39,82.64,23.16,4.41
330712,3307,33,3570,70.03,56.02,82.63,66.67,1.4,39.78,5.88,7.84,99.44,86.55,68.63,36.97,1.12,93.84,91.04,29.41,19240,5.39,43.66,3.17,87.64,83.27,20.45,12.04
330713,3307,33,1320,50.76,56.06,86.36,56.82,0.0,8.33,12.12,3.79,98.48,95.45,68.94,35.61,1.52,98.48,96.21,27.27,6670,5.05,39.73,3.15,95.52,84.08,25.0,6.06
330714,3307,33,830,86.75,75.9,91.57,37.35,0.0,37.35,0.0,1.2,98.8,90.36,59.04,13.25,0.0,100.0,100.0,10.84,4660,5.61,43.56,1.93,71.86,76.19,15.66,21.69
330715,3307,33,1020,82.35,66.67,72.55,1.96,0.0,46.08,0.0,17.65,99.02,99.02,77.45,25.49,0.0,99.02,94.12,34.31,5290,5.19,43.1,1.13,95.35,79.74,11.76,4.9
330716,3307,33,950,94.74,68.42,94.74,26.32,0.0,28.42,0.0,10.53,100.0,93.68,62.11,45.26,0.0,95.79,88.42,10.53,5060,5.33,42.09,4.55,89.42,88.89,23.16,5.26
340101,3401,34,1850,90.27,96.22,99.46,9.19,0.0,98.92,0.54,0.0,98.92,97.84,2.7,3.78,0.0,100.0,91.35,3.78,10140,5.48,52.27,1.28,26.03,23.73,18.38,69.73
340102,3401,34,2870,93.38,93.03,83.97,35.89,0.0,82.93,0.7,10.1,100.0,90.59,18.12,35.54,0.7,97.21,88.85,19.86,13850,4.83,44.33,2.6,53.31,47.66,18.12,48.78
340103,3401,34,3630,88.15,90.36,90.91,32.23,0.28,86.23,0.28,4.68,99.17,87.05,19.83,37.47,0.28,98.07,83.75,6.61,18340,5.05,50.44,1.96,54.9,52.82,24.24,42.42
340104,3401,34,1020,99.02,97.06,99.02,25.49,0.98,99.02,0.98,0.0,99.02,99.02,17.65,18.63,0.0,100.0,86.27,7.84,4720,4.63,45.55,1.48,52.92,52.99,20.59,47.06
340105,3401,34,1030,97.09,94.17,98.06,3.88,1.94,90.29,1.94,8.74,100.0,85.44,12.62,17.48,1.94,99.03,85.44,4.85,5890,5.72,53.48,1.36,54.01,64.74,13.59,41.75
340201,3402,34,3970,98.24,96.73,97.98,10.08,0.0,97.73,0.0,2.77,99.24,93.45,37.03,69.02,0.0,99.5,97.23,19.14,16670,4.2,45.11,1.32,53.22,46.04,17.38,41.56
340202,3402,34,2660,90.23,92.11,91.35,29.7,0.0,93.61,0.38,0.75,98.87,89.85,53.01,55.26,0.0,98.12,83.83,21.8,12530,4.71,46.61,2.08,79.52,67.94,19.92,27.07
340203,3402,34,2470,94.33,95.95,96.36,11.34,0.0,94.33,0.0,2.02,98.79,95.14,21.46,32.39,0.81,97.98,89.07,19.03,10830,4.38,47.09,1.57,44.15,42.34,23.08,55.47
340204,3402,34,3130,90.1,94.57,95.85,28.43,0.0,85.62,0.64,3.19,100.0,94.57,32.59,35.78,0.32,98.08,76.04,9.27,14720,4.7,48.64,1.49,52.51,35.02,20.77,49.2
340205,3402,34,2840,94.01,92.61,90.49,29.23,0.0,95.07,0.7,4.93,99.3,86.62,34.15,54.23,0.35,96.13,82.39,10.21,12120,4.27,46.29,1.4,55.15,39.86,20.77,47.18
340206,3402,34,1600,68.75,82.5,80.62,40.62,0.62,73.75,1.88,10.62,98.75,90.0,66.88,61.88,0.62,96.25,90.62,5.62,7190,4.49,41.45,3.06,87.65,76.88,21.88,18.75
340207,3402,34,1200,97.5,95.83,95.0,4.17,0.83,99.17,0.0,8.33,100.0,91.67,34.17,58.33,0.0,99.17,95.83,22.5,4690,3.91,45.42,2.56,31.25,19.83,23.33,65.0
340208,3402,34,9050,20.99,15.69,12.93,95.03,3.31,15.14,4.2,64.97,99.34,46.08,71.71,80.44,11.82,43.76,47.18,2.76,39970,4.42,37.38,2.35,96.2,93.52,28.73,5.19
340209,3402,34,4920,91.87,90.04,86.59,21.54,0.0,96.75,0.2,5.08,99.59,91.87,29.88,45.33,1.02,84.15,72.97,6.3,21130,4.29,43.07,1.7,52.7,32.68,18.9,47.15
340210,3402,34,1310,87.79,93.89,90.84,3.05,0.0,94.66,0.0,3.05,100.0,93.89,28.24,48.09,0.0,98.47,92.37,29.77,4920,3.76,43.7,1.63,25.63,28.57,21.37,76.34
340211,3402,34,1330,97.74,98.5,96.99,48.12,0.0,97.74,0.75,1.5,93.98,96.99,72.18,51.88,0.0,100.0,93.23,31.58,5720,4.3,45.28,2.8,71.25,46.26,24.06,42.11
340212,3402,34,5910,95.09,90.52,91.71,24.03,0.0,92.39,0.51,4.74,99.32,89.51,32.66,46.02,0.85,96.62,81.22,21.32,27050,4.58,46.91,2.51,55.36,51.21,23.52,41.96
340213,3402,34,3480,59.48,65.23,54.89,52.87,1.72,72.99,2.87,32.76,99.14,68.39,39.66,59.48,4.6,84.77,77.3,4.31,14440,4.15,40.93,1.87,65.77,49.11,23.56,35.06
340214,3402,34,2270,97.36,98.68,94.71,36.56,0.0,97.36,0.44,0.44,99.12,91.19,46.26,47.58,0.0,99.12,91.63,6.61,10810,4.76,49.12,1.94,77.27,54.74,20.26,31.72
340215,3402,34,4160,93.75,91.83,84.86,35.34,0.48,88.94,1.44,1.92,99.04,87.5,30.29,47.6,2.4,96.63,82.21,10.34,18250,4.39,44.88,2.9,63.32,50.56,17.55,33.65
340216,3402,34,3010,91.03,94.68,94.02,34.55,0.0,98.34,0.0,1.33,99.67,72.09,31.23,51.83,0.0,94.68,84.39,10.63,14110,4.69,49.04,1.49,47.57,38.73,21.93,43.19
340217,3402,34,1790,99.44,98.32,98.32,1.68,0.0,100.0,0.0,1.12,98.88,95.53,30.73,66.48,0.0,98.32,92.18,4.47,8130,4.54,50.06,1.72,33.99,39.63,25.7,69.83
340218,3402,34,1000,92.0,95.0,92.0,34.0,0.0,80.0,0.0,5.0,100.0,97.0,46.0,45.0,0.0,100.0,90.0,35.0,4250,4.25,43.76,2.82,83.26,75.82,20.0,19.0
340219,3402,34,2950,83.05,80.0,74.58,30.51,0.0,92.54,0.0,4.07,98.98,77.29,40.68,57.63,1.36,98.31,89.83,6.78,13360,4.53,41.99,1.95,71.61,67.52,21.02,25.08
340220,3402,34,7590,57.31,42.42,44.14,56.79,0.13,67.59,3.43,17.26,99.74,73.25,46.25,70.22,1.71,40.32,37.68,0.4,33010,4.35,39.93,0.88,73.12,65.43,16.86,34.12
340301,3403,34,2270,90.75,92.95,97.36,6.17,0.0,97.8,0.0,2.2,100.0,94.71,74.01,45.37,0.0,97.8,88.11,16.74,10110,4.45,43.82,1.88,65.49,60.46,24.23,29.07
340302,3403,34,4540,85.46,83.7,82.38,28.85,0.0,85.02,0.22,12.56,99.12,84.14,54.19,34.36,1.76,90.97,80.62,5.95,20800,4.58,45.67,1.63,61.5,70.32,23.57,30.62
340303,3403,34,1870,97.33,96.79,83.42,1.6,0.53,97.33,0.0,2.67,98.4,94.65,61.5,10.7,0.53,98.93,92.51,41.18,9260,4.95,46.76,1.94,42.6,37.73,13.9,60.96
340304,3403,34,3090,96.12,97.09,98.06,14.89,0.0,98.38,0.65,0.65,100.0,97.09,63.11,23.62,0.65,98.06,84.14,30.74,14940,4.83,46.85,1.74,45.34,48.5,20.71,51.46
340305,3403,34,950,86.32,94.74,98.95,13.68,0.0,96.84,0.0,0.0,100.0,98.95,52.63,35.79,0.0,96.84,76.84,26.32,4540,4.78,44.05,1.32,50.0,33.03,22.11,49.47
340306,3403,34,1740,98.85,97.13,97.7,2.3,0.0,98.85,0.0,0.0,98.85,99.43,70.11,27.01,0.0,99.43,78.16,2.3,7660,4.4,44.52,1.57,52.94,54.34,21.26,51.15
350101,3501,35,2570,97.28,57.2,86.77,30.35,0.39,68.48,5.06,31.91,98.44,88.72,31.52,10.89,0.0,95.33,78.6,10.51,11330,4.41,43.16,2.82,70.34,62.06,27.63,19.84
350102,3501,35,1780,94.94,70.79,87.08,3.93,0.0,44.38,2.25,26.97,98.31,85.96,34.27,18.54,0.56,99.44,92.7,4.49,9070,5.1,45.42,2.54,62.22,56.09,25.84,26.97
350103,3501,35,610,95.08,83.61,72.13,13.11,0.0,32.79,3.28,1.64,96.72,86.89,68.85,13.11,0.0,98.36,91.8,13.11,3160,5.18,43.67,4.11,70.79,56.96,21.31,19.67
350104,3501,35,3250,97.54,79.38,95.69,3.38,0.0,50.15,3.08,40.62,99.38,95.08,52.92,8.62,0.0,96.92,86.15,12.62,16010,4.93,43.47,2.19,65.3,69.91,22.77,22.46
350105,3501,35,1830,94.54,82.51,91.8,30.05,0.0,81.97,2.73,23.5,98.91,96.17,62.84,12.57,0.0,98.91,89.07,25.68,9450,5.16,43.49,2.96,67.04,63.12,19.13,27.32
350106,3501,35,3000,98.33,89.67,94.33,7.0,0.0,94.67,0.67,30.67,98.0,93.0,40.33,11.0,0.33,99.0,93.33,23.33,15000,5.0,48.13,1.4,50.45,54.85,22.0,33.67
350107,3501,35,1370,100.0,88.32,96.35,1.46,0.0,87.59,3.65,42.34,99.27,95.62,22.63,5.11,0.73,97.81,91.97,6.57,6780,4.95,47.35,1.77,35.85,54.12,16.06,43.8
350108,3501,35,2900,94.14,86.9,95.17,12.41,0.34,88.97,0.69,28.97,99.31,93.1,46.9,25.17,0.34,92.07,88.62,11.72,14170,4.89,46.15,1.55,60.55,61.48,22.41,34.48
350109,3501,35,7510,95.87,69.11,86.55,14.78,0.27,59.52,3.86,45.27,100.0,86.82,45.41,15.71,1.07,93.74,88.28,19.84,37440,4.99,46.66,1.47,65.55,67.78,23.7,21.97
350110,3501,35,3640,98.08,91.76,98.35,2.47,0.27,99.45,0.0,51.37,99.73,96.15,45.33,9.62,0.27,98.9,95.88,32.14,19760,5.43,50.0,1.97,35.43,49.54,17.31,55.22
350111,3501,35,1760,84.09,57.95,71.02,20.45,0.0,50.0,6.82,40.91,98.86,83.52,44.32,28.41,0.0,90.91,78.41,7.39,7880,4.48,44.92,2.66,64.75,64.55,22.16,21.02
350112,3501,35,2180,97.71,66.06,94.95,0.46,0.0,50.0,2.75,22.02,99.08,94.04,35.32,18.81,0.0,99.08,91.28,9.63,10440,4.79,44.16,1.72,71.01,67.13,18.81,18.81
350113,3501,35,1810,95.03,92.82,97.24,1.66,0.0,81.77,0.55,13.26,97.79,99.45,55.25,9.39,0.0,98.9,95.03,25.97,9740,5.38,47.54,0.72,48.34,41.67,17.68,45.86
350114,3501,35,1370,97.08,88.32,98.54,5.84,0.0,90.51,0.73,41.61,100.0,81.75,32.12,8.76,0.0,99.27,83.21,14.6,6920,5.05,46.24,1.16,50.27,57.51,26.28,44.53
350115,3501,35,2870,89.55,58.54,63.07,28.22,8.36,24.39,8.36,40.77,98.95,89.55,60.98,35.89,0.0,96.86,92.68,21.6,13710,4.78,40.99,1.24,70.09,67.76,19.51,23.0
350116,3501,35,460,86.96,84.78,95.65,0.0,0.0,58.7,2.17,45.65,100.0,84.78,41.3,4.35,0.0,100.0,80.43,17.39,2340,5.09,52.99,1.28,83.64,40.85,23.91,15.22
350117,3501,35,830,93.98,91.57,84.34,2.41,0.0,67.47,1.2,30.12,100.0,95.18,48.19,14.46,0.0,100.0,95.18,10.84,4890,5.89,55.01,0.82,40.45,48.7,8.43,49.4
350201,3502,35,1180,95.76,93.22,86.44,0.0,0.0,94.92,0.0,2.54,98.31,99.15,68.64,27.12,0.0,98.31,92.37,11.86,4980,4.22,40.16,2.61,59.06,62.3,21.19,39.83
350202,3502,35,2080,97.6,91.35,96.15,37.5,0.0,98.08,0.0,8.65,99.52,97.12,41.83,17.31,0.0,99.04,86.06,25.96,9460,4.55,47.36,4.02,44.78,69.53,34.13,59.13
350203,3502,35,1780,99.44,87.08,84.27,14.61,0.0,85.39,2.25,15.17,94.94,94.38,60.67,33.71,0.0,97.75,92.13,6.74,8120,4.56,47.41,2.22,47.78,63.68,29.21,57.87
350204,3502,35,1520,90.79,88.16,63.82,7.24,0.0,88.16,0.0,9.87,98.68,96.05,64.47,29.61,0.0,96.05,98.03,1.32,7330,4.82,47.2,1.91,43.41,54.36,23.03,54.61
350205,3502,35,710,98.59,97.18,80.28,29.58,0.0,98.59,0.0,7.04,98.59,88.73,61.97,26.76,0.0,98.59,98.59,30.99,3390,4.77,46.61,2.95,50.28,69.15,21.13,46.48
350206,3502,35,3180,81.13,85.22,41.82,19.5,0.0,95.6,0.94,6.6,99.69,94.03,70.13,21.38,0.31,96.54,84.91,36.16,16670,5.24,46.43,3.06,44.12,46.7,29.87,55.35
350207,3502,35,3320,98.49,93.67,85.54,5.42,0.0,95.18,0.6,6.63,99.4,95.48,48.8,11.14,0.0,98.49,84.94,20.78,16710,5.03,47.94,2.09,44.02,40.76,26.81,47.29
350208,3502,35,1390,98.56,98.56,99.28,2.88,0.0,96.4,0.72,8.63,98.56,98.56,38.13,13.67,0.0,99.28,96.4,68.35,6900,4.96,47.83,1.01,38.06,53.85,19.42,43.17
350209,3502,35,930,98.92,96.77,100.0,19.35,0.0,94.62,1.08,7.53,97.85,95.7,49.46,15.05,0.0,100.0,95.7,16.13,4470,4.81,47.2,1.12,46.19,62.3,22.58,31.18
350210,3502,35,1810,85.08,70.17,70.17,8.29,0.0,89.5,1.1,24.86,98.9,96.69,67.4,33.15,0.55,98.34,97.24,48.07,8250,4.56,39.64,3.39,59.84,59.26,30.39,48.62
350211,3502,35,2340,83.76,68.38,73.08,12.82,0.43,69.66,1.71,27.78,95.73,85.9,59.4,53.42,1.71,83.76,76.5,24.36,10060,4.3,37.57,1.69,58.44,59.56,29.91,39.32
350212,3502,35,890,98.88,58.43,89.89,0.0,0.0,85.39,4.49,66.29,100.0,95.51,11.24,5.62,0.0,100.0,89.89,8.99,4640,5.21,48.92,1.29,33.33,46.49,13.48,60.67
350213,3502,35,1340,98.51,94.78,96.27,2.24,0.0,94.03,1.49,9.7,96.27,99.25,56.72,11.94,0.75,100.0,92.54,20.9,6970,5.2,48.64,1.15,42.74,38.16,25.37,56.72
350214,3502,35,710,100.0,85.92,87.32,16.9,0.0,94.37,0.0,22.54,100.0,91.55,49.3,33.8,0.0,95.77,92.96,4.23,3220,4.54,45.03,1.24,55.37,47.44,32.39,40.85
350215,3502,35,1160,100.0,93.1,95.69,0.86,0.0,78.45,0.86,14.66,100.0,99.14,48.28,20.69,0.86,98.28,93.97,3.45,6210,5.35,51.21,1.93,40.92,41.28,24.14,47.41
350216,3502,35,1870,99.47,95.19,95.19,0.53,0.0,94.65,0.0,9.63,95.72,95.19,27.27,14.44,0.0,98.4,86.1,24.06,8530,4.56,45.37,1.76,28.33,31.96,20.86,59.89
350217,3502,35,2570,98.05,90.27,83.27,19.84,0.0,73.93,2.33,13.23,98.05,91.83,60.31,22.57,1.17,96.11,93.77,7.78,11480,4.47,45.91,1.92,56.84,63.98,24.9,44.75
350218,3502,35,930,90.32,84.95,70.97,11.83,0.0,52.69,6.45,21.51,98.92,100.0,52.69,51.61,1.08,96.77,90.32,18.28,4200,4.52,41.19,2.62,43.32,46.6,35.48,53.76
350219,3502,35,1720,93.6,79.65,69.77,20.35,0.0,72.09,1.16,8.14,98.26,85.47,39.53,21.51,1.74,96.51,82.56,5.23,8620,5.01,47.56,1.86,56.19,50.0,24.42,37.79
350220,3502,35,540,98.15,94.44,100.0,40.74,0.0,96.3,0.0,0.0,94.44,100.0,38.89,5.56,0.0,100.0,87.04,0.0,2280,4.22,39.91,2.19,32.85,16.36,25.93,51.85
350221,3502,35,2920,97.95,87.33,97.95,37.67,0.0,82.19,0.34,28.42,100.0,89.04,78.42,46.23,0.0,90.75,71.92,18.84,12450,4.26,42.49,2.57,67.88,69.11,29.79,29.45
350222,3502,35,2200,90.0,85.91,85.91,20.45,0.0,76.82,0.0,14.09,94.55,91.82,36.82,20.91,0.91,93.18,85.91,8.18,10210,4.64,42.51,1.47,49.91,54.96,27.73,46.36
350223,3502,35,1200,97.5,84.17,81.67,0.0,0.0,98.33,0.83,10.83,99.17,98.33,65.83,44.17,0.0,98.33,97.5,23.33,5210,4.34,44.91,1.54,60.63,48.57,33.33,48.33
350224,3502,35,11240,53.2,40.66,19.93,71.89,7.12,22.86,9.7,60.68,99.73,55.43,76.42,72.15,10.23,32.12,35.94,8.81,46280,4.12,35.07,3.76,90.58,86.44,33.01,7.3
350225,3502,35,930,96.77,97.85,76.34,4.3,1.08,94.62,2.15,4.3,100.0,98.92,66.67,17.2,0.0,88.17,72.04,36.56,4570,4.91,49.89,1.53,42.36,53.12,16.13,44.09
350226,3502,35,2140,69.63,79.91,50.47,22.9,0.0,77.1,0.93,15.89,97.2,90.65,77.57,45.33,0.47,95.33,75.7,11.68,10690,5.0,42.75,2.99,60.29,59.71,30.84,37.38
350227,3502,35,1380,98.55,92.75,92.03,26.81,0.0,86.23,0.0,2.9,99.28,97.83,63.77,30.43,0.0,96.38,93.48,27.54,6210,4.5,38.81,2.42,56.58,60.26,27.54,44.2
350228,3502,35,1260,84.13,76.19,73.81,17.46,0.0,88.89,1.59,16.67,100.0,100.0,68.25,38.1,0.0,99.21,84.92,50.79,6160,4.89,46.27,2.27,61.03,62.15,30.16,35.71
350229,3502,35,1500,98.67,96.0,81.33,9.33,0.0,71.33,0.67,8.67,98.67,92.67,60.0,28.0,0.0,94.67,89.33,18.67,7220,4.81,48.61,2.22,53.1,50.0,20.67,36.67
350230,3502,35,590,93.22,93.22,64.41,15.25,0.0,59.32,6.78,1.69,100.0,98.31,37.29,6.78,0.0,100.0,93.22,74.58,2390,4.05,41.0,2.09,56.03,41.94,32.2,49.15
350231,3502,35,1750,95.43,92.57,84.0,9.14,0.0,81.14,1.71,8.57,98.86,92.57,62.29,18.86,0.57,98.86,93.71,36.57,8980,5.13,47.55,1.78,42.89,35.68,16.57,54.86
350232,3502,35,790,93.67,72.15,79.75,3.8,0.0,56.96,2.53,20.25,100.0,83.54,30.38,13.92,0.0,93.67,81.01,7.59,3740,4.73,45.45,1.34,56.86,49.02,21.52,37.97
350233,3502,35,1020,96.08,94.12,95.1,4.9,0.0,93.14,0.98,7.84,100.0,88.24,47.06,22.55,0.98,98.04,92.16,9.8,4630,4.54,48.6,1.51,42.02,50.51,22.55,50.98
350234,3502,35,1520,96.71,86.18,76.97,14.47,0.0,93.42,0.0,25.66,93.42,95.39,38.16,13.82,0.0,100.0,84.87,7.89,7720,5.08,45.73,0.78,57.28,54.21,15.13,41.45
350235,3502,35,2240,92.41,81.25,82.59,44.2,0.0,74.55,0.89,26.34,99.11,84.82,43.75,50.45,0.89,87.95,84.38,11.61,9750,4.35,42.15,2.46,69.68,67.63,29.91,28.57
350236,3502,35,1530,97.39,94.12,94.12,13.07,0.0,81.7,0.0,8.5,99.35,91.5,75.82,30.07,0.0,100.0,88.89,16.99,7510,4.91,49.0,1.07,63.71,77.93,24.84,31.37
350237,3502,35,2270,99.56,94.71,88.99,3.08,0.0,97.36,0.44,9.25,99.12,94.27,52.86,12.33,0.0,98.68,84.14,17.18,11680,5.15,52.14,1.97,32.92,53.92,23.79,44.05
350238,3502,35,1360,88.24,84.56,83.82,10.29,0.0,81.62,2.21,4.41,100.0,88.97,74.26,34.56,0.0,97.06,84.56,7.35,6170,4.54,43.27,1.3,67.71,60.59,23.53,32.35
350239,3502,35,1670,94.01,83.23,88.02,41.92,0.0,69.46,0.0,10.78,99.4,88.62,53.89,31.74,0.0,91.62,83.23,18.56,7590,4.54,44.14,3.03,76.42,88.32,23.35,19.76
350240,3502,35,2130,91.08,97.18,97.18,2.35,0.0,92.96,1.41,9.39,97.65,91.55,46.01,13.15,0.0,99.53,96.24,32.39,10200,4.79,49.61,1.76,36.77,60.28,26.29,44.13
350241,3502,35,960,98.96,87.5,90.62,15.62,0.0,92.71,1.04,4.17,100.0,92.71,36.46,26.04,1.04,93.75,84.38,23.96,4070,4.24,39.31,1.72,46.96,56.6,41.67,51.04
350242,3502,35,1070,93.46,71.03,69.16,15.89,0.0,89.72,0.0,5.61,99.07,91.59,27.1,18.69,0.0,98.13,86.92,1.87,5230,4.89,47.23,2.49,55.07,78.17,26.17,42.06
350243,3502,35,1440,93.75,79.86,71.53,15.97,0.0,94.44,1.39,29.17,96.53,97.92,63.89,53.47,1.39,90.97,79.86,16.67,5970,4.15,33.5,3.85,52.64,59.02,40.28,45.83
350244,3502,35,2280,93.42,84.65,75.0,14.04,0.0,98.25,0.44,29.82,95.18,92.54,61.4,46.05,0.0,93.42,75.44,25.0,9940,4.36,41.85,2.52,54.5,51.0,34.65,60.09
350245,3502,35,1500,97.33,90.67,96.67,9.33,0.0,95.33,0.67,3.33,100.0,98.0,53.33,16.67,0.0,96.0,86.67,3.33,7900,5.27,52.53,1.39,46.93,42.41,24.67,39.33
350246,3502,35,780,100.0,79.49,93.59,39.74,0.0,48.72,2.56,20.51,87.18,92.31,55.13,26.92,0.0,91.03,80.77,12.82,3520,4.51,45.17,3.12,60.62,75.56,32.05,35.9
350247,3502,35,1540,100.0,96.75,68.18,5.84,0.0,75.97,0.0,3.25,100.0,96.75,56.49,15.58,0.0,98.05,94.81,36.36,7960,5.17,52.14,1.38,28.87,37.39,29.22,61.69
350248,3502,35,2420,91.32,90.5,88.02,9.5,0.0,98.76,0.0,18.6,98.76,97.52,74.79,52.07,0.41,91.74,88.84,25.21,10480,4.33,41.98,1.24,53.12,63.87,28.93,46.28
350301,3503,35,3150,91.43,87.62,93.33,26.98,0.0,92.7,3.17,5.71,100.0,95.87,69.84,30.16,0.32,94.92,77.78,23.17,13940,4.43,42.68,4.73,76.47,87.47,28.25,27.62
350302,3503,35,1010,95.05,85.15,98.02,5.94,0.0,100.0,0.0,0.99,100.0,98.02,67.33,30.69,0.0,98.02,85.15,33.66,4560,4.51,37.72,3.73,77.11,78.57,29.7,29.7
350303,3503,35,650,95.38,87.69,93.85,12.31,0.0,56.92,4.62,10.77,100.0,92.31,67.69,35.38,0.0,93.85,80.0,4.62,2810,4.32,36.65,6.41,74.16,91.07,24.62,18.46
350304,3503,35,800,98.75,97.5,87.5,1.25,0.0,98.75,0.0,0.0,100.0,100.0,58.75,6.25,0.0,96.25,97.5,73.75,4780,5.98,48.95,2.72,43.85,57.46,15.0,55.0
350305,3503,35,1580,98.73,98.1,99.37,6.96,0.0,98.1,0.0,0.63,97.47,98.73,59.49,22.78,0.0,97.47,90.51,75.32,7990,5.06,48.06,3.0,60.72,70.56,27.85,37.34
350306,3503,35,2670,93.26,96.63,96.25,1.12,0.0,97.75,0.0,2.25,93.63,93.63,53.56,12.73,0.0,92.88,84.64,28.46,12170,4.56,47.25,1.97,50.0,64.51,25.84,31.09
350307,3503,35,740,66.22,64.86,79.73,27.03,0.0,91.89,0.0,2.7,100.0,93.24,77.03,44.59,0.0,86.49,70.27,13.51,3310,4.47,38.37,3.93,85.78,90.36,33.78,13.51
350308,3503,35,1410,94.33,87.23,96.45,2.13,0.0,94.33,0.0,0.71,87.23,93.62,78.01,32.62,0.0,98.58,90.07,61.7,5630,3.99,42.45,4.09,67.28,86.62,31.91,31.21
350309,3503,35,1520,96.71,78.95,96.71,24.34,0.0,86.84,0.66,1.32,95.39,78.29,57.89,23.03,0.0,95.39,85.53,19.74,6850,4.51,46.42,3.5,66.21,79.89,29.61,26.97
350310,3503,35,1100,98.18,72.73,88.18,50.0,0.0,96.36,0.91,9.09,98.18,96.36,57.27,36.36,0.91,91.82,68.18,31.82,4660,4.24,39.91,4.94,65.36,82.3,35.45,31.82
350311,3503,35,3890,96.4,90.75,94.86,6.17,0.0,95.89,0.0,7.46,96.92,93.57,70.95,25.96,0.51,95.63,88.95,20.57,19670,5.06,49.01,1.68,53.94,54.72,18.77,41.9
350312,3503,35,730,93.15,82.19,86.3,52.05,0.0,73.97,0.0,0.0,94.52,90.41,61.64,21.92,0.0,93.15,87.67,42.47,3070,4.21,39.41,4.23,80.65,77.03,36.99,21.92
350313,3503,35,280,75.0,71.43,100.0,92.86,0.0,100.0,0.0,3.57,96.43,96.43,67.86,17.86,0.0,100.0,78.57,32.14,1330,4.75,36.84,3.76,78.57,93.55,21.43,17.86
350314,3503,35,1330,99.25,97.74,95.49,2.26,0.0,100.0,0.0,4.51,100.0,98.5,55.64,7.52,0.0,99.25,81.2,45.86,6830,5.14,50.66,2.49,55.49,64.13,21.8,32.33
350315,3503,35,690,95.65,95.65,95.65,43.48,0.0,100.0,0.0,4.35,100.0,95.65,60.87,17.39,1.45,94.2,66.67,37.68,2960,4.29,43.58,3.04,97.6,86.59,31.88,10.14
350316,3503,35,230,78.26,65.22,95.65,8.7,0.0,65.22,0.0,4.35,100.0,100.0,78.26,65.22,0.0,95.65,91.3,4.35,880,3.83,35.23,3.41,96.49,95.0,30.43,4.35
350317,3503,35,1810,90.06,86.74,96.13,28.73,0.0,96.13,0.0,4.42,98.34,97.79,69.61,24.31,0.0,96.69,87.85,28.18,8200,4.53,42.2,3.41,80.59,84.24,27.07,18.23
350318,3503,35,3650,75.34,65.48,73.7,36.44,0.82,67.4,2.47,25.75,98.9,62.74,67.12,53.15,4.38,60.0,44.11,8.49,13660,3.74,35.21,4.98,87.57,92.81,36.16,12.6
350319,3503,35,2130,77.0,86.38,85.45,12.68,0.0,92.96,0.0,7.98,99.06,98.12,84.98,31.46,0.0,92.96,75.12,15.96,10190,4.78,43.47,2.85,88.02,87.74,27.7,28.64
350320,3503,35,1490,99.33,90.6,97.32,3.36,0.0,98.66,0.67,6.71,90.6,99.33,44.97,6.71,0.67,97.32,88.59,44.97,8010,5.38,50.19,2.62,42.11,55.91,26.85,42.28
350321,3503,35,970,97.94,87.63,80.41,5.15,0.0,86.6,1.03,8.25,98.97,96.91,82.47,25.77,0.0,100.0,91.75,14.43,4910,5.06,49.9,2.65,73.17,92.25,9.28,13.4
360101,3601,36,3830,82.25,80.94,65.01,14.62,0.26,42.56,0.78,32.9,99.48,95.56,59.53,24.02,0.0,95.82,90.34,42.04,15400,4.02,39.55,1.88,80.99,73.26,16.19,23.24
360102,3601,36,3030,91.09,93.4,64.03,6.93,0.0,55.78,0.0,5.94,98.35,97.36,51.82,6.6,0.0,99.34,92.08,48.84,13970,4.61,43.24,1.22,65.32,63.1,9.24,30.03
360103,3601,36,1580,86.08,84.18,72.15,1.27,0.0,43.04,0.0,31.65,98.1,93.67,44.3,34.81,0.0,98.1,93.04,34.81,6350,4.02,39.37,0.94,81.3,84.25,18.35,16.46
360104,3601,36,2890,97.23,87.2,91.0,18.34,0.35,68.17,2.77,23.18,99.65,91.7,50.17,26.64,0.69,98.27,94.46,26.3,15230,5.27,45.9,0.92,63.96,63.61,30.1,31.14
360105,3601,36,1870,96.79,94.12,91.44,4.28,0.0,28.88,1.6,31.02,96.79,96.79,50.8,13.37,0.53,99.47,92.51,32.09,8830,4.72,43.37,1.7,74.8,73.08,27.81,30.48
360106,3601,36,1360,92.65,91.18,66.91,2.94,0.0,49.26,5.15,16.18,95.59,99.26,45.59,2.21,0.0,99.26,96.32,43.38,7100,5.22,51.69,1.27,58.6,61.8,11.76,38.97
360107,3601,36,2200,95.0,89.09,72.27,7.27,0.0,77.73,2.27,28.18,98.18,98.18,43.18,22.27,0.0,100.0,90.91,44.09,10520,4.78,48.67,1.33,80.37,80.66,23.64,25.0
360108,3601,36,4000,70.25,65.75,66.0,40.5,0.5,11.0,8.5,30.75,99.75,79.5,75.75,33.25,3.5,88.75,83.0,29.5,18400,4.6,42.5,2.12,83.46,87.34,23.5,17.75
360109,3601,36,2210,92.31,74.21,59.28,12.22,0.0,28.96,3.62,12.22,99.1,88.69,47.51,14.93,0.45,94.57,83.26,20.36,10410,4.71,42.46,2.02,78.13,76.02,26.24,24.89
360110,3601,36,3350,95.22,85.67,68.96,0.6,0.0,65.97,1.19,45.97,97.91,99.7,60.0,24.48,0.0,99.4,87.16,38.81,15570,4.65,48.23,1.03,71.84,73.64,19.4,26.57
360111,3601,36,1850,84.86,94.05,78.38,0.0,0.0,68.65,16.22,20.54,98.38,97.3,49.73,10.27,0.0,100.0,98.92,42.16,8890,4.81,49.16,1.24,51.55,55.9,20.0,49.19
360112,3601,36,2250,80.89,48.89,52.44,52.0,1.33,20.44,4.0,32.0,99.56,85.78,72.0,42.22,3.56,82.22,76.0,12.44,10420,4.63,38.0,1.54,92.41,77.12,15.56,20.0
360113,3601,36,4600,96.3,92.61,79.78,8.04,0.0,49.78,1.3,12.17,99.13,95.87,34.78,3.7,0.0,98.7,88.26,28.91,22030,4.79,47.71,1.36,52.34,61.47,12.17,33.26
360114,3601,36,1220,96.72,92.62,80.33,0.0,0.0,18.85,0.0,46.72,100.0,95.08,31.97,13.11,0.0,99.18,90.16,25.41,5880,4.82,49.66,1.87,61.15,68.26,27.05,42.62
360115,3601,36,1560,99.36,92.95,91.03,6.41,0.0,54.49,2.56,19.23,100.0,99.36,75.64,8.33,0.0,100.0,96.79,60.26,6700,4.29,44.48,1.79,73.66,55.78,14.74,38.46
360201,3602,36,1250,96.0,88.8,86.4,1.6,0.0,76.0,0.8,63.2,100.0,96.0,41.6,29.6,0.8,96.0,84.0,13.6,4510,3.61,39.91,1.11,54.24,46.07,23.2,29.6
360202,3602,36,3040,96.38,84.87,78.95,13.49,0.99,76.64,0.99,12.5,85.86,98.68,47.7,16.78,0.0,99.01,91.45,12.5,13120,4.32,46.72,1.6,49.21,59.95,19.74,50.66
360203,3602,36,870,100.0,97.7,98.85,5.75,0.0,27.59,4.6,16.09,97.7,100.0,43.68,17.24,0.0,96.55,83.91,17.24,3610,4.15,45.15,1.94,46.46,59.09,22.99,45.98
360204,3602,36,2990,93.31,93.31,88.29,12.71,0.0,85.95,2.01,2.68,98.33,95.99,47.49,16.05,0.0,97.66,83.61,5.35,11770,3.94,40.02,1.36,60.48,63.31,23.75,36.79
360205,3602,36,1550,98.06,97.42,89.03,12.9,0.0,96.77,1.29,18.06,99.35,96.13,56.13,26.45,1.29,97.42,81.94,11.61,6440,4.15,38.04,1.71,72.68,80.89,30.97,29.03
360206,3602,36,2130,97.18,93.9,92.02,23.94,0.94,74.18,1.41,9.39,99.06,97.65,40.38,15.49,0.0,97.65,84.51,5.63,8820,4.14,42.29,0.79,59.14,61.26,22.07,38.03
360207,3602,36,1020,98.04,92.16,95.1,0.98,0.0,88.24,0.0,27.45,99.02,98.04,50.98,15.69,0.0,100.0,88.24,9.8,4600,4.51,45.43,0.87,57.37,60.95,13.73,37.25
360208,3602,36,2890,87.89,91.7,87.89,3.11,0.0,86.16,0.69,42.91,100.0,95.5,46.37,12.11,0.0,97.92,81.66,1.73,12920,4.47,48.07,0.62,50.07,46.97,19.38,40.48
360209,3602,36,2360,98.73,90.68,61.86,41.53,0.0,99.58,0.0,10.17,98.73,99.58,66.53,15.25,0.0,91.53,82.2,55.51,9670,4.1,35.37,2.59,54.08,42.13,20.34,43.64
360210,3602,36,2800,91.07,90.71,87.86,2.86,0.0,80.71,7.14,10.36,100.0,93.57,45.71,24.29,0.0,97.86,92.86,13.57,11250,4.02,44.09,2.13,52.31,49.63,27.86,48.21
360211,3602,36,1810,96.69,95.03,90.06,1.66,0.0,80.11,2.21,10.5,91.71,97.24,43.65,11.6,0.0,98.9,87.85,8.84,8100,4.48,46.42,1.11,45.85,49.54,14.92,42.54
360212,3602,36,2860,91.26,85.31,82.52,31.12,0.35,46.5,7.34,27.27,98.6,93.01,64.69,31.47,0.7,87.06,68.88,4.2,12030,4.21,42.31,2.16,72.05,64.95,30.07,23.78
360213,3602,36,2660,93.61,78.57,82.71,51.13,0.0,51.13,0.75,52.26,100.0,78.2,46.99,34.96,0.0,87.59,71.05,3.01,10760,4.05,43.49,2.04,78.78,68.71,22.56,18.42
360214,3602,36,910,98.9,98.9,83.52,1.1,0.0,97.8,1.1,2.2,100.0,98.9,35.16,12.09,0.0,100.0,76.92,13.19,4030,4.43,43.92,1.24,53.54,60.0,18.68,46.15
360215,3602,36,1300,96.92,96.92,76.92,30.0,0.0,91.54,0.0,3.85,97.69,98.46,60.77,17.69,0.0,99.23,87.69,30.77,5830,4.48,43.91,2.4,58.1,54.01,19.23,37.69
360216,3602,36,1270,96.85,96.06,94.49,1.57,0.0,88.98,0.79,40.94,100.0,97.64,38.58,12.6,0.0,96.06,80.31,7.87,5910,4.65,49.24,0.34,51.0,59.75,19.69,30.71
360217,3602,36,1940,98.97,98.97,85.57,17.01,0.0,98.45,0.0,19.59,100.0,98.97,51.55,23.2,0.0,94.33,85.57,63.92,9220,4.75,47.94,1.84,71.67,70.04,27.84,28.87
360218,3602,36,1400,97.86,72.86,76.43,27.14,0.71,71.43,0.0,47.14,99.29,93.57,43.57,22.86,0.0,97.14,72.14,8.57,5530,3.95,44.85,1.27,56.39,56.35,27.86,40.0
360219,3602,36,6190,73.83,69.63,30.69,84.01,4.85,61.23,8.56,65.91,99.52,76.41,76.9,72.7,6.46,29.73,30.86,3.39,23270,3.76,34.12,3.82,92.56,84.15,38.61,9.21
360220,3602,36,2270,99.12,96.48,97.36,4.41,0.0,92.95,1.76,55.51,100.0,97.8,40.97,9.25,0.0,99.12,92.07,8.81,10390,4.58,47.64,1.15,46.51,64.42,14.1,46.26
360221,3602,36,2070,96.62,92.27,93.24,4.35,0.0,87.92,0.48,17.39,100.0,98.55,54.11,21.26,0.0,98.07,88.89,10.14,8990,4.34,44.16,1.56,62.95,58.37,16.91,28.99
360222,3602,36,1420,98.59,92.25,95.07,2.82,0.0,96.48,0.0,12.68,100.0,95.07,35.92,9.15,0.0,98.59,89.44,8.45,6750,4.75,50.67,1.63,59.46,29.65,15.49,40.85
360223,3602,36,2510,97.21,88.45,85.66,9.96,0.0,88.05,1.59,27.09,100.0,96.02,65.74,21.12,0.4,93.63,81.67,12.35,10250,4.08,42.44,1.17,62.71,55.81,12.75,37.45
360225,3602,36,1480,97.97,95.95,87.16,20.95,0.0,65.54,1.35,12.16,100.0,97.3,36.49,20.27,0.0,100.0,83.78,15.54,6020,4.07,45.51,2.66,47.26,44.76,24.32,47.3
360226,3602,36,1010,97.03,79.21,56.44,80.2,0.0,95.05,2.97,0.0,100.0,95.05,51.49,23.76,0.99,94.06,67.33,2.97,3550,3.51,33.8,3.1,77.87,82.89,30.69,23.76
360227,3602,36,2900,96.9,90.34,85.52,13.1,0.0,61.72,4.83,6.9,96.55,98.97,76.55,25.17,0.0,97.59,95.52,10.34,11430,3.94,39.81,0.96,54.65,57.09,18.28,43.45
360228,3602,36,940,97.87,73.4,70.21,12.77,0.0,97.87,0.0,1.06,100.0,100.0,60.64,14.89,0.0,98.94,38.3,0.0,3950,4.2,44.05,1.01,38.91,60.2,26.6,56.38
360229,3602,36,5690,92.09,89.81,86.47,34.8,0.0,86.82,1.05,33.39,97.36,92.79,60.11,29.17,0.0,96.31,85.59,7.73,22980,4.04,43.99,1.09,65.66,54.26,18.8,30.93
360230,3602,36,1300,96.15,75.38,76.15,6.92,0.0,59.23,9.23,12.31,99.23,97.69,60.0,23.08,0.0,96.92,90.0,20.77,5630,4.33,40.32,3.02,82.14,77.24,24.62,21.54
360231,3602,36,520,98.08,76.92,76.92,23.08,0.0,92.31,0.0,0.0,100.0,98.08,50.0,11.54,0.0,100.0,94.23,15.38,2270,4.37,35.24,1.76,84.35,93.75,15.38,15.38
360301,3603,36,2340,97.86,94.02,79.49,29.49,0.0,94.87,0.0,9.83,97.44,99.15,38.03,16.67,0.0,94.87,82.48,47.01,11390,4.87,45.3,1.67,70.63,71.9,25.64,27.78
360302,3603,36,950,97.89,94.74,95.79,2.11,0.0,66.32,3.16,50.53,100.0,98.95,54.74,6.32,0.0,86.32,82.11,38.95,4730,4.98,49.68,0.85,60.92,80.15,17.89,25.26
360303,3603,36,1670,95.81,95.21,88.62,1.2,0.6,74.85,0.6,84.43,99.4,96.41,17.37,6.59,0.6,98.8,78.44,20.36,7820,4.68,48.08,0.77,48.77,69.71,7.19,37.13
360304,3603,36,3970,96.98,95.21,86.4,22.42,0.0,70.28,1.51,48.11,100.0,92.19,26.95,12.34,0.0,96.22,79.6,6.3,19690,4.96,48.55,1.63,54.2,74.69,17.13,34.26
360305,3603,36,3870,95.87,91.73,94.57,1.55,0.26,88.89,1.55,32.56,98.97,98.45,42.38,9.56,0.0,96.9,85.53,19.38,18390,4.75,50.3,1.31,53.17,53.29,23.0,48.32
360306,3603,36,3040,94.41,80.92,78.62,1.32,0.33,88.16,0.0,69.74,99.67,94.41,30.59,8.88,0.0,94.74,81.25,18.42,14710,4.84,46.97,1.29,60.13,66.0,20.07,22.37
360307,3603,36,710,100.0,100.0,95.77,12.68,0.0,97.18,1.41,19.72,100.0,95.77,32.39,8.45,0.0,95.77,92.96,18.31,3520,4.96,44.32,1.7,53.06,65.88,23.94,38.03
360308,3603,36,2250,96.0,92.44,93.78,14.67,0.0,88.89,1.33,39.11,99.11,98.22,29.33,4.89,0.0,98.67,91.56,6.67,11370,5.05,51.1,1.5,48.56,70.96,16.44,37.78
360309,3603,36,1960,95.92,91.84,89.8,1.02,0.0,77.55,2.55,87.24,100.0,95.41,28.06,6.12,0.51,97.96,81.63,23.47,9620,4.91,49.48,1.04,36.29,47.01,12.76,38.27
360310,3603,36,1410,91.49,89.36,81.56,0.0,0.0,90.07,0.71,70.92,100.0,92.2,31.91,9.22,0.0,97.87,67.38,14.18,6120,4.34,48.2,0.98,59.94,69.51,20.57,24.82
360311,3603,36,2000,96.5,96.5,97.0,1.5,0.5,93.0,0.5,75.0,99.5,97.5,39.5,10.5,0.0,99.5,94.0,36.0,9530,4.76,50.47,0.42,41.95,59.78,20.5,40.5
360312,3603,36,3580,87.99,85.75,86.31,16.2,0.0,82.96,3.63,39.94,98.32,98.88,79.89,19.27,0.84,98.32,92.46,19.83,16010,4.47,43.41,1.19,54.97,56.35,20.11,39.39
360313,3603,36,4890,94.89,83.23,83.03,39.88,0.41,90.18,1.84,25.15,99.8,92.84,49.49,30.47,1.23,76.48,72.39,19.63,21040,4.3,40.16,2.52,77.52,73.77,30.67,22.49
360314,3603,36,5460,94.69,89.56,86.63,12.64,0.37,81.87,1.47,28.94,99.27,94.69,62.64,27.11,0.92,92.86,91.21,13.55,24090,4.41,43.01,1.41,63.0,68.28,25.09,33.7
360315,3603,36,7110,98.03,91.7,88.47,13.08,0.0,61.74,2.67,34.74,99.72,92.26,39.8,19.97,0.0,94.23,91.14,23.21,34560,4.86,50.35,1.1,55.65,62.24,20.25,33.61
360316,3603,36,1520,96.71,94.08,92.11,17.11,0.0,31.58,4.61,43.42,99.34,97.37,51.32,11.84,0.0,98.68,96.05,19.74,7790,5.12,46.08,1.16,68.33,72.19,17.11,16.45
360317,3603,36,2350,92.34,94.47,94.04,9.79,0.0,93.62,0.85,44.68,99.57,97.45,54.04,16.6,0.0,95.74,88.94,14.47,9950,4.23,44.12,1.01,61.69,58.37,26.81,45.11
360318,3603,36,3330,97.3,92.49,88.59,12.01,0.9,86.19,1.8,35.44,99.7,97.3,61.26,16.52,0.9,97.9,97.0,14.41,14900,4.47,42.68,0.81,60.77,56.15,19.22,35.44
360319,3603,36,2230,91.48,95.07,89.69,13.0,0.0,95.96,0.9,25.56,99.1,100.0,42.6,11.66,0.0,99.55,83.86,15.7,9760,4.38,42.01,1.95,71.73,77.98,31.39,25.56
410101,4101,41,620,100.0,96.77,95.16,3.23,0.0,98.39,0.0,14.52,100.0,96.77,24.19,37.1,0.0,96.77,88.71,48.39,3080,4.97,50.65,2.6,67.11,54.88,14.52,16.13
410102,4101,41,520,96.15,96.15,96.15,1.92,0.0,92.31,0.0,21.15,100.0,94.23,36.54,19.23,0.0,96.15,94.23,25.0,2680,5.15,47.76,1.12,57.14,30.26,9.62,25.0
410103,4101,41,600,98.33,100.0,100.0,11.67,0.0,98.33,0.0,15.0,98.33,100.0,20.0,13.33,0.0,100.0,95.0,3.33,3430,5.72,50.73,2.04,37.28,68.0,18.33,55.0
410104,4101,41,870,87.36,86.21,87.36,1.15,0.0,73.56,0.0,3.45,100.0,94.25,17.24,35.63,0.0,95.4,88.51,11.49,4520,5.2,47.35,0.66,55.88,55.12,22.99,36.78
410105,4101,41,930,90.32,88.17,82.8,1.08,0.0,95.7,0.0,16.13,98.92,92.47,18.28,48.39,0.0,98.92,93.55,3.23,4100,4.41,44.88,0.98,46.46,53.26,11.83,39.78
410106,4101,41,1630,88.96,84.05,84.05,3.68,0.0,76.69,1.84,21.47,100.0,84.66,11.66,33.74,0.0,89.57,72.39,14.11,8100,4.97,49.38,1.85,67.8,74.45,21.47,21.47
410107,4101,41,420,85.71,85.71,88.1,2.38,0.0,100.0,0.0,14.29,100.0,97.62,28.57,21.43,0.0,97.62,95.24,0.0,1890,4.5,41.27,2.12,54.05,41.03,4.76,28.57
410201,4102,41,1760,97.16,92.05,82.39,0.57,0.0,96.59,0.0,8.52,98.3,100.0,48.86,31.82,0.57,96.59,90.34,13.07,8170,4.64,44.8,1.71,54.1,48.36,18.18,45.45
410202,4102,41,1060,90.57,86.79,68.87,56.6,0.94,80.19,0.94,16.98,99.06,84.91,42.45,58.49,0.94,94.34,83.02,65.09,5080,4.79,45.67,2.56,71.38,56.8,21.7,31.13
410203,4102,41,3180,66.67,69.5,65.09,67.92,0.0,51.57,3.77,28.93,98.74,87.74,41.82,52.52,1.26,88.99,85.22,7.23,12490,3.93,36.43,1.92,88.66,83.71,21.38,11.32
410204,4102,41,2840,79.58,52.11,55.28,34.51,0.35,68.31,1.06,42.25,99.65,67.96,31.69,61.27,2.11,45.42,52.11,7.04,11710,4.12,40.82,0.43,81.67,59.32,11.97,14.79
410205,4102,41,3930,73.79,70.23,66.16,29.52,0.76,86.01,0.76,21.88,98.98,86.26,26.72,38.42,0.76,77.61,71.76,9.41,16520,4.2,39.53,1.51,89.39,71.15,16.03,15.78
410206,4102,41,1740,93.68,91.38,84.48,4.02,0.0,82.76,0.0,13.22,99.43,94.25,41.95,29.31,0.0,91.38,82.18,24.14,8130,4.67,44.4,1.85,44.47,34.57,19.54,57.47
410207,4102,41,1470,80.95,84.35,59.86,11.56,0.0,58.5,1.36,9.52,99.32,86.39,32.65,18.37,0.68,87.76,78.91,28.57,6800,4.63,40.44,2.06,78.77,80.25,14.97,19.05
410208,4102,41,1040,93.27,93.27,84.62,0.96,0.0,97.12,0.0,7.69,99.04,99.04,52.88,15.38,0.0,98.08,84.62,34.62,4400,4.23,42.27,0.45,41.5,43.56,15.38,39.42
410209,4102,41,6220,26.53,21.38,20.42,89.07,5.79,34.73,6.75,58.36,99.04,47.43,63.18,65.76,7.88,32.8,41.64,5.14,25850,4.16,38.92,1.66,91.83,85.02,26.37,7.56
410210,4102,41,3460,81.21,76.01,65.9,12.43,0.58,95.38,0.0,12.14,99.71,91.62,51.45,26.3,0.58,91.62,82.66,44.8,15890,4.59,41.47,1.45,69.25,49.73,12.14,23.12
410211,4102,41,3580,74.3,72.63,76.26,56.15,0.0,2.23,3.91,18.72,100.0,79.89,9.22,34.36,0.56,94.13,75.42,10.89,15850,4.43,42.4,2.02,88.5,74.25,20.39,13.97
410212,4102,41,4330,81.76,83.83,78.52,3.93,0.0,94.23,1.62,11.78,99.54,91.69,36.26,43.88,0.46,82.45,78.98,37.41,20940,4.84,44.46,2.48,42.99,41.84,15.01,55.43
410213,4102,41,3430,93.59,81.05,76.97,12.83,0.0,94.46,0.29,18.08,99.71,93.29,41.4,25.95,0.29,95.63,81.63,26.24,16760,4.89,47.91,2.15,52.81,47.69,22.16,41.98
410214,4102,41,2300,97.39,94.35,96.52,4.78,0.0,96.96,0.87,2.61,98.7,94.35,29.13,34.35,0.0,97.83,88.7,30.43,11380,4.95,45.17,1.58,37.34,25.09,19.57,63.04
410215,4102,41,810,92.59,86.42,85.19,0.0,0.0,86.42,1.23,22.22,100.0,93.83,43.21,20.99,0.0,95.06,80.25,45.68,3680,4.54,41.58,1.09,52.8,28.21,14.81,32.1
410216,4102,41,1510,88.08,90.07,84.77,1.32,0.0,69.54,1.32,11.92,100.0,78.15,17.22,29.8,0.0,98.68,94.04,7.28,6440,4.26,45.03,0.78,71.19,51.5,27.15,24.5
410217,4102,41,4230,94.09,92.91,71.39,38.3,0.0,86.29,1.89,22.22,99.76,91.96,33.57,40.66,0.24,90.78,64.07,20.8,19430,4.59,44.98,1.34,55.66,44.07,21.04,44.92
410218,4102,41,1320,86.36,80.3,56.06,34.85,0.0,94.7,0.0,23.48,99.24,78.03,50.0,32.58,0.76,78.79,73.48,2.27,5460,4.14,42.31,2.2,75.87,48.03,15.91,23.48
410219,4102,41,1610,88.2,86.34,75.78,44.1,0.0,83.85,3.73,18.63,100.0,87.58,38.51,52.17,0.62,93.17,75.16,39.75,7290,4.53,46.64,1.78,49.36,47.51,22.36,48.45
410301,4103,41,4070,79.12,78.62,64.86,20.88,0.0,55.53,1.47,12.29,98.53,85.01,42.51,25.8,0.0,96.56,77.15,2.21,16820,4.13,41.32,2.08,86.22,68.1,20.64,9.58
410302,4103,41,700,72.86,72.86,61.43,0.0,0.0,94.29,0.0,14.29,98.57,85.71,72.86,18.57,0.0,97.14,82.86,5.71,3300,4.71,44.55,1.82,77.6,83.95,17.14,14.29
410303,4103,41,2910,60.48,57.73,57.04,50.86,4.47,61.51,3.09,20.27,99.66,87.97,47.08,69.42,1.37,94.16,85.91,3.09,9920,3.41,33.87,2.42,84.91,82.23,39.52,19.59
410304,4103,41,3020,77.81,72.19,72.19,19.21,0.0,92.72,0.66,25.17,95.7,85.1,34.11,49.01,0.0,95.7,82.78,11.92,15020,4.97,44.74,2.6,78.41,55.95,13.58,21.85
410305,4103,41,1820,86.26,85.71,78.02,8.24,0.0,87.91,0.55,7.69,98.9,87.36,21.98,23.08,0.55,98.35,87.91,38.46,7200,3.96,40.69,2.64,83.37,70.86,18.13,12.64
410306,4103,41,3670,58.31,55.04,44.96,48.23,3.27,40.05,7.36,27.79,98.91,67.85,45.5,39.78,3.54,81.74,82.83,1.36,15160,4.13,36.61,1.78,83.77,78.66,31.61,13.9
410307,4103,41,1890,73.54,75.13,59.79,1.59,0.0,70.9,0.53,17.99,100.0,82.54,17.46,19.05,2.12,96.83,89.95,11.11,9410,4.98,46.44,2.34,82.14,72.69,41.8,14.29
410308,4103,41,2820,77.3,77.3,66.67,32.98,0.0,72.7,1.06,19.86,99.65,82.62,42.91,51.42,0.0,95.39,89.36,2.13,11790,4.18,41.22,1.87,87.3,71.58,20.57,9.93
410309,4103,41,1880,85.11,84.57,87.77,3.72,0.0,93.62,1.06,7.45,99.47,87.23,37.77,7.98,0.0,94.68,72.34,15.43,7970,4.24,42.03,2.89,75.11,66.5,25.0,22.34
410310,4103,41,3150,82.54,83.49,62.86,22.22,0.0,96.51,0.0,22.22,99.37,93.97,39.05,50.79,0.32,96.19,87.3,64.44,13500,4.29,43.19,1.78,53.52,28.83,18.73,38.73
410311,4103,41,2470,79.76,75.3,77.33,1.21,0.0,97.57,0.81,34.41,100.0,93.52,28.74,34.01,0.4,97.57,92.31,29.96,10020,4.06,38.72,1.8,74.92,59.9,18.62,23.08
410312,4103,41,5590,53.49,54.56,55.81,50.98,1.07,68.52,3.58,42.75,100.0,83.18,47.94,46.51,2.68,83.01,77.64,6.08,25360,4.54,41.05,2.92,83.87,58.79,24.33,19.86
410313,4103,41,420,97.62,95.24,95.24,0.0,0.0,73.81,0.0,28.57,100.0,85.71,14.29,30.95,0.0,97.62,83.33,19.05,1740,4.14,47.7,4.6,52.75,27.27,21.43,45.24
420101,4201,42,7950,58.87,55.97,51.57,31.32,1.64,63.4,3.14,31.95,100.0,79.75,76.86,54.97,2.64,85.16,75.97,24.15,35520,4.47,40.26,2.76,72.67,66.47,20.5,28.93
420102,4201,42,3150,78.41,58.73,53.97,58.1,0.32,61.27,1.9,28.57,100.0,62.22,46.03,55.24,2.54,69.84,60.32,9.52,12560,3.99,39.65,1.75,65.65,34.08,23.49,43.17
420103,4201,42,4280,82.48,80.84,72.66,32.94,0.0,72.43,1.17,23.83,100.0,68.22,47.9,57.01,1.64,91.82,71.03,4.21,17810,4.16,43.46,2.08,60.38,43.91,20.33,43.22
420104,4201,42,4790,82.88,72.65,75.57,15.03,0.0,90.61,0.84,17.54,99.16,85.18,38.41,54.07,0.42,90.61,81.0,25.89,20770,4.34,44.01,2.55,48.41,37.65,22.55,49.27
420105,4201,42,6300,89.37,84.92,80.32,6.67,0.0,91.9,0.79,20.0,99.52,80.16,55.4,52.22,0.32,95.71,77.78,20.48,25100,3.98,44.02,1.67,61.64,46.01,17.78,37.14
420106,4201,42,5510,82.4,84.39,83.67,10.53,0.0,93.47,1.63,20.51,99.82,80.94,56.08,37.93,0.36,94.56,77.13,15.97,23230,4.22,44.38,2.41,48.61,38.03,22.69,50.45
420107,4201,42,2430,96.71,93.0,94.65,0.82,0.41,99.59,0.0,12.76,100.0,92.18,33.33,10.29,0.41,100.0,79.84,54.73,12420,5.11,50.72,1.61,29.25,24.39,17.7,62.55
420108,4201,42,8020,82.79,74.69,70.57,10.35,0.37,96.63,0.62,12.84,98.63,93.89,67.21,24.69,0.25,94.14,77.81,23.07,35630,4.44,43.36,3.12,56.85,38.03,19.08,45.64
420109,4201,42,6310,75.59,69.89,69.73,18.38,0.0,77.5,1.43,33.76,99.21,78.13,23.45,41.68,0.32,92.39,64.98,15.37,27710,4.39,44.82,1.91,52.78,37.91,23.77,48.34
420110,4201,42,3330,97.3,88.89,89.79,0.0,0.0,98.8,0.0,6.61,99.1,89.19,45.35,28.83,1.2,93.99,82.88,57.66,14040,4.22,46.72,2.35,36.1,15.66,21.32,60.06
420111,4201,42,4310,88.4,82.13,83.29,11.37,0.23,87.7,0.7,14.62,99.54,78.65,34.34,41.76,0.7,95.13,73.32,15.08,19070,4.42,46.3,2.25,39.45,32.33,19.03,58.47
420112,4201,42,3860,89.9,90.93,87.56,18.91,0.0,95.85,1.04,16.58,99.22,92.23,52.85,39.9,0.26,96.63,81.61,19.69,17730,4.59,46.76,1.75,47.14,25.42,21.76,54.4
420201,4202,42,68340,6.79,7.04,5.52,98.73,8.85,8.4,10.3,86.44,97.51,32.81,71.28,88.89,16.96,5.93,9.89,5.18,247240,3.62,30.95,2.91,96.0,90.35,28.83,4.24
420301,4203,42,1400,92.14,95.0,85.71,10.0,0.0,92.86,0.71,3.57,99.29,98.57,57.14,43.57,0.71,99.29,94.29,77.14,5420,3.87,38.38,1.85,70.96,48.18,23.57,22.14
420302,4203,42,2180,90.37,90.37,83.94,25.23,0.0,88.07,0.46,21.1,99.54,88.99,44.5,28.9,0.46,95.87,79.36,13.76,8730,4.0,44.1,1.15,63.11,69.8,22.94,33.94
420303,4203,42,1550,90.32,92.26,89.68,3.23,0.0,92.9,0.65,13.55,100.0,95.48,68.39,26.45,0.65,92.9,83.87,67.74,5550,3.58,36.94,3.24,70.0,50.93,18.06,29.03
420304,4203,42,2410,95.85,96.27,85.06,25.73,0.0,54.77,0.0,4.98,99.59,93.36,59.75,39.42,0.0,99.59,91.29,54.77,8850,3.67,36.84,2.94,83.01,62.37,23.24,19.09
420305,4203,42,4320,67.59,70.14,59.26,51.62,0.69,58.8,2.31,36.57,99.54,70.6,62.5,58.33,1.62,74.31,71.76,29.86,18390,4.26,42.74,2.66,73.6,70.0,15.74,27.08
420306,4203,42,2070,94.2,87.92,83.57,42.03,0.0,41.06,0.48,23.67,99.52,90.34,62.32,30.92,0.0,96.14,77.78,20.29,8120,3.92,38.55,2.83,64.53,65.5,23.19,36.71
420307,4203,42,1390,54.68,48.92,53.24,16.55,0.0,82.73,0.0,25.18,100.0,70.5,58.99,50.36,0.72,54.68,55.4,62.59,5800,4.17,44.14,3.62,71.3,67.59,18.71,30.22
420308,4203,42,5320,83.46,93.05,79.7,34.77,3.57,72.74,3.95,26.88,99.81,87.41,41.54,43.05,1.5,86.47,70.86,42.11,22650,4.26,44.81,2.16,63.28,41.88,28.01,36.65
420309,4203,42,2550,96.08,96.86,92.16,30.2,0.0,95.29,0.0,28.24,100.0,96.47,48.63,24.71,0.39,80.0,76.08,41.57,10280,4.03,41.15,3.21,57.95,49.79,17.65,37.25
420401,4204,42,3150,86.03,62.22,49.52,35.24,0.32,93.02,0.95,10.79,99.68,85.4,63.17,38.41,0.63,93.02,82.22,34.92,12480,3.96,37.5,3.61,86.03,74.72,25.4,12.06
420402,4204,42,2560,97.66,98.05,98.05,12.11,0.0,99.61,0.39,5.86,98.44,98.83,63.67,7.42,0.39,98.05,79.3,32.42,10830,4.23,45.8,1.75,51.79,20.98,19.53,56.64
420403,4204,42,7180,79.67,82.17,65.18,36.07,0.28,81.34,1.67,14.9,99.03,84.68,76.46,52.65,0.7,92.9,79.81,25.35,29310,4.08,38.62,3.14,70.98,59.77,26.6,27.99
420404,4204,42,2800,88.57,82.5,83.57,37.86,0.71,75.36,4.29,5.36,99.64,97.5,72.5,39.29,0.36,98.57,86.07,42.86,10580,3.78,39.7,2.74,61.6,37.1,21.43,38.57
420405,4204,42,1710,80.12,80.7,73.68,30.99,0.0,81.29,0.0,12.28,99.42,69.59,82.46,54.97,2.34,94.74,91.81,30.99,6840,4.0,38.3,2.92,77.73,67.95,19.3,18.71
420406,4204,42,3180,80.19,78.93,74.53,4.72,0.0,92.14,0.63,12.89,100.0,82.39,58.81,37.42,0.63,94.03,85.85,6.29,14880,4.68,43.01,3.16,66.94,50.14,24.84,28.3
420407,4204,42,2850,96.49,91.58,85.61,1.05,0.0,99.65,0.0,0.35,100.0,90.53,54.04,13.33,0.0,94.04,64.56,18.6,11880,4.17,43.43,2.27,33.48,28.99,24.91,60.0
420408,4204,42,4630,84.88,81.21,74.08,16.63,0.43,80.78,0.86,10.37,99.78,76.03,68.9,40.39,0.65,88.55,71.49,21.38,20710,4.47,44.42,2.27,68.2,60.08,27.0,28.29
420409,4204,42,2110,90.05,79.15,68.72,14.69,0.47,60.19,5.69,5.69,99.53,87.68,73.46,37.91,0.0,99.05,73.46,41.71,8480,4.02,43.4,1.89,68.96,50.93,24.17,26.07
420410,4204,42,10200,50.0,47.45,35.1,73.73,1.96,51.47,7.75,43.04,99.61,64.02,73.73,67.25,3.24,71.08,37.75,10.39,39940,3.92,37.03,3.36,86.0,72.07,29.41,14.22
420411,4204,42,3290,85.41,92.4,80.85,12.16,0.0,94.22,1.52,12.46,96.35,95.74,69.0,31.91,0.0,99.09,82.07,20.67,13570,4.12,41.78,1.77,64.43,47.32,19.76,35.87
420412,4204,42,2480,83.06,80.65,68.95,30.24,0.0,93.95,2.82,8.47,98.79,79.44,70.16,40.73,0.4,99.19,82.66,38.31,10940,4.41,40.59,2.29,64.15,50.78,28.63,33.87
420413,4204,42,2220,92.34,92.34,81.53,0.9,0.0,99.55,0.0,11.71,100.0,81.53,42.79,26.58,0.45,99.55,53.15,11.26,9290,4.18,45.1,2.91,60.39,48.17,25.23,37.84
420501,4205,42,660,86.36,84.85,100.0,0.0,0.0,92.42,0.0,0.0,100.0,96.97,40.91,10.61,0.0,100.0,89.39,33.33,3210,4.86,45.48,3.43,46.86,43.02,19.7,43.94
420502,4205,42,2730,84.25,94.51,71.79,34.8,0.0,85.71,0.0,19.41,100.0,87.91,64.1,50.55,0.73,80.59,90.84,37.73,11320,4.15,41.78,2.56,71.47,59.35,26.74,27.47
420503,4205,42,1930,97.41,97.93,96.37,0.0,0.0,95.85,0.0,25.91,100.0,93.78,48.19,25.39,1.04,91.19,81.87,48.19,9390,4.87,49.31,2.34,52.94,43.24,28.5,38.86
420504,4205,42,1600,99.38,96.25,94.38,3.75,0.0,99.38,0.62,5.0,100.0,97.5,67.5,28.12,0.0,95.0,92.5,24.38,7610,4.76,45.47,2.23,41.45,34.74,15.0,56.25
420505,4205,42,2520,97.62,95.63,80.95,16.27,0.0,97.62,0.79,17.06,99.6,93.65,48.81,30.95,0.4,63.1,57.54,51.98,9550,3.79,43.35,2.72,67.65,67.93,25.4,36.51
420506,4205,42,5730,68.24,89.01,64.92,49.56,3.32,93.89,1.57,32.81,99.83,68.59,46.25,58.64,1.92,76.61,80.28,51.31,23540,4.11,38.19,2.59,76.63,68.85,25.13,26.7
420507,4205,42,4280,91.36,80.61,71.03,31.31,0.93,68.93,0.7,22.9,98.83,71.96,47.66,49.3,1.17,79.21,75.47,25.47,17640,4.12,43.88,2.89,73.54,67.87,26.64,27.34
420601,4206,42,2020,93.07,98.51,98.51,2.97,0.0,100.0,0.0,7.43,99.5,95.05,40.1,25.74,0.0,89.11,86.63,46.53,8650,4.28,46.36,1.39,45.69,32.06,18.32,57.43
420602,4206,42,3660,92.08,84.15,86.34,0.82,0.0,92.08,0.0,16.94,100.0,88.8,43.44,30.87,0.82,95.08,92.08,22.95,16720,4.57,44.92,1.67,47.88,42.59,16.67,46.99
420603,4206,42,3840,89.84,88.02,77.08,4.17,0.0,94.01,0.78,25.0,99.22,83.07,42.97,35.68,1.82,70.31,66.67,37.5,15670,4.08,42.82,2.3,45.98,57.85,24.48,46.88
420604,4206,42,1010,95.05,91.09,86.14,7.92,0.0,86.14,0.99,7.92,98.02,90.1,35.64,31.68,1.98,98.02,91.09,26.73,4240,4.2,45.28,3.07,63.79,59.18,24.75,24.75
430101,4301,43,3320,76.51,76.51,73.19,2.11,0.0,76.81,4.82,20.18,99.7,81.93,43.98,52.41,2.11,86.75,80.12,60.84,15380,4.63,46.23,2.15,56.59,48.25,22.89,40.36
430102,4301,43,1830,96.17,84.7,97.27,1.09,0.0,98.36,0.55,0.0,99.45,86.34,30.6,24.59,0.0,98.36,94.54,95.63,9270,5.07,47.36,1.19,38.32,28.17,20.22,51.91
430103,4301,43,1370,97.81,97.08,97.08,0.0,0.0,96.35,0.0,0.0,99.27,97.08,27.01,49.64,0.0,98.54,92.7,84.67,6320,4.61,47.31,2.22,20.72,35.77,18.25,64.96
430104,4301,43,1430,100.0,99.3,95.8,6.29,0.0,99.3,0.0,3.5,100.0,97.9,49.65,48.25,0.0,96.5,96.5,84.62,6810,4.76,45.67,1.62,45.68,35.85,22.38,32.87
430105,4301,43,980,98.98,100.0,100.0,0.0,0.0,100.0,0.0,2.04,98.98,98.98,51.02,50.0,0.0,98.98,98.98,73.47,5320,5.43,48.5,3.95,18.98,26.19,23.47,70.41
430201,4302,43,3420,73.98,69.01,73.39,25.73,0.58,74.56,0.29,15.5,99.71,78.07,51.17,44.74,0.58,92.4,73.98,19.88,14420,4.22,44.8,2.01,42.59,51.3,26.32,62.28
430202,4302,43,2560,89.45,87.11,86.33,9.77,0.0,96.09,0.39,2.34,98.44,94.92,35.16,48.83,1.17,98.05,84.38,45.31,12960,5.06,49.0,1.62,34.19,26.85,23.44,59.38
430203,4302,43,2350,95.32,80.43,80.0,3.83,0.0,94.89,0.85,13.62,100.0,84.68,54.04,50.21,0.85,91.49,83.4,53.62,10300,4.38,44.95,1.84,48.5,42.11,24.68,52.34
430204,4302,43,1320,95.45,92.42,90.15,34.85,0.0,96.21,1.52,43.94,97.73,93.94,19.7,23.48,0.0,92.42,87.12,28.79,5750,4.36,46.96,2.26,27.87,16.56,23.48,76.52
430205,4302,43,2370,92.83,91.98,90.3,39.24,0.84,85.65,0.0,11.81,98.31,94.94,46.41,25.32,0.42,98.73,82.7,59.92,11730,4.95,47.4,1.53,40.68,26.23,28.69,61.18
430206,4302,43,840,98.81,98.81,94.05,1.19,0.0,100.0,0.0,3.57,100.0,98.81,66.67,50.0,0.0,98.81,86.9,39.29,3120,3.71,43.27,2.24,40.68,50.0,26.19,63.1
430301,4303,43,1540,95.45,96.1,90.26,5.19,1.95,98.7,0.0,7.79,98.05,98.7,79.22,42.21,0.0,99.35,97.4,33.12,5720,3.71,42.83,1.57,32.72,48.65,27.92,65.58
430302,4303,43,850,96.47,96.47,92.94,0.0,0.0,92.94,0.0,17.65,100.0,100.0,42.35,3.53,0.0,98.82,92.94,56.47,3770,4.44,49.07,2.12,32.29,22.45,14.12,68.24
430303,4303,43,2220,97.75,95.95,95.05,1.35,0.0,95.5,3.15,17.57,99.55,99.1,60.36,45.05,0.0,80.63,83.33,69.37,9530,4.29,40.82,2.1,27.66,33.04,18.92,67.12
430304,4303,43,2120,96.7,96.23,96.23,0.0,0.0,98.11,0.0,0.94,100.0,97.17,42.45,38.68,0.0,96.7,91.51,30.66,10150,4.79,47.09,1.87,36.13,28.68,23.58,47.17
430305,4303,43,3210,93.77,85.05,55.76,22.43,1.56,74.14,4.05,31.46,99.69,76.01,40.81,56.07,4.98,69.47,73.21,28.04,12440,3.88,39.63,3.05,70.04,68.21,34.58,28.66
430306,4303,43,1200,97.5,96.67,96.67,2.5,0.0,96.67,0.0,7.5,98.33,95.83,35.0,38.33,0.0,98.33,93.33,40.83,4870,4.06,41.68,2.46,44.01,31.97,34.17,48.33
430307,4303,43,1380,99.28,96.38,95.65,4.35,0.0,98.55,0.0,13.77,99.28,92.03,20.29,27.54,0.0,99.28,89.13,25.36,6610,4.79,44.93,1.97,92.31,18.83,15.94,67.39
430308,4303,43,1760,98.86,97.73,93.75,2.84,0.0,97.16,0.0,6.82,100.0,95.45,38.64,25.0,0.0,76.7,80.11,48.86,7200,4.09,43.75,1.39,46.42,25.88,22.16,55.11
430309,4303,43,400,80.0,97.5,95.0,0.0,0.0,100.0,0.0,0.0,100.0,100.0,80.0,70.0,0.0,100.0,97.5,65.0,1890,4.72,49.21,2.12,11.46,6.25,15.0,82.5
430401,4304,43,1070,88.79,98.13,90.65,1.87,0.0,88.79,2.8,3.74,99.07,96.26,67.29,53.27,0.93,99.07,87.85,52.34,4920,4.6,47.36,0.61,40.15,26.67,24.3,57.01
430402,4304,43,1890,96.3,94.18,89.42,4.23,0.0,91.01,0.53,20.11,99.47,91.53,24.87,51.32,0.53,94.18,79.89,19.05,8190,4.33,47.99,1.34,47.65,37.79,24.87,42.33
430403,4304,43,1640,97.56,97.56,91.46,4.27,0.0,92.68,0.0,12.2,100.0,92.68,45.73,50.61,0.61,99.39,75.61,42.07,7310,4.46,48.7,1.92,31.47,26.13,24.39,65.24
430404,4304,43,750,98.67,98.67,96.0,8.0,0.0,100.0,0.0,0.0,98.67,98.67,54.67,52.0,0.0,96.0,88.0,50.67,3700,4.93,48.11,2.16,50.0,25.61,25.33,62.67
430405,4304,43,1500,98.67,97.33,98.0,1.33,0.0,87.33,0.0,6.67,99.33,92.67,16.0,56.0,0.0,100.0,94.0,54.67,6590,4.39,48.25,1.97,16.13,4.4,13.33,84.0
430406,4304,43,910,98.9,100.0,100.0,5.49,0.0,100.0,0.0,0.0,100.0,97.8,47.25,39.56,0.0,100.0,98.9,76.92,4800,5.27,54.58,1.67,18.35,0.78,10.99,72.53
430407,4304,43,1750,98.29,98.29,95.43,0.57,0.0,97.14,0.57,22.29,99.43,83.43,16.57,38.29,0.0,85.14,85.71,58.86,9200,5.26,45.11,1.2,26.73,34.03,16.57,71.43
430408,4304,43,530,96.23,96.23,94.34,32.08,0.0,83.02,0.0,20.75,96.23,88.68,47.17,35.85,0.0,98.11,92.45,5.66,1880,3.55,36.17,3.72,47.5,23.53,24.53,50.94
430409,4304,43,1220,99.18,99.18,94.26,3.28,0.0,99.18,0.82,4.1,99.18,97.54,25.41,45.08,0.0,96.72,91.8,66.39,5370,4.4,45.81,2.79,57.73,56.02,23.77,38.52
430410,4304,43,1430,97.2,94.41,86.01,4.9,0.0,82.52,4.2,7.69,100.0,90.21,16.08,40.56,0.0,95.1,84.62,45.45,6520,4.56,46.93,1.99,48.55,37.78,32.17,53.85
430411,4304,43,2170,98.16,94.47,89.4,5.07,0.0,98.16,0.0,1.84,92.17,85.71,58.53,61.75,0.0,97.24,88.94,29.03,9760,4.5,44.67,1.74,56.67,49.03,25.35,40.09
430412,4304,43,1260,99.21,97.62,88.1,29.37,0.0,98.41,0.0,3.97,98.41,90.48,69.05,49.21,0.0,98.41,87.3,47.62,5560,4.41,49.1,1.8,60.78,31.82,21.43,42.06
430413,4304,43,5000,53.2,26.0,15.6,72.6,7.4,38.8,5.4,63.8,98.8,48.0,58.2,67.8,8.6,42.4,45.2,18.0,21590,4.32,40.62,2.87,83.78,85.41,35.2,19.6
430414,4304,43,1340,99.25,99.25,96.27,2.99,0.0,99.25,0.0,0.0,99.25,97.01,59.7,24.63,0.0,99.25,97.01,55.22,5540,4.13,46.39,2.17,12.79,11.56,20.9,82.09
430415,4304,43,170,100.0,100.0,100.0,0.0,0.0,100.0,0.0,0.0,100.0,100.0,11.76,11.76,0.0,100.0,94.12,5.88,630,3.71,46.03,3.17,38.24,50.0,0.0,58.82
430416,4304,43,1150,91.3,92.17,80.0,5.22,0.0,96.52,0.87,10.43,100.0,98.26,18.26,60.0,0.0,93.91,83.48,43.48,4560,3.97,43.42,2.41,66.28,51.16,29.57,33.04
430417,4304,43,990,100.0,100.0,96.97,13.13,0.0,100.0,0.0,13.13,100.0,77.78,22.22,29.29,0.0,98.99,92.93,42.42,4370,4.41,52.86,1.14,36.89,23.97,18.18,64.65
430501,4305,43,1160,93.97,94.83,93.97,0.0,0.0,61.21,1.72,51.72,99.14,94.83,37.93,38.79,0.0,94.83,75.0,54.31,5080,4.38,44.29,1.18,30.04,24.58,24.14,62.93
430502,4305,43,2730,90.48,90.84,87.55,12.09,0.0,26.01,0.0,0.37,100.0,78.39,25.27,32.6,0.37,95.97,83.15,43.96,12260,4.49,45.27,2.12,31.89,40.6,19.78,56.41
430503,4305,43,3070,77.52,74.27,72.31,31.6,1.95,68.4,0.65,17.26,99.35,76.55,29.64,48.86,0.98,95.11,86.32,36.81,12740,4.15,42.54,2.35,43.44,45.94,25.08,49.19
430504,4305,43,1120,98.21,96.43,95.54,23.21,0.0,79.46,0.89,32.14,98.21,94.64,25.89,55.36,0.0,99.11,82.14,11.61,4840,4.32,46.28,1.24,29.23,15.32,18.75,57.14
440101,4401,44,2650,97.36,63.4,72.45,37.74,0.38,50.94,0.75,27.92,99.62,95.09,52.83,32.83,0.38,95.47,88.3,38.49,11960,4.51,44.06,3.09,84.75,78.68,32.83,17.74
440102,4401,44,1370,94.16,86.13,82.48,35.04,0.0,92.7,0.0,36.5,99.27,79.56,61.31,31.39,0.0,91.24,85.4,49.64,4730,3.45,44.61,3.59,67.18,65.29,27.74,32.12
440103,4401,44,3810,73.49,86.09,69.29,17.32,0.0,98.69,0.0,24.93,99.48,92.65,38.06,19.95,0.0,95.01,84.78,45.93,14780,3.88,48.11,5.14,53.06,61.37,27.3,47.51
440104,4401,44,3070,83.39,72.96,70.36,18.24,0.33,80.78,1.95,37.13,100.0,81.43,54.72,39.09,2.28,76.22,76.55,55.37,12600,4.1,44.44,3.73,70.57,60.91,29.97,39.09
440105,4401,44,1550,94.84,91.61,89.03,15.48,0.0,56.13,0.65,20.0,100.0,92.9,60.65,21.94,0.0,96.13,82.58,44.52,6600,4.26,49.55,3.48,70.27,88.27,35.48,28.39
440106,4401,44,2180,93.12,90.37,86.24,9.17,0.46,35.78,0.0,43.12,100.0,90.83,51.38,20.18,0.46,97.25,82.11,56.42,9100,4.17,47.8,2.75,58.95,77.82,41.28,25.69
440107,4401,44,4440,86.94,71.62,53.6,28.83,0.23,86.94,1.58,54.05,100.0,86.26,59.46,62.39,0.68,87.39,64.64,5.41,15630,3.52,41.33,1.66,77.64,78.72,29.95,25.68
440108,4401,44,5500,96.0,92.0,89.27,35.27,0.55,94.36,0.36,31.82,99.27,88.91,53.64,34.36,0.36,78.55,75.45,43.45,19560,3.56,41.26,7.26,66.78,76.8,28.18,32.55
440109,4401,44,3850,83.38,71.17,73.25,9.35,0.0,55.58,0.26,17.66,98.7,81.3,54.03,35.58,0.52,87.53,74.81,42.34,15490,4.02,42.61,3.74,69.97,66.23,35.32,31.95
440110,4401,44,2160,91.67,93.52,92.59,28.7,0.0,79.63,0.0,32.41,99.54,89.81,42.59,25.46,0.0,78.24,77.31,47.69,8980,4.16,46.66,3.12,71.19,64.35,28.7,29.63
440111,4401,44,3880,70.88,81.7,52.32,17.53,0.0,86.6,0.77,22.16,100.0,81.7,54.12,42.01,0.52,86.08,77.06,44.33,13670,3.52,40.75,3.29,61.98,74.53,34.28,38.66
440112,4401,44,2860,82.87,82.87,69.23,54.2,0.0,49.65,0.35,47.55,100.0,74.13,53.5,65.38,1.75,82.87,57.69,26.57,10540,3.69,40.04,2.56,84.15,75.97,37.41,15.73
440113,4401,44,2520,93.65,82.94,73.81,19.44,0.0,48.02,1.59,27.78,98.41,82.94,54.76,34.52,0.79,92.06,82.54,27.38,9370,3.72,44.72,2.99,73.94,68.83,36.51,22.62
440114,4401,44,1680,91.67,77.38,79.76,0.6,0.0,85.71,0.0,31.55,100.0,90.48,46.43,16.67,0.0,97.62,85.12,2.38,6760,4.02,44.67,2.22,62.03,77.25,32.14,37.5
440115,4401,44,2050,88.29,72.2,63.9,73.17,0.0,26.83,0.98,48.29,99.51,61.95,62.44,59.02,0.49,86.83,61.46,23.9,7300,3.56,39.86,1.78,84.74,83.04,34.15,20.98
440201,4402,44,2860,94.06,84.27,76.57,24.13,0.0,79.72,0.0,21.33,100.0,87.76,49.65,27.27,1.4,95.8,80.07,58.04,11460,4.01,43.02,2.88,65.08,65.31,38.46,37.76
440202,4402,44,2760,95.29,83.7,92.39,2.17,0.0,46.74,0.72,19.2,98.55,93.84,60.87,14.49,0.36,98.55,88.77,34.78,10970,3.97,46.76,2.37,71.23,65.31,33.33,32.25
440203,4402,44,3670,96.19,80.93,74.66,7.36,0.0,58.58,0.0,14.99,100.0,92.1,58.86,39.51,0.27,95.91,82.56,63.49,15420,4.2,43.9,3.37,67.05,70.2,41.14,30.25
440204,4402,44,3670,91.83,74.66,72.75,13.35,0.0,88.56,1.36,19.07,99.18,91.01,70.03,44.14,0.54,97.28,87.74,50.41,14690,4.0,42.89,2.65,64.48,81.11,31.34,41.42
440205,4402,44,2200,92.73,82.27,81.82,15.91,0.45,64.09,0.0,14.55,99.55,86.36,86.36,55.0,0.0,91.36,88.18,59.09,8610,3.91,40.19,2.56,86.99,85.84,43.64,15.91
440206,4402,44,2210,93.67,74.21,78.73,4.07,0.0,72.4,1.36,24.89,99.1,90.95,67.87,33.03,0.0,96.38,89.59,59.73,9070,4.1,40.9,2.54,67.35,64.91,32.58,38.01
440207,4402,44,2480,94.35,68.15,90.32,31.45,0.0,50.81,0.81,0.0,95.97,88.71,67.74,32.26,0.0,98.79,87.9,12.9,9690,3.91,45.61,1.96,68.12,77.08,31.45,28.63
440208,4402,44,3500,94.57,83.43,72.57,42.0,0.0,79.43,0.57,0.57,99.43,83.14,51.43,38.57,0.57,94.57,78.0,32.86,15050,4.3,44.39,2.39,78.61,80.1,35.43,15.14
440209,4402,44,2560,94.92,87.11,78.12,7.81,0.0,58.59,0.78,15.23,99.61,86.33,69.92,35.16,0.0,97.66,82.03,58.98,10660,4.16,42.12,3.0,74.23,85.82,38.67,22.66
440210,4402,44,3900,91.54,70.0,80.0,19.49,0.0,57.95,2.05,22.82,99.74,93.85,38.72,35.64,0.0,95.38,82.82,30.26,16770,4.3,45.14,2.44,69.78,82.14,35.64,28.97
440211,4402,44,9910,66.2,23.21,20.08,86.78,3.83,12.21,6.46,64.08,99.5,36.53,77.09,84.36,11.5,23.01,31.28,9.18,37830,3.82,34.44,2.7,94.96,92.15,40.87,6.36
440212,4402,44,1920,93.75,85.94,91.67,8.85,0.0,51.56,0.52,28.65,100.0,89.06,48.96,25.52,0.0,98.96,79.17,54.17,7280,3.79,38.46,2.75,70.09,75.28,40.1,32.29
440213,4402,44,2130,93.43,82.16,82.16,12.21,0.0,76.06,0.0,30.99,99.06,81.69,60.09,49.3,0.0,96.71,73.24,52.58,8040,3.77,39.93,3.36,72.88,80.93,36.62,30.99
440301,4403,44,1300,71.54,16.92,60.77,20.77,0.0,45.38,7.69,88.46,99.23,98.46,79.23,44.62,0.77,98.46,95.38,44.62,5950,4.58,45.04,1.51,88.99,87.36,22.31,10.77
440302,4403,44,1090,95.41,64.22,97.25,0.0,0.0,89.91,0.0,27.52,98.17,86.24,43.12,11.93,0.0,100.0,92.66,6.42,5350,4.91,50.65,2.43,54.92,86.43,20.18,34.86
440303,4403,44,1550,73.55,32.26,80.0,31.61,0.0,56.13,0.0,56.13,100.0,96.77,50.97,63.87,0.65,100.0,96.77,20.0,7540,4.86,45.49,2.25,85.64,79.38,21.94,16.77
440304,4403,44,4760,43.07,12.82,52.31,59.66,0.0,54.2,1.26,71.85,100.0,59.66,43.49,76.89,2.31,68.07,68.49,45.17,17630,3.7,41.75,1.7,90.75,90.58,28.36,10.71
440305,4403,44,3780,84.39,14.55,47.35,37.83,0.0,78.31,0.53,53.44,100.0,87.57,70.11,59.79,0.53,88.62,82.28,24.87,14990,3.97,42.16,3.2,81.2,93.68,23.02,8.47
440306,4403,44,1800,80.56,15.56,86.67,52.78,0.0,40.56,3.33,66.67,100.0,86.67,35.0,65.56,1.11,94.44,90.0,15.56,7390,4.11,41.95,2.84,82.52,91.85,27.78,12.22
440307,4403,44,1850,82.7,9.73,30.27,71.35,0.0,31.35,0.0,36.22,99.46,92.43,58.38,44.32,1.08,97.3,88.11,13.51,6750,3.65,38.81,2.07,90.07,90.2,14.59,9.73
440308,4403,44,800,87.5,66.25,96.25,0.0,0.0,60.0,0.0,43.75,100.0,95.0,61.25,10.0,0.0,100.0,95.0,7.5,4060,5.08,52.22,1.97,63.4,71.79,23.75,31.25
440309,4403,44,2090,52.63,21.05,65.07,57.89,0.48,83.73,2.87,67.46,100.0,89.95,51.67,63.16,0.96,98.09,97.13,35.41,8980,4.3,41.43,2.23,83.08,88.02,27.27,20.1
440310,4403,44,1790,47.49,11.17,64.25,27.93,0.0,48.04,0.0,75.98,100.0,91.06,59.78,64.25,0.56,96.09,93.3,61.45,7670,4.28,40.55,2.09,84.87,88.14,25.14,17.32
440311,4403,44,1650,71.52,14.55,74.55,38.18,0.0,36.36,1.21,80.61,100.0,92.73,27.88,63.03,0.61,96.97,93.94,26.06,7590,4.6,44.14,1.45,80.19,84.44,17.58,15.76
440312,4403,44,1160,76.72,12.93,80.17,50.86,0.0,12.07,9.48,75.86,100.0,90.52,56.9,69.83,0.0,95.69,93.1,16.38,5490,4.73,43.53,1.64,96.13,90.13,18.1,7.76
440313,4403,44,840,97.62,45.24,100.0,3.57,0.0,92.86,0.0,13.1,100.0,96.43,77.38,13.1,0.0,97.62,89.29,28.57,3790,4.51,46.7,2.37,70.3,86.27,32.14,39.29
440314,4403,44,2860,73.43,36.36,76.57,31.47,0.0,51.05,0.0,42.31,98.6,91.26,72.73,57.69,0.35,98.95,86.36,30.07,11740,4.1,44.29,2.13,79.97,89.01,26.57,13.64
440315,4403,44,8410,46.73,16.29,53.63,70.75,0.0,27.47,2.26,53.51,99.52,60.76,69.92,63.97,3.8,62.43,56.84,11.18,31270,3.72,40.77,2.33,91.47,87.17,31.63,8.8
440316,4403,44,2410,73.44,25.31,75.93,28.22,0.41,61.83,3.32,49.38,100.0,96.68,85.06,51.87,1.24,99.17,96.27,32.37,11120,4.61,42.63,2.52,86.36,82.08,28.22,13.69
440317,4403,44,3470,47.55,18.73,57.35,44.09,0.0,37.18,2.59,74.35,100.0,84.73,45.53,64.55,0.29,97.98,94.52,19.02,12340,3.56,39.22,2.19,85.07,87.97,23.05,17.0
440318,4403,44,2350,81.7,28.94,88.51,20.0,0.0,11.06,2.13,39.15,97.87,97.45,35.74,45.53,1.28,95.74,91.06,28.51,10130,4.31,43.83,2.27,81.9,93.8,20.43,16.6
440319,4403,44,1120,85.71,33.93,91.96,5.36,0.0,55.36,6.25,35.71,99.11,88.39,46.43,17.86,0.0,98.21,83.93,28.57,5240,4.68,47.52,3.05,82.55,82.12,24.11,14.29
440320,4403,44,1180,77.12,11.02,74.58,64.41,0.0,16.1,0.0,66.1,99.15,92.37,65.25,67.8,0.0,94.07,82.2,20.34,5050,4.28,39.41,1.98,86.6,88.28,21.19,15.25
440401,4404,44,2370,54.01,35.86,52.74,36.29,0.42,25.74,1.27,66.24,99.16,85.23,81.01,62.45,0.84,96.2,93.67,37.13,8620,3.64,35.15,2.9,87.12,88.65,19.83,12.66
440402,4404,44,4090,49.14,45.48,55.01,50.86,0.0,19.07,4.16,60.88,100.0,75.31,37.16,51.83,0.49,89.49,75.79,36.92,14950,3.66,38.73,3.75,89.85,93.37,40.1,9.54
440403,4404,44,4190,82.58,64.44,89.5,1.19,0.0,73.99,0.0,50.84,99.52,93.79,64.44,9.07,0.0,98.57,94.27,8.35,18450,4.4,46.99,2.49,70.04,78.93,23.63,28.88
440404,4404,44,5280,75.38,68.37,87.31,1.52,0.0,42.8,0.38,42.99,99.62,89.58,50.95,10.98,0.19,96.97,85.23,2.27,21770,4.12,44.28,2.53,81.37,79.74,25.57,15.91
440405,4404,44,5140,73.35,62.26,78.79,11.48,0.0,47.08,1.17,58.37,99.42,90.27,68.68,27.63,0.78,96.5,86.19,25.29,20360,3.96,43.03,1.96,79.48,81.52,25.88,20.43
440406,4404,44,4830,83.85,80.12,93.58,13.04,0.0,69.57,0.21,59.42,99.79,92.13,61.9,24.64,0.0,99.17,88.82,30.64,19230,3.98,46.13,2.18,70.37,78.68,25.05,24.84
440407,4404,44,5440,14.34,2.39,20.4,95.4,1.29,7.9,3.49,70.96,99.82,36.03,58.09,80.51,4.04,40.44,34.01,7.9,18650,3.43,32.82,2.25,96.49,94.81,39.34,4.04
440408,4404,44,3040,54.93,60.2,78.62,0.33,0.0,59.21,0.99,54.61,100.0,90.79,51.97,13.82,0.0,97.7,87.5,22.04,12020,3.95,42.18,2.91,88.63,92.09,23.03,12.5
440409,4404,44,3140,86.62,41.72,86.62,4.14,0.0,26.75,1.91,63.69,99.36,95.54,51.59,15.92,0.32,96.82,86.94,24.52,13390,4.26,48.24,1.94,76.91,74.77,14.65,12.74
440410,4404,44,5680,61.62,52.46,71.13,49.65,0.18,13.73,1.06,57.39,100.0,83.45,56.69,35.74,0.18,98.42,83.98,32.04,20710,3.65,39.5,3.19,86.67,89.45,31.69,14.08
440411,4404,44,6320,61.71,62.66,80.54,28.32,0.16,73.73,0.16,35.13,99.68,91.14,59.97,40.66,0.0,98.73,90.82,18.83,22730,3.6,39.6,2.11,87.18,84.81,28.16,14.08
440412,4404,44,6100,80.49,51.97,67.87,33.44,0.0,20.0,0.98,54.1,100.0,86.56,41.97,48.85,0.16,96.56,88.2,47.38,25860,4.24,44.78,2.9,82.21,86.59,31.64,19.51
440413,4404,44,6750,72.74,20.59,62.52,25.78,0.15,39.11,2.52,73.04,99.85,89.19,69.93,44.44,2.81,93.33,87.7,43.41,28120,4.17,43.71,1.56,77.01,80.39,21.19,19.11
440414,4404,44,2500,81.2,73.2,66.4,48.8,0.0,52.0,0.4,64.0,99.6,83.2,71.2,41.6,0.4,98.4,92.8,57.6,10080,4.03,41.57,2.18,90.15,89.79,24.4,14.0
440501,4405,44,780,96.15,97.44,98.72,0.0,0.0,1.28,1.28,28.21,100.0,97.44,71.79,25.64,0.0,98.72,89.74,33.33,3560,4.56,50.56,2.25,61.93,59.14,16.67,51.28
440502,4405,44,6530,83.46,73.35,63.86,32.62,0.0,80.86,0.61,34.46,99.69,84.84,75.34,39.66,0.0,94.79,77.64,21.44,27140,4.16,42.34,1.92,77.7,79.17,34.92,26.19
440503,4405,44,4580,80.79,73.14,75.33,25.98,0.0,56.11,3.49,56.77,99.78,89.74,72.49,47.38,1.09,96.07,89.3,66.81,18890,4.12,42.24,2.01,68.47,75.34,32.75,27.73
440504,4405,44,3490,90.83,82.52,72.49,42.41,0.0,49.28,0.57,57.31,99.43,80.52,58.45,40.4,0.29,93.41,77.36,27.22,14070,4.03,43.43,1.85,66.33,71.12,32.38,34.67
440505,4405,44,6420,84.58,76.01,68.69,22.12,0.0,93.61,1.25,28.5,99.07,89.88,45.48,34.11,0.0,96.42,79.13,51.09,26940,4.2,46.36,2.04,60.55,52.67,28.66,36.14
440506,4405,44,1650,94.55,78.18,83.64,3.03,0.0,95.15,0.0,20.61,98.79,95.15,75.76,27.27,0.0,95.76,90.91,20.61,7020,4.25,44.16,2.85,56.38,62.15,35.15,43.03
440507,4405,44,1440,81.94,79.86,94.44,6.25,0.0,82.64,0.69,50.0,99.31,90.97,61.11,12.5,0.0,100.0,93.06,72.92,6070,4.22,48.27,1.65,58.28,56.77,21.53,35.42
440508,4405,44,5200,71.92,69.42,65.0,22.12,0.0,58.65,1.92,48.65,99.42,90.77,58.46,53.65,0.19,99.23,88.65,12.12,21550,4.14,43.71,1.58,45.59,55.01,28.08,53.08
440509,4405,44,7170,16.46,12.83,26.64,51.19,1.53,11.99,3.49,62.62,99.86,41.0,67.36,72.11,5.3,62.62,41.28,5.16,29490,4.11,38.35,2.88,91.47,86.64,30.68,9.21
440510,4405,44,5960,87.42,84.06,90.1,15.27,0.0,80.37,0.84,31.38,99.83,82.05,60.4,29.53,0.17,96.81,75.34,55.87,26460,4.44,48.22,1.7,57.23,53.32,21.48,33.56
440511,4405,44,1600,85.0,83.75,93.75,0.62,0.62,3.75,0.0,25.62,100.0,96.88,55.62,12.5,0.0,99.38,90.0,41.88,6890,4.31,48.48,2.61,73.24,63.24,23.75,31.87
440601,4406,44,5020,72.51,70.92,89.64,48.41,0.0,32.27,7.57,34.86,99.4,83.67,48.21,30.88,0.0,87.25,77.09,5.18,19240,3.83,44.54,2.34,78.82,84.0,28.49,21.51
440602,4406,44,1270,70.08,51.18,72.44,2.36,0.0,3.15,0.79,59.84,99.21,96.06,66.93,29.13,0.79,99.21,86.61,14.96,5040,3.97,39.48,2.78,90.82,96.27,41.73,7.87
440603,4406,44,1770,60.45,55.37,77.4,25.42,0.56,1.13,0.0,47.46,98.31,93.79,79.1,55.93,0.0,97.74,92.66,1.69,7290,4.12,38.13,1.37,90.47,92.22,27.12,15.82
440604,4406,44,1540,76.62,55.19,83.77,0.65,0.0,7.79,8.44,67.53,100.0,94.81,62.34,25.32,0.65,99.35,94.16,2.6,6740,4.38,47.33,2.23,89.3,81.72,26.62,16.88
440605,4406,44,2780,62.59,60.07,82.01,0.36,0.0,69.06,1.8,43.53,99.28,98.56,69.06,21.22,2.88,100.0,87.77,32.73,9830,3.54,35.5,2.95,83.75,88.67,28.42,22.66
440606,4406,44,1650,78.79,73.94,91.52,0.0,0.0,49.7,0.0,20.0,100.0,97.58,61.82,3.03,0.0,98.79,92.12,33.94,6980,4.23,46.28,2.44,43.2,54.82,26.06,49.09
440607,4406,44,1310,50.38,51.15,77.86,56.49,0.0,3.05,3.82,54.2,100.0,91.6,63.36,45.04,0.0,100.0,91.6,0.0,5360,4.09,38.81,2.43,85.06,92.25,22.14,10.69
440608,4406,44,2130,77.93,77.46,90.61,17.37,0.47,15.02,2.82,46.01,100.0,98.59,53.52,26.29,0.47,100.0,95.31,17.84,9470,4.45,47.31,2.01,75.15,77.78,29.58,26.76
440609,4406,44,600,91.67,90.0,100.0,0.0,0.0,18.33,0.0,20.0,100.0,96.67,81.67,8.33,0.0,100.0,83.33,16.67,2630,4.38,48.29,3.04,63.97,70.27,30.0,36.67
440610,4406,44,1830,64.48,77.6,96.72,2.73,0.0,8.2,0.0,40.44,100.0,98.91,46.45,31.15,0.0,100.0,91.8,29.51,8360,4.57,53.59,1.79,67.53,76.04,13.66,31.15
440611,4406,44,3920,70.92,65.05,80.87,43.37,0.0,11.99,0.51,42.35,99.23,88.01,66.58,37.5,0.0,92.6,87.24,33.42,15030,3.83,43.51,3.13,77.86,83.69,29.34,19.39
440612,4406,44,740,95.95,60.81,98.65,0.0,0.0,8.11,0.0,70.27,100.0,95.95,72.97,12.16,0.0,100.0,79.73,0.0,3610,4.88,48.75,1.94,45.95,65.56,10.81,45.95
440613,4406,44,2470,77.73,76.11,89.47,20.65,0.0,58.7,0.4,56.68,100.0,94.33,49.39,35.63,0.0,96.76,89.88,6.07,11580,4.69,47.75,2.5,84.79,89.43,28.34,21.05
440614,4406,44,1520,81.58,61.84,81.58,1.97,0.0,7.89,0.0,60.53,100.0,94.74,55.92,30.26,0.66,98.03,85.53,0.0,6970,4.59,50.65,0.86,68.02,75.22,19.08,21.71
440615,4406,44,4490,72.61,74.83,83.52,5.12,0.0,28.51,0.0,41.65,99.33,96.66,69.71,30.96,0.0,99.55,94.43,1.56,17420,3.88,42.25,3.56,75.45,86.1,22.49,26.73
440616,4406,44,2730,81.32,66.67,75.82,0.0,0.0,24.54,0.0,68.86,99.63,96.7,66.67,28.21,0.0,97.07,81.68,10.99,12670,4.64,47.99,1.66,66.01,74.93,15.02,42.12
440617,4406,44,3020,56.95,54.3,64.24,47.02,0.0,3.31,0.33,43.38,99.67,88.74,82.78,47.02,0.0,99.67,95.7,2.98,11740,3.89,39.35,2.39,86.1,88.59,24.17,14.24
440618,4406,44,2370,68.35,52.32,67.51,3.38,0.0,18.99,0.42,58.65,99.16,90.72,50.63,39.24,0.0,94.09,84.39,2.53,10210,4.31,43.78,1.27,81.71,77.21,19.41,14.77
440619,4406,44,1740,67.82,46.55,76.44,0.0,0.0,20.69,5.17,74.14,98.85,92.53,49.43,32.76,0.0,94.25,48.85,6.9,6810,3.91,46.7,2.2,64.19,77.24,13.79,34.48
440620,4406,44,2240,65.62,59.82,76.79,0.45,0.0,13.39,0.89,54.02,100.0,81.7,70.09,41.52,0.45,96.88,81.25,4.46,9330,4.17,40.3,3.43,74.51,88.79,24.11,23.66
440621,4406,44,2040,53.92,50.49,64.71,50.98,0.0,3.92,2.94,38.24,99.02,95.1,79.9,41.67,0.0,98.53,89.22,3.43,8290,4.06,38.48,2.9,89.8,85.05,30.88,11.27
440622,4406,44,5520,56.34,52.36,72.1,10.69,0.0,20.83,0.18,47.1,99.64,86.59,74.46,45.83,0.36,98.01,88.04,25.91,19910,3.61,37.52,1.96,81.83,86.77,25.18,15.22
440623,4406,44,1440,84.03,81.25,89.58,0.0,0.0,18.75,0.69,16.67,91.67,96.53,63.89,6.25,0.0,100.0,90.97,3.47,6370,4.42,46.94,1.41,56.8,71.35,26.39,36.81
440624,4406,44,9170,11.23,3.93,20.61,70.45,2.29,4.8,6.43,70.34,99.89,40.57,73.39,82.55,6.65,47.44,33.26,1.96,30970,3.38,32.94,2.65,95.91,94.36,38.6,3.82
440625,4406,44,4120,57.77,52.43,71.6,37.38,0.0,20.39,1.46,45.87,98.79,87.14,67.72,33.25,0.24,90.05,85.92,13.59,15230,3.7,41.83,2.76,83.07,85.45,24.03,18.45
440626,4406,44,2560,46.48,48.83,73.05,44.92,0.0,41.41,0.78,51.56,99.61,81.64,42.97,39.06,0.78,86.72,75.0,3.12,9580,3.74,44.36,2.82,78.8,91.15,27.73,15.62
440627,4406,44,2240,77.23,73.66,87.95,21.88,0.0,10.27,0.0,41.07,99.55,93.75,76.34,40.18,0.0,100.0,87.95,6.25,9070,4.05,44.1,2.65,70.41,89.41,28.12,24.11
440628,4406,44,1800,61.11,53.89,61.67,17.78,0.0,25.56,0.56,53.33,100.0,96.67,88.33,47.78,0.0,100.0,93.89,17.78,7020,3.9,39.46,3.56,80.71,83.71,26.11,21.11
440629,4406,44,1590,72.96,71.07,81.76,0.0,0.0,4.4,0.0,44.03,100.0,95.6,81.76,29.56,0.0,98.74,88.68,0.0,6180,3.89,41.91,4.05,89.97,92.77,22.64,15.09
440701,4407,44,3260,97.85,88.34,86.5,23.93,0.0,59.51,0.31,17.18,100.0,94.48,68.71,46.32,0.0,98.47,88.34,65.64,13190,4.05,41.7,2.2,74.25,73.09,37.73,29.45
440702,4407,44,1560,97.44,94.87,91.03,47.44,0.0,85.9,2.56,46.79,100.0,94.87,72.44,47.44,0.64,98.72,91.03,3.85,7470,4.79,50.6,1.74,60.05,81.61,24.36,27.56
440703,4407,44,3580,96.65,91.9,92.74,1.12,0.0,85.75,0.0,25.14,99.44,91.06,55.31,36.31,0.0,97.77,88.27,45.53,14890,4.16,45.13,3.09,51.16,69.4,34.36,41.34
440704,4407,44,2290,91.27,90.39,93.89,19.21,0.0,58.08,0.44,62.01,100.0,84.72,51.53,28.38,0.44,99.13,87.34,44.54,9780,4.27,43.76,11.25,74.73,79.03,28.82,21.83
440705,4407,44,2480,96.77,83.87,83.87,6.05,0.0,41.94,1.61,79.84,100.0,90.32,90.32,60.08,0.81,98.79,93.15,78.63,9460,3.81,40.38,3.07,76.42,68.52,31.05,23.39
440706,4407,44,3200,94.38,86.56,84.38,18.75,0.0,86.25,0.62,45.0,99.06,85.31,63.44,21.88,0.0,97.81,90.31,8.12,12810,4.0,42.39,3.67,82.11,68.54,30.63,17.5
440707,4407,44,7380,95.26,89.43,89.3,5.42,0.14,86.86,2.44,30.49,99.73,91.87,71.27,34.82,0.14,97.97,90.92,65.04,28780,3.9,44.51,2.68,54.66,62.52,32.93,48.1
440708,4407,44,1630,98.77,92.64,94.48,26.99,0.0,63.8,0.0,17.18,100.0,94.48,41.72,20.86,0.0,98.77,90.8,47.24,7490,4.6,48.87,2.14,44.91,55.41,20.25,42.33
440709,4407,44,3560,79.49,77.81,70.79,8.99,0.0,65.45,0.28,70.51,99.72,82.02,49.44,41.85,0.28,84.55,71.91,16.57,14890,4.18,45.53,1.54,78.79,81.03,28.65,25.28
440710,4407,44,3170,89.59,83.6,77.29,27.76,0.0,51.1,0.63,25.87,98.74,90.85,74.13,33.75,0.32,97.79,78.23,29.34,12500,3.94,44.24,2.8,65.42,73.39,33.12,29.02
440711,4407,44,6270,37.48,16.11,12.12,93.94,1.44,3.03,10.05,72.25,100.0,33.01,74.0,85.33,8.45,47.37,45.3,7.5,22970,3.66,31.48,2.57,93.9,91.78,41.95,6.22
440712,4407,44,5010,93.21,76.65,75.05,26.35,0.4,53.09,0.2,51.7,100.0,81.84,63.67,38.92,0.6,94.01,78.44,27.54,20190,4.03,45.07,2.18,70.15,62.04,38.72,24.75
440713,4407,44,2000,94.5,88.5,85.0,6.5,0.0,74.5,0.0,34.0,98.5,98.0,60.5,35.5,0.0,97.5,91.5,35.5,8170,4.08,44.92,1.47,66.22,54.21,36.0,31.5
440714,4407,44,3820,84.29,74.35,75.65,43.98,0.0,52.36,0.0,28.01,98.69,87.96,81.94,69.63,1.05,97.12,87.7,53.14,15430,4.04,44.01,2.53,79.28,68.0,39.53,24.08
440715,4407,44,3450,91.59,88.41,92.46,9.57,0.29,85.51,0.58,31.01,99.71,88.41,45.8,26.96,0.0,96.52,85.8,57.97,14410,4.18,44.9,3.33,50.76,45.23,27.25,46.09
440716,4407,44,1880,88.83,87.77,82.45,18.62,0.0,69.68,2.13,68.09,100.0,89.36,62.23,42.55,0.0,99.47,91.49,0.53,9350,4.97,48.77,2.67,84.55,89.09,25.0,15.43
440717,4407,44,1270,98.43,96.85,92.91,0.0,0.0,82.68,0.0,40.16,100.0,86.61,62.99,33.07,0.0,99.21,94.49,3.94,5000,3.94,44.8,2.4,69.57,80.8,32.28,21.26
440718,4407,44,1310,90.08,96.18,87.02,33.59,0.0,23.66,0.0,23.66,100.0,92.37,72.52,28.24,0.0,99.24,90.84,77.1,6140,4.69,42.02,2.77,54.78,65.49,25.19,45.8
510101,5101,51,1840,25.0,48.91,53.26,19.57,0.0,28.8,1.63,17.93,100.0,85.87,80.98,34.78,0.54,85.33,65.76,3.26,7390,4.02,38.97,2.98,90.24,74.53,31.52,13.59
510102,5101,51,12090,18.44,10.34,10.09,98.76,4.96,5.87,9.59,77.25,99.26,47.39,86.77,79.82,13.23,32.51,30.85,1.74,46580,3.85,32.46,3.33,97.62,91.89,26.96,2.32
510103,5101,51,3440,58.14,46.51,39.83,11.34,0.58,36.63,3.49,28.2,99.42,84.59,83.43,31.69,1.74,86.63,69.19,4.65,14000,4.07,39.21,2.86,90.01,77.02,20.06,11.34
510104,5101,51,3270,55.66,54.74,51.07,46.18,0.0,17.43,0.61,7.03,99.69,88.69,87.46,46.18,0.31,81.96,66.06,30.28,13170,4.03,39.33,3.57,95.12,84.72,20.49,6.12
510105,5101,51,5800,64.66,64.14,55.52,20.69,0.52,33.45,1.38,19.83,99.31,77.41,78.1,33.97,1.72,92.76,67.76,20.0,24800,4.28,40.04,2.26,89.91,78.11,18.1,8.28
510106,5101,51,2790,81.36,79.57,55.56,50.18,0.0,49.1,1.43,23.66,99.64,93.55,59.86,28.67,0.36,94.98,81.36,29.75,11310,4.05,37.93,3.54,89.74,67.33,19.35,9.68
510107,5101,51,4050,45.68,51.6,47.65,46.67,0.0,33.83,0.25,16.79,99.01,83.7,79.75,39.01,0.74,78.27,64.94,22.47,16880,4.17,39.34,2.9,88.57,68.97,18.27,12.35
510108,5101,51,5370,67.41,66.29,48.79,50.28,0.19,14.9,14.71,1.86,99.63,79.52,83.8,41.71,0.0,91.81,73.0,6.52,19810,3.69,35.74,2.17,93.17,82.21,19.74,11.73
510109,5101,51,880,84.09,78.41,52.27,44.32,0.0,21.59,7.95,26.14,100.0,84.09,22.73,32.95,2.27,92.05,70.45,19.32,3570,4.06,39.22,3.08,87.1,56.98,25.0,12.5
510110,5101,51,2640,90.53,81.82,74.62,26.89,0.0,16.29,0.0,21.21,100.0,87.12,37.12,28.03,0.76,96.59,71.59,7.58,10960,4.15,41.79,3.65,69.59,61.63,22.73,24.62
510111,5101,51,1580,75.95,35.44,45.57,86.71,0.0,32.91,1.27,20.25,98.73,79.11,81.01,39.24,0.63,91.14,79.75,34.18,6120,3.87,36.27,2.78,91.79,80.3,24.68,10.13
510112,5101,51,3950,61.27,58.48,31.9,94.68,0.25,9.37,3.54,6.08,98.73,77.97,86.58,42.78,1.77,81.01,73.42,16.71,15930,4.03,37.41,3.7,93.08,75.77,17.72,12.15
510113,5101,51,7470,73.09,70.95,71.35,19.14,0.0,21.02,3.08,7.76,99.46,87.82,67.2,42.97,0.4,95.31,85.68,11.65,34000,4.55,44.21,1.88,86.14,65.69,14.59,16.33
510114,5101,51,3410,23.17,46.04,59.53,29.33,0.0,24.63,3.23,8.5,99.71,87.1,86.8,30.79,0.59,95.6,76.54,0.29,14080,4.13,36.93,3.62,89.3,63.47,17.89,13.2
510115,5101,51,3400,72.35,65.59,52.94,72.06,0.0,25.88,0.29,29.12,99.41,84.12,75.88,39.12,0.29,93.53,78.53,7.94,13840,4.07,38.95,3.68,88.28,78.1,30.59,10.59
510116,5101,51,3740,64.97,56.42,33.42,55.61,0.53,9.63,5.61,20.05,99.73,77.54,77.54,47.59,1.34,87.17,78.07,26.74,14630,3.91,37.94,3.76,92.4,80.24,22.19,5.88
510117,5101,51,2610,75.1,78.54,76.63,33.33,0.0,18.77,0.77,0.0,98.85,91.57,74.71,14.94,0.0,93.1,78.16,4.21,12120,4.64,44.72,2.39,81.79,77.48,19.16,9.96
510118,5101,51,6370,68.29,57.77,41.13,73.78,0.16,26.22,2.04,24.33,99.53,82.1,86.03,47.25,1.73,91.68,74.25,12.56,26150,4.11,36.79,3.21,90.56,80.27,21.98,11.62
510119,5101,51,3540,73.73,72.88,55.08,36.16,0.0,32.77,0.85,26.27,99.15,85.88,75.14,35.31,0.28,89.83,81.92,8.76,14320,4.05,40.92,2.03,89.24,66.99,14.97,16.95
510120,5101,51,3340,75.45,77.25,50.6,50.9,0.0,12.57,0.3,4.79,100.0,88.32,67.07,49.1,0.0,96.41,84.13,33.53,14640,4.38,40.51,1.64,89.32,73.87,12.57,13.77
510121,5101,51,3030,64.36,65.68,65.35,28.71,0.0,34.65,0.33,22.11,100.0,82.51,65.68,33.66,0.66,86.47,72.94,23.76,11860,3.91,39.63,3.29,86.31,67.82,21.12,14.52
510122,5101,51,1740,65.52,58.05,52.3,60.92,0.0,37.93,1.15,24.14,99.43,87.36,78.16,35.06,0.57,88.51,72.99,15.52,7200,4.14,40.14,2.22,90.02,69.89,21.84,14.37
510201,5102,51,4800,52.71,49.38,35.0,64.79,0.0,27.92,0.42,43.12,99.58,69.17,89.17,54.58,2.5,86.67,70.83,25.42,21640,4.51,40.2,2.03,89.88,77.12,17.71,12.29
510202,5102,51,4110,43.31,57.42,56.45,48.91,0.0,36.01,0.73,21.65,99.03,91.0,75.91,57.18,0.49,93.92,72.51,12.65,16240,3.95,35.71,3.08,92.43,75.2,18.49,11.19
510203,5102,51,1310,65.65,64.12,53.44,64.89,0.0,4.58,1.53,32.06,97.71,93.13,71.76,41.22,0.76,92.37,66.41,19.85,5680,4.34,37.5,3.35,98.03,77.86,29.77,7.63
510204,5102,51,4400,68.18,60.45,52.95,42.95,0.0,40.0,0.91,34.55,99.77,79.32,69.55,39.09,0.23,88.18,59.55,7.05,19590,4.45,39.71,2.91,90.09,75.47,19.09,12.27
510205,5102,51,2410,33.61,42.74,26.97,73.44,0.0,13.28,0.0,48.55,100.0,63.49,84.23,50.62,1.24,80.08,58.09,6.22,9660,4.01,38.1,3.83,93.98,79.72,18.67,7.05
510206,5102,51,4560,64.25,64.25,47.81,55.04,0.0,30.48,0.88,41.45,99.78,64.47,70.61,44.52,1.32,82.46,50.88,14.91,19460,4.27,39.47,2.67,87.52,66.74,14.91,14.25
510207,5102,51,7740,44.83,46.51,31.91,72.09,0.13,14.47,2.71,41.99,99.48,71.45,85.79,48.84,2.07,90.57,67.7,8.27,31640,4.09,36.92,3.19,94.44,83.85,19.77,7.36
510208,5102,51,1280,85.16,63.28,42.19,63.28,0.0,21.09,3.91,37.5,100.0,73.44,80.47,44.53,0.78,94.53,71.88,11.72,5340,4.17,39.33,3.93,94.44,68.93,19.53,8.59
510209,5102,51,2300,63.04,49.13,46.09,31.74,0.0,29.57,0.43,36.52,100.0,82.17,53.91,48.26,0.87,94.35,73.04,66.52,9730,4.23,40.7,2.57,92.55,77.37,20.43,4.78
510210,5102,51,1500,59.33,65.33,26.0,72.0,0.0,22.0,2.67,28.0,99.33,72.67,77.33,38.67,0.0,92.67,68.0,5.33,6060,4.04,40.43,0.99,91.41,78.23,18.0,12.67
510211,5102,51,3910,79.03,72.63,57.29,19.69,0.0,21.48,2.56,28.39,100.0,88.75,39.13,35.04,0.77,93.61,72.38,15.6,18000,4.6,44.72,2.06,75.35,56.9,15.09,29.67
510212,5102,51,3780,67.2,58.2,57.14,34.39,0.0,83.07,1.06,61.11,100.0,86.77,78.57,46.3,1.06,91.01,55.56,47.35,15550,4.11,32.8,2.89,95.41,81.06,16.4,5.56
510213,5102,51,3180,69.5,80.82,74.53,22.33,0.0,31.45,9.12,18.55,100.0,90.57,63.52,34.91,0.0,93.71,72.33,1.26,13250,4.17,38.11,2.57,76.46,68.3,20.75,22.64
510214,5102,51,1830,87.98,78.14,77.05,22.95,0.0,11.48,0.0,18.03,99.45,86.34,63.39,10.38,0.55,97.27,73.22,7.1,8290,4.53,44.15,1.57,87.04,80.79,14.75,13.11
510215,5102,51,9790,59.86,52.5,29.62,69.25,0.31,16.34,1.12,40.65,99.49,74.16,80.29,43.41,1.33,86.52,69.66,7.35,41830,4.27,39.33,3.01,90.58,79.76,18.79,10.42
510216,5102,51,1850,76.76,78.38,40.54,77.84,0.0,20.0,5.95,36.76,100.0,76.76,76.76,47.57,1.08,87.03,72.97,27.57,7890,4.26,40.43,1.27,89.36,72.88,19.46,9.73
510217,5102,51,3030,81.52,79.54,45.87,40.59,0.0,22.77,0.66,24.42,99.01,79.21,76.9,38.28,0.33,95.38,75.91,3.96,12450,4.11,38.23,2.17,92.72,72.2,9.9,7.92
510218,5102,51,6020,27.91,36.05,27.74,75.91,0.33,20.1,1.83,55.81,100.0,70.1,74.92,66.28,1.99,66.11,43.85,8.31,23580,3.92,35.07,3.05,93.47,76.24,23.59,6.48
510219,5102,51,3280,80.49,74.09,58.23,39.33,0.0,23.17,1.52,24.7,98.78,90.55,56.4,38.11,1.22,95.73,65.85,25.0,14720,4.49,40.01,1.97,88.0,65.49,19.21,11.89
510220,5102,51,1750,37.14,39.43,34.29,61.71,0.0,81.14,1.14,60.0,100.0,78.29,71.43,49.14,0.0,89.71,64.57,60.0,6440,3.68,33.23,6.52,94.88,82.54,25.71,6.86
510221,5102,51,1520,76.32,75.66,58.55,54.61,0.0,71.71,0.66,36.18,100.0,82.24,63.16,28.95,0.66,84.21,48.03,6.58,6700,4.41,41.19,3.13,90.1,64.57,21.05,13.82
510222,5102,51,2520,73.02,61.9,32.54,93.65,0.0,1.98,1.19,18.65,100.0,74.6,78.57,32.94,0.4,93.65,82.54,26.59,10810,4.29,39.22,1.85,88.28,79.5,23.41,9.92
510301,5103,51,8840,65.84,52.71,39.03,57.69,0.45,24.89,1.58,36.54,99.32,72.51,64.14,53.62,3.85,78.73,67.08,12.67,37910,4.29,41.2,2.56,88.02,81.85,22.29,12.1
510302,5103,51,4160,74.04,66.35,61.78,51.2,0.0,67.55,0.72,20.91,99.28,88.22,62.26,50.24,1.92,97.36,84.86,23.08,18020,4.33,40.29,2.39,83.27,69.41,24.76,14.42
510303,5103,51,2780,89.93,72.66,67.63,26.62,0.0,81.29,0.0,15.83,100.0,87.77,50.36,31.65,1.44,98.56,79.14,6.47,12440,4.47,43.81,3.62,89.13,72.44,30.94,12.95
510304,5103,51,1210,80.99,76.03,87.6,0.83,0.0,95.04,0.0,11.57,98.35,85.12,70.25,33.88,0.0,98.35,95.87,10.74,4870,4.02,41.68,3.08,77.46,62.04,24.79,20.66
510305,5103,51,1130,89.38,75.22,92.04,0.0,0.0,94.69,0.0,15.04,100.0,98.23,38.94,12.39,0.88,99.12,92.04,2.65,4950,4.38,50.1,1.41,65.59,66.4,31.86,20.35
510306,5103,51,1190,89.92,74.79,89.92,0.0,0.0,16.81,0.84,24.37,100.0,89.08,46.22,13.45,2.52,99.16,89.08,12.61,5350,4.5,47.85,3.55,65.95,61.87,20.17,36.13
510307,5103,51,2620,68.32,64.12,73.28,28.63,0.0,80.53,0.38,19.85,99.62,89.69,61.83,58.78,0.76,96.56,91.22,10.69,11110,4.24,40.68,2.25,83.46,69.01,18.7,25.19
510308,5103,51,1280,67.97,64.84,69.53,2.34,0.0,89.84,0.0,11.72,100.0,89.84,42.97,43.75,3.91,97.66,89.84,1.56,5470,4.27,47.53,2.74,78.75,75.0,25.78,26.56
510309,5103,51,1380,83.33,63.77,76.09,10.87,0.0,90.58,0.0,20.29,100.0,97.1,53.62,48.55,0.0,100.0,91.3,5.07,6070,4.4,44.81,0.66,84.78,69.34,15.22,18.84
510401,5104,51,1140,71.93,57.89,47.37,0.0,0.0,40.35,3.51,35.96,98.25,92.98,36.84,15.79,0.88,99.12,92.11,20.18,5460,4.79,45.24,4.03,83.61,66.44,21.93,18.42
510402,5104,51,1250,96.0,81.6,55.2,2.4,0.0,28.8,0.8,27.2,100.0,84.8,35.2,9.6,0.0,96.8,91.2,48.0,5170,4.14,45.07,3.68,85.92,68.66,14.4,4.0
510403,5104,51,1990,93.47,78.39,67.84,0.5,0.0,20.6,3.02,26.63,100.0,97.99,36.68,6.03,0.5,98.99,86.43,28.14,10000,5.03,47.5,3.1,78.1,65.33,16.08,12.56
510404,5104,51,1090,90.83,77.06,65.14,20.18,0.0,33.94,0.0,43.12,99.08,93.58,39.45,6.42,0.0,99.08,95.41,39.45,5520,5.06,49.28,1.81,91.07,63.2,10.09,11.93
510405,5104,51,6230,72.87,52.17,38.84,26.65,1.12,18.94,2.25,35.96,98.72,78.65,54.57,28.89,1.77,82.99,80.74,21.67,28760,4.62,44.47,2.16,92.86,72.12,18.62,7.22
510406,5104,51,3440,52.03,60.47,36.34,8.72,0.0,56.1,3.2,47.38,99.42,90.99,26.45,13.66,1.16,96.51,90.99,21.8,16230,4.72,43.19,2.28,81.13,66.23,18.02,11.05
510407,5104,51,3710,82.21,76.01,64.69,8.63,0.0,55.53,1.35,24.26,99.46,93.8,30.19,12.94,0.27,98.92,88.68,28.57,17990,4.85,48.47,2.33,83.6,67.31,11.05,9.16
510408,5104,51,1380,44.93,64.49,57.25,2.9,0.0,55.8,0.0,39.86,100.0,86.23,38.41,30.43,0.72,98.55,95.65,35.51,7300,5.29,47.95,1.37,83.16,63.13,14.49,7.25
510409,5104,51,850,76.47,78.82,62.35,16.47,0.0,31.76,9.41,20.0,100.0,92.94,38.82,7.06,0.0,100.0,90.59,31.76,4210,4.95,44.89,2.14,87.07,71.72,14.12,3.53
510410,5104,51,1430,58.74,76.92,69.93,0.7,0.0,70.63,1.4,33.57,97.9,90.21,23.78,22.38,0.0,97.9,90.91,17.48,6310,4.41,47.86,2.06,81.76,69.28,10.49,13.29
510411,5104,51,1250,91.2,80.0,66.4,8.8,0.0,34.4,0.0,15.2,99.2,94.4,25.6,7.2,0.0,99.2,86.4,10.4,5770,4.62,45.41,2.25,88.22,81.89,14.4,9.6
510501,5105,51,1940,69.07,55.67,53.61,17.01,0.0,17.01,6.7,15.98,98.97,89.18,43.81,17.53,0.52,94.33,75.77,26.29,8030,4.14,44.08,2.62,89.98,62.78,23.2,9.79
510502,5105,51,3570,78.43,61.62,28.85,54.34,0.0,20.45,8.12,38.66,99.72,80.11,72.83,50.7,1.4,83.75,70.59,38.1,12890,3.61,36.93,2.64,96.56,90.24,19.61,3.08
510503,5105,51,8710,75.2,53.39,40.87,43.4,0.92,33.18,2.76,36.85,99.77,73.94,77.73,45.35,2.07,90.24,75.55,13.09,37080,4.26,42.1,2.24,90.31,75.92,17.34,12.17
510504,5105,51,3330,90.09,70.57,54.65,17.12,0.0,26.73,0.3,38.44,99.4,90.09,72.67,27.93,0.0,96.4,90.39,11.41,14560,4.37,45.81,2.34,88.97,74.87,20.12,9.91
510505,5105,51,1870,80.75,56.68,49.2,9.09,0.0,24.06,2.67,32.62,99.47,83.42,80.75,32.09,0.0,97.33,82.35,4.28,7920,4.24,39.65,2.65,87.24,74.76,20.86,12.83
510506,5105,51,1820,80.22,62.09,42.31,19.78,0.0,25.27,1.1,33.52,99.45,90.11,83.52,28.57,0.0,97.25,92.31,9.34,8160,4.48,44.49,1.47,92.05,67.34,14.29,12.09
510507,5105,51,4560,76.1,66.01,44.96,45.61,0.22,28.95,0.66,32.24,99.78,78.51,56.36,41.01,0.66,88.16,78.73,25.0,19890,4.36,43.19,2.71,89.56,82.95,18.2,10.31
510508,5105,51,2930,39.93,35.49,24.57,49.15,1.02,1.71,6.48,55.29,100.0,81.57,62.46,53.24,3.75,70.31,57.0,13.65,11050,3.77,36.47,2.35,91.88,76.04,16.04,9.22
510509,5105,51,2050,87.8,50.24,30.24,40.49,0.0,3.9,0.0,43.9,100.0,79.02,77.07,39.51,0.98,90.73,80.0,8.78,8130,3.97,39.24,3.81,94.13,87.57,17.07,3.9
510510,5105,51,2970,83.16,66.33,75.42,6.4,0.0,31.31,3.03,36.03,99.66,94.28,51.52,12.46,0.0,97.31,83.5,20.54,12550,4.23,44.14,3.03,81.71,70.07,27.95,13.8
510511,5105,51,1600,85.0,58.13,45.0,10.62,0.0,8.12,0.0,33.12,100.0,93.12,76.25,28.75,0.62,97.5,92.5,50.62,6550,4.09,38.78,3.36,87.78,67.63,7.5,8.12
510512,5105,51,4390,71.3,70.16,59.45,24.37,0.0,52.16,1.14,14.58,100.0,92.48,34.85,17.54,0.0,94.08,73.35,7.52,20950,4.77,45.68,2.48,71.97,52.92,14.35,24.6
510513,5105,51,1850,92.43,58.38,48.65,68.65,0.0,19.46,0.54,39.46,100.0,65.95,77.3,28.65,0.0,98.92,88.11,4.86,7290,3.94,36.35,3.98,93.75,77.4,22.7,7.03
510514,5105,51,3480,77.01,50.86,66.67,7.18,0.0,40.8,3.16,26.44,99.71,91.67,44.25,19.83,0.0,97.99,85.06,15.23,14680,4.22,42.64,1.98,71.85,62.54,20.98,16.95
510515,5105,51,3280,83.54,63.11,58.54,23.17,0.0,14.33,4.57,35.98,99.39,93.6,71.65,52.74,0.0,96.95,94.51,37.2,13980,4.26,42.56,2.0,89.54,73.73,15.85,16.77
510516,5105,51,4730,91.54,82.45,58.77,0.0,0.0,20.72,3.38,10.57,98.73,99.37,51.37,2.54,0.42,99.58,95.35,42.28,21190,4.48,46.58,1.7,74.47,64.52,16.28,25.37
510517,5105,51,3970,81.11,54.91,43.32,33.25,0.0,9.82,0.0,30.98,99.5,82.37,65.99,38.04,2.02,88.66,76.83,37.03,16200,4.08,41.23,2.9,88.45,74.11,17.13,11.59
510518,5105,51,14920,27.48,4.09,5.09,95.31,7.24,1.07,11.19,73.06,99.13,44.17,81.9,81.7,15.55,24.73,30.36,1.61,56850,3.81,34.72,2.6,98.6,92.41,21.78,1.47
510519,5105,51,3810,87.93,60.1,41.47,44.36,0.0,29.92,1.31,29.66,98.95,88.45,71.39,41.21,0.0,95.28,81.36,25.98,16560,4.35,40.94,3.26,90.39,75.61,19.69,8.92
510520,5105,51,4460,73.99,34.3,31.84,71.08,0.9,4.71,3.36,35.87,99.33,79.82,71.97,42.15,1.79,88.34,76.23,9.19,17780,3.99,38.3,4.67,96.54,80.29,24.89,5.38
510521,5105,51,2560,93.36,45.7,44.53,15.23,0.0,14.45,4.3,37.11,100.0,87.89,67.97,25.78,0.39,93.75,85.55,13.67,10390,4.06,35.8,3.56,90.85,67.61,21.88,4.69
510522,5105,51,1510,74.17,60.93,36.42,60.93,0.0,24.5,0.66,37.09,100.0,88.08,49.01,45.03,0.0,91.39,87.42,15.89,5440,3.6,37.13,3.31,95.32,81.6,22.52,5.96
510523,5105,51,780,89.74,64.1,30.77,1.28,0.0,20.51,20.51,38.46,97.44,91.03,89.74,47.44,3.85,92.31,85.9,41.03,3140,4.03,43.95,1.27,96.02,71.01,17.95,8.97
520101,5201,52,4900,63.88,44.9,56.73,16.94,0.0,0.41,1.02,56.12,99.8,96.73,76.33,48.98,0.61,98.98,92.45,17.96,16540,3.38,33.56,2.66,82.26,82.12,25.31,24.29
520102,5201,52,5720,61.01,59.44,50.17,24.65,0.0,0.7,1.22,67.31,99.83,95.1,74.65,44.06,0.35,96.5,83.57,5.94,18890,3.3,32.08,3.34,79.11,83.62,23.08,20.63
520103,5201,52,5790,62.52,46.29,47.15,38.17,0.0,0.69,0.69,81.69,100.0,76.51,51.3,66.84,1.04,85.84,75.47,10.54,18350,3.17,31.66,4.36,85.89,85.75,29.02,18.31
520104,5201,52,11200,51.43,54.82,44.46,47.86,0.09,0.36,6.43,0.71,100.0,85.62,41.79,50.36,0.8,87.14,79.2,8.39,33600,3.0,30.95,3.3,72.11,82.3,31.07,30.71
520105,5201,52,5200,28.46,46.54,44.62,8.65,0.19,1.15,0.77,61.35,99.81,96.54,64.04,52.31,0.77,95.77,84.81,22.88,18620,3.58,35.18,3.06,71.42,84.21,23.08,36.73
520106,5201,52,12140,19.28,24.14,5.85,62.44,2.55,2.31,9.14,73.31,99.18,44.32,68.86,83.28,11.04,27.68,29.49,5.35,40860,3.37,30.67,2.06,96.29,93.2,33.61,5.44
520107,5201,52,9960,55.92,57.83,46.79,41.16,0.3,2.71,2.41,52.01,98.59,91.87,66.27,44.98,0.6,94.58,83.23,10.74,32880,3.3,31.3,3.59,83.31,78.78,24.1,21.89
520108,5201,52,1600,73.12,47.5,64.38,46.88,2.5,6.88,0.62,58.13,100.0,96.88,73.75,50.62,0.0,97.5,76.25,18.75,5000,3.12,29.2,4.4,87.01,85.56,26.25,15.0
520109,5201,52,2890,69.9,66.78,80.28,0.35,0.0,4.5,0.69,53.29,100.0,93.08,61.94,37.37,0.69,98.62,83.74,7.61,12090,4.18,44.17,2.56,73.19,78.79,19.03,28.03
520110,5201,52,4940,67.61,52.23,55.26,24.29,3.44,13.56,3.24,26.72,99.19,95.14,71.66,43.12,0.2,97.17,87.25,17.61,19840,4.02,40.83,1.66,65.84,70.83,15.79,33.6
520111,5201,52,6500,70.46,56.62,54.62,28.0,0.77,0.46,3.69,56.15,99.69,83.69,64.62,51.38,1.08,88.77,77.38,6.62,22680,3.49,35.93,2.73,80.45,83.88,26.0,25.54
520112,5201,52,9450,24.02,39.05,47.2,10.9,0.0,0.74,1.48,65.5,99.79,92.38,64.02,56.51,0.42,94.39,78.84,17.25,34960,3.7,36.93,2.66,79.59,83.96,23.81,22.54
520113,5201,52,3070,51.14,41.69,52.77,27.36,0.0,1.63,6.51,81.43,100.0,96.09,53.42,51.79,2.28,97.39,87.3,14.98,10270,3.35,31.65,3.99,74.64,90.27,20.85,28.99
520114,5201,52,2840,63.73,60.92,59.15,29.93,0.0,4.58,0.35,53.17,100.0,98.94,70.77,35.21,1.06,97.89,89.08,1.41,8760,3.08,34.02,4.57,72.49,79.5,21.13,28.87
520201,5202,52,3410,39.59,23.46,21.11,7.04,0.0,3.52,0.0,11.73,100.0,91.79,7.62,56.6,0.59,99.12,71.26,18.48,14020,4.11,42.44,2.43,70.26,86.5,16.72,22.29
520202,5202,52,3740,75.67,35.03,38.77,30.48,0.0,1.07,1.87,90.91,100.0,90.91,58.29,67.65,1.87,97.33,79.68,17.11,13480,3.6,38.8,3.71,81.58,92.38,19.25,16.84
520203,5202,52,4290,56.64,24.71,40.09,38.23,0.0,1.86,0.23,91.38,100.0,92.31,63.17,62.47,0.93,94.64,70.4,10.02,16240,3.79,39.41,2.09,82.32,86.52,19.11,13.75
520204,5202,52,2270,65.2,22.91,45.37,3.52,0.0,6.17,1.32,97.36,100.0,92.95,59.47,46.26,1.76,98.24,68.28,25.11,8870,3.91,46.9,1.69,73.25,70.94,21.15,24.23
520205,5202,52,3460,42.49,17.05,22.83,13.58,0.0,0.87,3.47,91.91,99.42,88.73,71.39,68.21,1.73,93.06,79.19,18.21,13500,3.9,37.85,2.52,90.58,84.62,15.9,13.01
520206,5202,52,5800,69.14,48.1,22.41,37.76,0.17,2.59,2.93,85.86,100.0,95.0,61.9,51.72,2.07,93.97,76.9,19.31,21490,3.71,36.53,2.61,79.25,87.7,17.76,17.59
520207,5202,52,2900,67.93,21.72,42.07,30.69,0.34,0.69,3.1,92.07,100.0,90.0,56.21,44.14,0.69,96.55,73.1,11.72,9900,3.41,35.66,1.92,79.28,87.56,22.07,22.07
520208,5202,52,2190,49.32,26.48,18.26,52.05,2.74,0.46,7.31,89.95,100.0,94.06,65.3,60.73,1.83,93.15,72.15,26.03,7780,3.55,32.78,4.63,81.45,84.46,28.77,18.72
520209,5202,52,5150,71.65,40.39,50.68,20.58,0.0,5.83,1.55,85.63,100.0,93.79,59.03,57.48,0.97,94.17,77.09,28.54,18930,3.68,40.99,1.95,78.33,81.71,23.3,20.0
520210,5202,52,11140,25.58,18.13,14.45,44.79,3.05,1.97,3.77,90.48,99.46,57.81,74.06,81.24,8.8,56.91,39.05,4.58,34390,3.09,30.39,2.12,92.9,87.52,30.61,7.45
520211,5202,52,5150,54.95,19.42,23.3,31.65,0.97,1.17,6.21,88.16,100.0,84.85,56.7,71.65,3.3,89.32,72.82,18.64,18270,3.55,35.36,3.28,83.47,84.64,22.72,16.89
520212,5202,52,2920,50.0,26.71,51.71,1.71,0.0,2.05,0.0,92.47,99.66,97.26,51.03,49.66,0.68,96.92,67.81,23.29,13200,4.52,48.56,2.65,77.03,73.46,20.89,23.63
520213,5202,52,3540,65.82,39.27,51.69,2.26,0.0,3.11,10.17,16.38,100.0,94.63,43.79,65.54,0.56,95.2,85.31,15.25,14930,4.22,45.81,1.74,69.22,78.3,13.84,27.4
520214,5202,52,3060,53.27,16.34,29.41,8.17,0.33,8.5,0.33,96.41,100.0,94.77,81.7,53.59,2.29,97.06,79.41,15.36,11920,3.9,41.36,1.93,74.11,84.03,18.63,23.53
520215,5202,52,5150,40.58,20.97,23.69,22.91,0.0,3.69,8.16,89.32,99.42,86.02,86.41,75.73,1.55,86.41,69.13,3.69,16660,3.23,32.83,2.58,89.28,95.05,27.18,14.37
520216,5202,52,1790,59.78,16.2,44.69,1.68,0.0,3.35,0.56,93.3,99.44,96.65,37.99,32.96,0.0,92.74,65.92,9.5,7620,4.26,44.36,1.18,50.71,67.28,16.76,51.96
520301,5203,52,1450,25.52,24.83,21.38,80.69,0.0,3.45,0.0,85.52,100.0,97.93,75.17,28.97,0.0,99.31,85.52,24.83,5090,3.51,33.99,2.75,84.23,77.08,29.66,17.93
520302,5203,52,6280,36.15,27.55,31.21,62.26,0.16,5.41,3.18,57.01,99.68,94.9,60.03,45.38,0.16,93.79,83.76,19.59,23030,3.67,37.39,3.08,83.91,85.09,26.91,19.59
520303,5203,52,1850,38.38,35.14,27.03,2.16,0.0,8.65,4.86,82.16,99.46,89.19,56.76,45.41,0.54,98.92,68.11,14.59,7050,3.81,35.18,3.69,85.12,82.14,28.65,24.32
520304,5203,52,2530,69.96,49.41,30.43,29.64,0.0,7.51,4.74,79.05,99.6,95.26,48.22,34.78,0.4,94.47,70.75,14.62,9120,3.6,42.21,1.75,75.33,78.14,16.21,18.97
520305,5203,52,2550,60.0,41.57,34.51,75.29,0.39,1.57,4.71,55.69,97.65,98.43,69.41,41.96,0.39,98.43,87.45,24.31,8450,3.31,30.18,5.68,87.8,83.69,28.24,19.61
520306,5203,52,2700,82.96,71.48,76.67,1.11,0.0,11.48,0.0,65.19,100.0,98.52,42.59,13.33,0.0,98.89,82.96,22.59,12150,4.5,50.37,0.99,38.47,69.54,10.0,53.7
520307,5203,52,4740,49.79,47.05,33.54,73.63,0.0,16.67,2.32,67.93,100.0,95.57,52.74,26.37,0.21,94.51,82.49,19.62,16070,3.39,35.22,4.79,83.67,86.67,29.32,18.14
520308,5203,52,2730,57.88,47.25,42.86,49.08,0.37,3.66,0.37,37.73,100.0,98.53,47.62,22.71,0.0,96.34,82.42,41.03,8570,3.14,33.96,3.62,72.08,79.89,34.43,28.57
520309,5203,52,3710,32.35,22.64,10.78,52.02,0.0,1.08,0.0,61.46,99.46,93.53,57.14,44.74,0.81,95.42,84.64,53.37,12380,3.34,34.17,4.36,88.1,72.49,32.88,12.67
520310,5203,52,2950,48.14,34.24,30.17,47.8,0.0,10.85,0.34,72.2,100.0,94.58,70.51,61.69,0.68,94.24,78.31,25.08,10340,3.51,35.49,3.38,85.91,84.4,22.03,19.32
520311,5203,52,4770,45.91,40.04,36.06,55.97,0.0,28.3,11.32,48.64,99.37,98.32,54.93,35.85,0.21,98.74,88.26,33.12,18030,3.78,36.77,3.44,71.67,71.72,31.03,32.08
520312,5203,52,1980,66.16,49.49,55.56,43.43,0.0,4.04,0.51,75.76,100.0,98.99,53.03,49.49,1.01,98.48,91.92,48.48,7740,3.91,42.12,3.36,76.12,74.03,20.71,14.65
520313,5203,52,2630,31.18,39.92,19.77,86.31,0.38,4.56,2.28,68.82,100.0,93.16,46.77,31.18,0.38,95.82,69.96,7.98,9060,3.44,33.66,5.19,76.04,87.37,32.7,21.29
520314,5203,52,4100,47.56,35.12,29.27,59.51,2.2,4.63,0.24,75.12,100.0,98.05,50.49,38.05,0.24,98.78,84.15,39.02,15070,3.68,34.37,3.85,74.22,78.07,28.54,28.54
520315,5203,52,12690,21.67,17.1,13.63,11.98,1.02,4.81,9.85,70.69,99.45,71.32,66.12,72.18,5.83,47.36,36.33,8.12,42710,3.37,32.33,3.28,95.61,93.33,36.49,6.7
520316,5203,52,1340,38.06,23.13,41.79,18.66,0.0,5.22,1.49,0.0,100.0,95.52,56.72,42.54,0.0,91.04,72.39,2.99,5640,4.21,44.15,1.95,72.06,74.13,17.91,29.85
520317,5203,52,2330,71.24,48.5,58.8,74.68,0.0,3.0,6.44,87.55,99.14,94.85,50.64,48.5,0.86,63.52,9.44,4.72,8670,3.72,35.29,2.08,85.74,89.29,26.61,14.16
520318,5203,52,4030,43.92,31.51,20.6,54.09,0.0,15.63,2.73,86.6,100.0,96.03,66.0,58.31,0.74,96.53,78.66,30.52,14660,3.64,36.9,2.46,79.03,86.24,25.56,23.33
520319,5203,52,2050,38.05,18.05,31.22,39.02,0.0,0.98,1.95,72.2,100.0,96.59,53.66,43.9,0.98,95.61,80.49,17.07,6850,3.34,35.18,3.94,91.44,82.35,32.2,12.2
520320,5203,52,1970,52.79,30.46,21.83,45.18,3.05,2.54,7.11,61.42,100.0,99.49,58.88,48.73,0.51,98.98,91.37,7.11,6510,3.3,33.03,3.99,77.06,73.95,33.5,19.8
520401,5204,52,8620,64.73,53.25,16.94,65.08,2.78,23.2,8.93,56.38,98.49,71.58,52.09,62.3,10.9,61.95,57.77,31.32,26570,3.08,30.9,3.54,94.12,95.17,32.6,6.03
520501,5205,52,5630,33.39,54.53,27.71,5.15,0.0,0.53,0.89,61.28,100.0,97.34,48.49,39.25,0.18,96.45,85.61,16.52,21640,3.84,41.22,2.08,74.14,81.75,16.34,30.73
520502,5205,52,1860,86.02,47.31,62.9,0.54,0.0,2.69,0.54,60.75,100.0,92.47,45.16,46.24,0.54,96.24,77.96,2.15,6720,3.61,38.69,4.17,73.54,71.79,26.34,24.73
520503,5205,52,5090,29.67,55.4,45.97,1.96,0.0,9.04,12.57,63.06,100.0,96.27,55.4,25.34,0.79,97.64,88.8,11.2,21090,4.14,43.91,1.56,63.82,80.14,10.61,44.99
520504,5205,52,3530,78.19,44.19,46.46,45.04,0.57,20.96,4.82,56.66,99.43,90.37,69.41,52.69,0.28,88.67,73.65,15.01,11250,3.19,31.73,3.47,84.24,86.08,27.48,13.6
520505,5205,52,4230,28.13,46.81,15.13,0.0,0.0,0.47,3.07,60.76,100.0,96.22,89.6,39.95,0.0,98.58,96.93,18.44,19170,4.53,39.38,1.2,80.1,91.81,13.95,31.44
520506,5205,52,2730,27.11,41.76,22.34,29.3,0.0,4.76,5.86,69.6,99.63,90.48,75.46,50.92,0.37,98.9,85.71,1.83,9660,3.54,37.06,2.38,79.44,84.19,22.34,31.87
520507,5205,52,5130,90.25,69.4,61.6,31.58,0.0,4.29,0.97,62.96,99.81,93.18,52.83,42.11,0.19,89.28,75.83,18.91,18350,3.58,39.18,3.16,73.3,80.31,22.81,27.88
520508,5205,52,8490,45.82,41.34,34.39,59.36,0.94,8.36,4.59,58.78,99.41,69.38,64.55,61.48,2.12,67.02,57.48,12.72,26240,3.09,29.76,2.86,89.53,86.22,32.04,13.78
520509,5205,52,1540,50.0,40.91,32.47,73.38,0.0,3.25,3.9,74.03,100.0,95.45,59.09,22.08,0.65,96.75,88.31,3.9,5570,3.62,36.27,3.59,74.37,83.2,20.13,22.08
520601,5206,52,2070,52.17,48.31,50.72,0.0,0.0,1.45,2.9,54.59,99.52,96.14,72.46,47.83,0.97,98.07,86.96,6.28,8680,4.19,38.02,3.23,84.76,79.69,16.43,27.54
520602,5206,52,3230,76.78,55.42,65.33,22.91,2.17,3.41,0.31,63.16,100.0,95.05,41.18,40.87,0.31,97.52,75.23,5.57,13850,4.29,41.37,1.59,74.51,80.52,14.55,16.41
520603,5206,52,5900,75.42,57.63,69.32,78.47,0.0,1.69,1.02,47.97,100.0,91.02,60.85,32.88,0.68,94.41,71.69,1.69,22470,3.81,39.52,2.71,74.54,70.1,20.85,20.85
520604,5206,52,1960,40.82,52.55,57.14,42.35,0.0,0.51,4.08,48.47,98.98,100.0,74.49,32.65,0.51,93.88,82.14,6.12,6320,3.22,30.85,3.16,83.3,71.82,22.96,17.35
520605,5206,52,5800,71.38,73.62,82.59,30.52,0.34,1.9,3.45,45.17,99.83,97.24,46.03,36.03,0.0,97.76,78.45,2.59,24320,4.19,44.86,2.14,68.61,77.3,15.0,27.76
520606,5206,52,4120,58.25,46.84,61.65,68.45,0.0,2.18,2.18,60.68,100.0,93.2,67.72,50.97,0.97,91.26,85.19,6.31,14370,3.49,33.26,2.64,83.42,81.56,24.76,18.93
520607,5206,52,5290,41.59,56.14,55.39,63.52,0.0,1.51,1.32,54.82,99.81,95.09,73.16,44.05,0.19,95.84,89.04,8.7,17280,3.27,34.72,3.12,78.99,79.44,21.36,21.36
520608,5206,52,6590,58.73,74.2,65.4,24.28,0.0,1.82,9.26,54.48,99.85,96.51,66.92,33.99,0.15,96.36,89.83,5.77,25050,3.8,40.64,2.51,67.92,77.41,15.78,30.35
520609,5206,52,4150,86.27,73.01,68.67,8.19,0.0,4.34,4.34,49.4,99.52,93.49,60.96,46.99,0.48,96.63,73.73,8.67,16750,4.04,43.46,2.03,70.12,69.21,17.35,30.84
520610,5206,52,11600,31.29,39.22,33.19,61.55,1.72,1.55,2.67,48.71,99.74,74.14,72.59,48.45,2.84,72.16,57.76,2.41,40100,3.46,36.88,2.79,84.43,82.78,25.78,20.69
520611,5206,52,2630,61.98,60.46,56.65,77.19,0.0,2.66,6.46,42.21,100.0,98.1,74.52,31.56,0.38,96.96,92.78,8.37,8800,3.35,32.5,3.3,67.68,70.66,23.19,32.7
530101,5301,53,3290,81.76,75.08,46.81,27.96,0.3,15.81,4.26,24.01,96.35,80.24,42.86,25.53,2.43,82.67,78.72,3.95,13360,4.06,39.37,1.8,89.75,86.69,21.88,6.38
530102,5301,53,2160,97.22,92.13,55.56,6.02,0.0,62.5,0.0,12.04,99.07,96.76,51.39,9.72,0.0,100.0,92.59,31.94,11830,5.48,49.11,1.78,84.22,78.74,10.19,13.43
530103,5301,53,1780,97.75,88.2,86.52,10.67,0.0,55.06,1.12,9.55,99.44,94.94,43.82,14.04,0.56,98.31,94.38,36.52,8970,5.04,49.39,2.23,82.38,77.33,15.73,8.43
530104,5301,53,2390,95.4,84.94,59.41,0.42,0.0,53.97,0.0,20.92,99.16,96.65,35.98,10.88,0.0,96.23,94.14,23.43,11990,5.02,46.62,1.92,86.09,84.85,12.97,11.72
530105,5301,53,2530,94.47,94.07,25.69,0.0,0.0,71.94,7.11,21.74,98.42,97.63,27.67,7.91,0.0,96.44,92.49,4.35,12070,4.77,47.64,2.15,80.54,82.95,10.67,13.83
530106,5301,53,1040,97.12,87.5,80.77,0.0,0.0,49.04,3.85,15.38,100.0,86.54,50.96,23.08,0.96,97.12,93.27,23.08,5340,5.13,51.31,2.06,68.46,71.52,11.54,12.5
530201,5302,53,3300,94.85,76.97,67.27,3.03,0.0,7.27,9.09,19.09,99.7,94.85,39.39,27.27,0.3,96.36,79.09,10.91,12740,3.86,41.76,4.24,74.12,68.65,22.12,23.64
530202,5302,53,3510,88.89,71.79,54.99,23.65,1.14,13.96,4.84,37.04,100.0,87.75,40.74,43.3,0.85,85.75,71.23,27.07,12180,3.47,39.57,3.37,82.18,83.27,24.5,13.11
530203,5302,53,1850,69.19,45.41,40.54,0.54,0.0,35.68,1.08,42.16,100.0,97.3,52.97,4.86,0.0,100.0,96.76,29.73,8960,4.84,51.23,1.79,82.61,58.78,10.81,22.16
530204,5302,53,3490,82.23,70.49,52.44,5.73,0.0,23.5,7.45,33.52,100.0,92.26,55.59,37.25,0.29,95.7,92.55,7.74,14320,4.1,43.92,1.61,84.93,67.03,18.91,20.63
530205,5302,53,1540,19.48,32.47,14.94,14.29,0.0,19.48,3.9,20.78,98.7,89.61,54.55,18.18,1.95,94.16,86.36,43.51,6350,4.12,44.41,2.68,89.8,56.21,12.34,9.74
530206,5302,53,3240,91.05,84.26,40.74,33.64,0.0,42.59,2.16,33.33,99.07,92.9,48.15,31.79,0.31,92.9,83.33,46.3,10450,3.23,31.67,3.92,90.48,79.41,23.15,14.2
530207,5302,53,2980,81.54,72.15,69.46,27.52,2.01,11.74,7.05,34.56,98.99,85.23,59.4,38.59,1.34,91.28,81.88,19.46,10610,3.56,38.27,4.15,75.88,77.87,32.55,19.46
530208,5302,53,2340,36.32,61.11,16.67,0.0,0.0,20.09,1.71,22.22,99.57,97.01,44.87,14.53,0.0,97.01,94.44,11.54,10800,4.62,47.31,2.13,65.91,70.71,15.38,32.91
530209,5302,53,8200,62.07,45.49,31.95,42.68,1.46,20.73,5.49,34.39,99.51,72.32,64.02,48.9,1.83,75.24,66.22,15.12,26550,3.24,32.02,3.84,87.76,88.08,27.07,12.93
530210,5302,53,1340,88.06,78.36,58.96,2.24,0.0,29.1,9.7,12.69,99.25,97.01,38.06,17.91,0.75,93.28,85.82,8.21,5160,3.85,40.89,2.71,71.8,66.12,20.9,7.46
530211,5302,53,4240,89.86,75.47,63.44,3.77,0.0,53.54,2.83,25.0,98.58,98.11,47.64,20.28,0.24,97.17,88.44,3.77,15310,3.61,39.32,2.55,79.76,59.54,18.16,16.51
530212,5302,53,2600,62.69,48.85,45.77,23.85,2.31,26.92,6.15,29.23,95.0,92.31,54.23,18.08,2.31,94.62,90.0,50.77,11670,4.49,45.07,1.37,84.24,68.65,14.62,12.31
530213,5302,53,3700,79.73,55.95,48.92,30.27,0.0,34.32,4.05,28.38,100.0,95.68,45.14,29.19,0.54,96.76,86.22,32.7,12480,3.37,31.81,4.17,81.55,77.92,25.41,17.3
530214,5302,53,2110,52.61,49.29,38.86,0.47,0.0,62.56,3.32,36.49,99.53,96.68,58.77,20.85,0.0,98.1,88.63,24.64,10170,4.82,45.43,3.05,76.76,53.9,15.17,28.91
530215,5302,53,3960,83.59,76.77,66.16,27.53,0.0,10.86,1.77,31.57,99.75,87.88,52.02,36.11,2.27,89.65,83.84,3.03,14860,3.75,37.75,3.16,78.27,77.78,19.95,16.16
530216,5302,53,1630,94.48,87.12,74.23,10.43,0.0,55.83,1.84,14.72,100.0,96.32,52.15,14.72,1.23,97.55,86.5,7.36,5840,3.58,39.73,2.91,67.61,55.56,22.7,30.06
530217,5302,53,2310,79.65,74.46,54.98,26.41,0.43,25.97,1.73,18.18,99.13,95.24,60.61,25.97,0.0,97.84,90.91,56.71,7290,3.16,31.14,4.53,76.69,69.92,22.08,22.51
530218,5302,53,3510,84.33,81.48,53.28,16.81,0.28,28.77,3.7,26.78,99.43,79.77,54.42,34.47,1.99,78.06,52.14,5.98,12770,3.64,39.47,2.43,74.64,76.75,25.93,18.52
530301,5303,53,5140,93.58,86.38,67.32,0.19,0.0,79.96,0.39,31.13,99.42,98.05,36.38,4.47,0.19,98.83,90.47,20.04,25030,4.87,46.82,2.32,69.18,68.27,12.45,16.73
530302,5303,53,7220,96.12,88.09,86.84,1.8,0.0,36.57,13.57,35.73,99.45,94.6,32.83,14.4,0.97,95.84,90.03,13.71,31810,4.41,45.61,1.6,71.33,65.07,14.13,20.78
530303,5303,53,5790,99.31,92.92,94.3,3.45,0.0,71.5,5.01,56.99,99.48,98.62,31.95,11.05,0.0,98.96,94.13,20.9,28820,4.98,49.83,1.18,55.39,56.82,12.26,32.47
530304,5303,53,3110,92.93,88.42,75.88,35.37,0.0,70.42,1.93,36.01,99.68,97.11,46.3,15.43,0.0,96.46,78.14,19.29,12500,4.02,44.24,2.32,76.76,75.59,19.94,17.36
530305,5303,53,3200,96.25,89.38,89.38,3.44,0.31,59.69,5.62,40.31,100.0,92.5,40.0,11.88,0.0,97.81,94.38,9.06,13780,4.31,46.3,2.18,64.55,70.86,12.5,23.75
530306,5303,53,4840,97.93,92.15,49.59,0.0,0.0,77.27,1.24,34.09,99.79,98.97,47.31,9.3,0.41,99.38,95.04,15.7,23400,4.83,46.79,1.15,71.08,71.65,13.84,28.51
530307,5303,53,5540,92.06,84.84,81.95,2.71,0.18,77.44,1.62,24.73,99.82,95.67,46.75,17.69,0.54,95.67,81.05,20.76,24310,4.39,44.1,2.43,73.73,73.08,20.94,18.95
530308,5303,53,10280,72.67,64.2,52.63,45.23,1.65,54.96,4.28,44.16,99.12,71.01,59.05,45.62,4.18,59.92,52.14,15.47,38290,3.72,38.0,3.21,92.54,89.31,33.95,7.68
530309,5303,53,4040,94.06,85.15,75.25,5.94,0.25,76.73,1.73,26.24,99.01,97.77,47.03,10.89,0.74,99.26,96.53,20.79,19830,4.91,47.66,2.12,77.17,67.83,12.62,14.6
530310,5303,53,7920,93.06,84.97,83.59,12.75,0.0,89.02,2.02,22.35,99.62,96.46,29.17,12.88,0.13,96.21,85.86,19.07,34990,4.42,45.9,1.71,62.76,61.03,20.33,33.46
530311,5303,53,4780,96.86,79.71,75.73,3.77,0.0,79.29,1.67,19.87,98.74,98.12,37.87,12.13,0.42,98.95,84.73,17.36,19630,4.11,42.94,1.88,81.61,69.23,20.29,16.74
530312,5303,53,3160,92.41,81.96,84.81,7.59,0.32,90.51,0.63,34.18,99.37,92.72,38.61,16.14,0.32,94.94,82.59,25.0,14040,4.44,47.22,1.71,61.27,50.15,15.51,29.11
530401,5304,53,490,100.0,91.84,85.71,0.0,0.0,57.14,2.04,71.43,100.0,93.88,26.53,2.04,0.0,100.0,83.67,55.1,2350,4.8,46.38,0.43,91.27,78.57,28.57,10.2
530402,5304,53,2420,90.08,86.78,57.85,2.07,0.41,23.97,2.07,61.16,100.0,95.45,43.39,4.96,0.41,99.17,95.04,51.24,10800,4.46,40.65,2.69,82.84,84.42,14.88,15.29
530403,5304,53,1500,85.33,77.33,61.33,0.67,0.0,83.33,2.67,50.0,99.33,97.33,17.33,4.67,0.0,100.0,90.0,31.33,7560,5.04,48.02,2.38,71.5,62.58,16.67,14.0
530404,5304,53,3090,92.56,87.38,69.26,0.97,0.0,29.77,3.88,66.34,98.06,94.17,35.92,4.53,0.0,99.35,85.76,31.39,13940,4.51,46.05,2.15,71.94,58.72,15.53,21.36
530405,5304,53,1620,77.78,81.48,53.09,8.64,0.0,14.2,17.28,56.79,100.0,93.21,33.33,7.41,1.23,97.53,80.86,27.78,7330,4.52,43.93,1.5,86.59,82.07,18.52,11.73
530406,5304,53,3020,86.75,80.13,73.18,3.97,0.0,35.1,1.66,52.98,100.0,95.03,32.78,3.31,0.0,96.69,85.43,41.72,14220,4.71,48.03,1.76,77.81,82.98,13.58,9.27
530407,5304,53,1980,93.94,88.89,79.29,1.01,0.0,43.94,1.01,37.88,99.49,95.96,29.29,5.56,0.0,100.0,91.41,20.71,10560,5.33,51.42,2.08,69.01,79.78,10.1,19.7
530408,5304,53,2190,92.24,85.39,72.6,0.91,0.0,19.63,0.0,50.68,100.0,92.24,35.62,5.02,0.91,95.43,88.13,49.77,10560,4.82,45.55,1.89,70.09,84.84,18.72,23.29
530409,5304,53,1860,85.48,83.87,70.97,0.0,0.0,58.6,1.08,65.05,100.0,95.16,31.18,1.61,0.0,99.46,91.4,50.54,8760,4.71,45.55,1.26,78.62,78.35,18.28,18.82
530410,5304,53,3120,93.59,86.22,60.58,4.17,0.0,18.59,1.6,56.73,99.68,89.42,32.05,3.85,0.32,97.44,79.17,15.38,13720,4.4,42.27,1.38,81.29,78.16,16.99,7.69
530411,5304,53,1540,87.01,78.57,67.53,0.0,0.0,64.29,0.0,22.73,100.0,92.86,18.18,4.55,0.0,99.35,87.66,19.48,7730,5.02,47.99,1.29,70.15,70.53,15.58,18.83
530412,5304,53,6160,87.34,79.22,68.34,15.58,0.49,12.99,0.49,30.84,100.0,86.69,41.23,13.31,0.81,92.53,81.66,13.64,28230,4.58,44.74,2.55,77.63,82.57,17.21,8.77
530413,5304,53,3150,96.51,88.57,71.11,5.08,0.0,38.73,6.03,53.97,99.05,93.65,31.43,2.86,0.32,98.41,88.57,27.62,14910,4.73,46.28,1.95,70.04,75.61,21.27,21.27
530414,5304,53,840,98.81,91.67,77.38,0.0,0.0,51.19,5.95,67.86,100.0,92.86,38.1,3.57,0.0,98.81,89.29,39.29,4030,4.8,49.13,1.74,73.66,66.67,16.67,23.81
530415,5304,53,1980,89.9,80.3,74.24,0.51,0.0,58.59,1.52,36.36,100.0,94.44,20.2,7.07,0.51,98.99,93.94,22.73,10470,5.29,49.19,2.1,72.93,78.2,13.64,15.15
530501,5305,53,4980,3.01,2.21,1.41,96.79,33.73,5.02,34.34,93.17,93.17,36.35,77.91,85.54,32.93,17.27,24.3,2.21,20090,4.03,27.53,5.13,97.12,89.81,25.9,2.41
530502,5305,53,11810,12.45,10.25,1.1,99.75,9.57,9.4,11.43,86.71,98.81,42.0,69.86,86.71,17.02,13.72,20.41,3.22,46460,3.93,32.65,2.71,97.95,90.38,32.51,3.22
530503,5305,53,35110,10.74,7.75,1.08,99.66,8.15,1.42,11.08,91.68,97.44,33.1,68.5,90.52,23.9,11.91,24.24,2.22,121500,3.46,28.58,2.08,97.4,90.61,39.02,2.19
530504,5305,53,23680,13.64,12.2,2.24,99.32,2.53,1.9,5.62,81.67,99.49,38.3,69.89,79.56,11.99,13.22,26.86,1.69,89850,3.79,32.64,1.78,95.19,91.05,29.69,6.25
530505,5305,53,11790,2.97,2.37,0.93,99.92,11.87,0.76,16.03,95.17,98.47,41.56,73.54,87.28,23.75,16.28,15.18,1.95,44920,3.81,29.59,3.12,96.33,89.74,32.32,3.05
530601,5306,53,3670,96.19,74.39,81.74,0.54,0.27,2.45,0.54,32.97,99.18,98.37,49.05,17.98,0.54,96.73,89.1,34.88,12930,3.52,41.38,2.78,59.1,64.1,21.53,36.78
530602,5306,53,2750,84.36,84.36,89.09,0.0,0.0,4.36,9.82,35.27,99.64,96.0,55.64,17.09,0.36,97.82,91.27,14.18,9660,3.51,41.2,3.52,71.83,70.82,20.73,24.73
530603,5306,53,3740,81.55,66.31,54.55,51.87,1.6,40.64,5.35,32.62,98.13,90.11,64.17,37.43,2.67,87.43,84.22,51.87,14350,3.84,40.0,2.02,85.48,75.99,23.53,12.3
530604,5306,53,1360,86.03,72.79,74.26,7.35,0.0,28.68,0.74,38.97,100.0,86.03,69.12,52.94,0.0,94.12,87.5,32.35,4020,2.96,34.08,3.48,90.94,83.75,24.26,11.03
530605,5306,53,6890,71.41,71.55,64.01,17.42,0.29,16.11,0.58,39.91,100.0,91.15,67.05,40.93,0.44,94.34,89.26,34.11,23060,3.35,35.86,2.95,74.85,71.86,22.06,19.3
530606,5306,53,2060,98.06,91.26,73.79,3.4,0.0,2.91,0.49,42.72,100.0,98.54,62.14,15.53,0.0,98.06,92.72,36.89,7660,3.72,41.25,2.09,60.22,72.07,22.33,36.89
530607,5306,53,1380,89.86,83.33,85.51,1.45,0.0,11.59,0.0,52.9,100.0,98.55,58.7,10.87,0.0,99.28,94.93,23.19,5540,4.01,43.68,1.81,60.26,64.44,19.57,28.99
530608,5306,53,4700,91.06,89.57,79.57,5.74,0.0,10.0,1.06,32.98,99.79,95.74,59.79,33.62,0.64,98.09,93.83,19.79,15560,3.31,35.73,3.6,77.4,75.61,23.62,22.55
530609,5306,53,3090,86.73,77.35,76.38,3.56,0.0,35.92,2.27,34.95,99.35,94.17,50.16,19.09,0.65,98.06,85.44,25.89,10990,3.56,41.49,2.82,65.01,60.64,32.04,26.86
530610,5306,53,2210,90.05,80.54,81.9,0.45,0.0,7.69,0.0,50.68,100.0,99.1,55.2,17.65,0.9,99.1,92.31,15.84,8310,3.76,42.6,1.93,56.18,45.31,24.89,38.01
530611,5306,53,5710,89.67,79.33,64.8,30.47,0.53,25.57,2.8,34.85,99.47,85.29,73.91,40.98,1.4,85.29,80.04,18.74,18930,3.32,34.97,2.59,85.3,81.36,21.19,11.91
530612,5306,53,5090,89.0,81.93,70.53,10.81,0.0,9.63,1.57,23.77,99.8,83.69,72.1,39.69,1.77,91.16,85.07,20.63,17640,3.47,38.32,3.4,80.42,77.25,31.04,18.07
530613,5306,53,1860,37.1,46.24,30.11,1.08,0.0,8.06,9.68,37.1,99.46,97.31,48.39,4.84,0.0,94.09,89.78,15.59,8740,4.7,47.37,3.55,72.17,55.0,16.13,32.26
530614,5306,53,6840,81.43,78.07,56.43,52.19,1.46,38.6,4.39,42.11,99.42,63.6,54.82,53.8,2.49,73.83,73.1,27.78,21880,3.2,34.1,2.74,85.85,79.77,31.87,15.94
530615,5306,53,3290,96.05,85.41,85.11,16.72,0.0,11.85,0.0,52.89,99.7,94.83,66.26,23.4,0.3,97.57,93.92,37.08,13920,4.23,42.24,2.66,66.79,71.47,22.19,31.91
530616,5306,53,4670,85.44,80.94,69.59,3.64,0.0,4.28,0.0,45.82,100.0,96.15,50.96,23.13,0.21,97.64,83.3,27.62,16590,3.55,39.6,3.32,71.96,69.58,22.7,22.27
530617,5306,53,13070,47.13,41.62,23.64,70.24,0.77,11.63,9.64,44.61,99.01,55.16,72.3,61.13,5.36,61.74,67.41,19.05,47540,3.64,37.48,1.89,85.86,77.38,21.42,12.17
530618,5306,53,1530,92.81,65.36,69.28,0.0,0.0,3.27,7.19,36.6,100.0,99.35,43.14,5.23,0.65,100.0,92.81,37.25,6680,4.37,44.61,3.29,62.43,62.15,15.69,19.61
530701,5307,53,1230,92.68,90.24,74.8,0.0,0.0,34.15,4.88,7.32,98.37,98.37,40.65,7.32,0.81,98.37,97.56,17.07,5860,4.76,44.88,1.37,53.87,56.13,13.82,39.84
530702,5307,53,2420,98.35,92.98,89.67,0.83,0.0,79.34,0.41,20.66,99.59,97.11,47.11,14.05,0.41,98.35,90.91,6.61,10510,4.34,44.91,2.85,47.67,40.21,18.18,39.26
530703,5307,53,1940,90.72,81.96,80.41,6.19,0.0,48.97,2.06,14.95,99.48,93.81,45.88,26.29,0.0,92.78,84.54,3.61,7670,3.95,40.81,3.0,67.62,63.47,23.2,22.68
530704,5307,53,1690,94.67,91.72,89.94,17.75,0.0,75.74,0.0,21.89,99.41,86.39,50.3,23.67,2.37,88.76,79.29,17.75,6620,3.92,41.09,1.36,68.46,73.1,15.38,18.34
530705,5307,53,1180,97.46,86.44,88.14,4.24,0.0,55.93,2.54,17.8,99.15,94.92,60.17,21.19,0.0,99.15,96.61,11.02,4370,3.7,34.32,2.29,56.45,65.82,23.73,44.07
530706,5307,53,950,95.79,91.58,85.26,1.05,0.0,88.42,0.0,10.53,97.89,96.84,38.95,9.47,0.0,96.84,95.79,25.26,4730,4.98,48.63,0.0,74.07,74.19,13.68,32.63
530707,5307,53,3610,98.61,93.63,81.44,9.42,0.0,57.34,1.39,9.97,98.34,95.84,33.52,9.7,0.28,96.68,86.15,6.37,15210,4.21,43.13,2.3,58.15,69.86,21.88,38.5
530708,5307,53,1300,96.92,93.85,92.31,2.31,0.0,60.0,6.15,22.31,98.46,96.92,32.31,19.23,0.0,96.15,93.85,17.69,5400,4.15,39.63,1.67,69.94,75.19,23.85,18.46
530709,5307,53,2400,97.08,88.75,94.17,0.0,0.0,65.0,1.67,11.67,99.58,98.75,20.83,14.58,0.0,99.58,95.83,3.75,10420,4.34,43.67,2.02,70.87,65.78,19.17,16.25
530710,5307,53,1300,97.69,84.62,94.62,0.77,0.0,73.08,0.0,14.62,100.0,94.62,28.46,15.38,0.0,96.92,90.0,21.54,5860,4.51,47.61,2.39,45.57,66.89,17.69,43.08
530711,5307,53,5000,96.6,73.2,77.4,25.0,0.4,82.6,0.2,24.8,100.0,89.8,26.4,31.0,0.6,87.6,72.6,26.6,16530,3.31,33.88,3.45,80.6,74.78,30.6,17.4
530712,5307,53,1740,85.63,85.06,85.63,13.22,0.0,90.23,1.72,13.22,99.43,94.83,28.16,9.77,0.57,93.1,66.67,39.08,5420,3.11,33.95,4.24,81.56,78.07,32.18,14.94
530713,5307,53,3170,90.85,80.76,79.81,26.81,0.0,52.37,2.84,29.65,99.68,95.27,50.47,26.81,0.32,95.58,72.87,20.19,10430,3.29,35.57,1.82,80.36,80.18,27.76,19.24
530714,5307,53,1400,85.71,91.43,62.14,20.71,0.0,24.29,5.0,14.29,99.29,100.0,65.71,19.29,0.0,98.57,85.0,3.57,4740,3.39,30.17,2.11,83.38,77.5,13.57,20.0
530715,5307,53,2440,96.72,91.8,84.02,27.46,0.41,56.97,0.41,29.51,99.59,91.8,48.36,31.56,0.41,86.07,70.9,21.31,8720,3.57,36.58,2.64,79.75,78.8,25.41,18.03
530716,5307,53,820,97.56,90.24,63.41,36.59,0.0,34.15,2.44,15.85,98.78,97.56,50.0,14.63,0.0,97.56,97.56,13.41,3510,4.28,44.73,1.99,69.59,73.4,18.29,20.73
530717,5307,53,1980,91.92,87.37,75.25,18.69,0.0,68.69,0.51,26.26,98.99,91.92,59.09,25.76,0.51,95.96,83.33,23.23,7300,3.69,38.49,1.92,80.85,73.65,24.24,16.67
530718,5307,53,2970,96.3,70.37,79.46,16.5,0.0,80.47,1.35,19.19,99.66,87.21,42.76,26.94,0.0,93.94,87.21,40.74,9380,3.16,28.46,3.73,80.63,81.53,29.29,22.56
530719,5307,53,4880,66.8,50.82,31.76,83.4,2.66,24.39,7.99,59.63,99.59,55.53,63.93,65.37,14.14,29.1,42.83,11.48,15950,3.27,32.85,3.13,95.33,91.23,38.73,4.71
530720,5307,53,600,98.33,88.33,75.0,16.67,1.67,55.0,11.67,18.33,98.33,95.0,36.67,8.33,0.0,100.0,96.67,31.67,3470,5.78,42.94,2.88,74.75,84.69,11.67,15.0
530721,5307,53,1650,98.18,87.27,83.64,28.48,0.0,49.7,0.0,11.52,100.0,98.79,30.91,6.06,0.61,98.18,92.12,10.3,6920,4.19,42.34,2.31,70.43,73.49,18.79,21.82
610101,6101,61,2990,48.16,64.21,85.95,15.72,0.0,44.48,0.0,0.33,93.65,99.33,49.16,35.45,0.0,97.66,92.31,0.33,14340,4.8,49.93,3.07,28.97,54.18,36.45,79.93
610102,6101,61,2030,82.76,84.24,88.67,5.42,0.0,36.95,3.94,1.48,99.51,99.51,20.69,14.29,0.0,97.54,80.3,42.36,9040,4.45,53.43,3.43,56.29,83.07,48.28,51.72
610103,6101,61,1990,30.65,55.78,65.33,12.56,0.0,91.96,1.51,14.07,98.99,96.98,34.17,20.6,0.0,100.0,98.49,0.0,9510,4.78,52.47,2.0,32.52,39.85,31.66,86.93
610104,6101,61,1390,41.01,48.2,79.14,0.0,0.0,33.81,0.72,2.88,99.28,97.84,31.65,43.17,0.72,98.56,98.56,0.0,7210,5.19,53.81,4.85,52.55,72.54,45.32,70.5
610105,6101,61,4110,41.85,54.26,86.62,2.68,0.0,28.47,0.49,3.65,99.51,95.86,13.87,31.87,0.73,95.13,88.08,0.0,20350,4.95,50.17,3.59,42.7,75.09,44.77,67.15
610106,6101,61,13650,23.3,29.67,42.56,11.58,0.22,57.88,6.52,23.44,98.61,89.45,65.86,53.11,3.88,74.21,80.07,4.54,63640,4.66,46.48,2.5,57.05,66.29,37.51,49.23
610108,6101,61,1150,41.74,54.78,77.39,2.61,0.0,50.43,21.74,0.0,94.78,98.26,30.43,24.35,0.0,100.0,93.91,1.74,5720,4.97,46.15,2.97,48.86,50.62,37.39,84.35
610110,6101,61,3200,17.81,34.69,66.56,30.31,0.0,63.75,4.38,1.56,99.06,98.44,37.5,27.81,0.0,97.81,95.31,0.0,14440,4.51,53.6,1.52,28.36,49.61,39.06,79.69
610112,6101,61,2450,33.88,38.37,62.45,3.27,0.0,15.1,4.49,0.41,99.59,99.18,33.47,31.84,0.0,98.78,88.57,13.06,12910,5.27,50.97,3.8,55.29,80.05,36.33,63.27
610115,6101,61,3040,60.53,46.71,83.88,9.87,0.0,42.11,1.64,1.64,99.67,99.01,41.78,30.92,0.66,97.04,93.09,16.78,15740,5.18,54.57,2.22,43.78,65.38,33.22,69.41
610116,6101,61,3690,34.69,41.46,84.28,29.81,0.0,8.13,0.54,0.27,99.73,98.64,50.68,16.26,0.27,96.48,91.6,2.17,17750,4.81,56.85,2.25,29.24,54.89,42.82,77.78
610118,6101,61,5450,32.11,71.93,73.76,11.93,0.0,3.67,6.06,4.22,99.82,99.63,14.5,23.12,0.0,97.98,90.09,0.18,24240,4.45,53.3,4.0,32.33,60.57,52.29,75.96
610119,6101,61,1080,18.52,25.93,75.0,27.78,0.0,26.85,0.0,0.0,100.0,100.0,54.63,42.59,0.0,100.0,98.15,0.0,5880,5.44,53.57,2.55,43.96,76.79,37.96,65.74
610201,6102,61,5090,93.12,99.21,96.46,59.33,0.0,67.98,5.3,2.16,99.8,98.62,3.34,14.93,0.0,99.41,98.04,4.52,21980,4.32,48.86,1.59,25.44,36.0,25.74,82.71
610202,6102,61,2500,98.0,98.0,97.6,64.8,0.0,21.2,2.4,0.0,100.0,100.0,26.0,18.8,0.4,99.2,96.0,7.2,10840,4.34,50.28,1.29,17.25,15.59,30.4,83.2
610203,6102,61,1190,87.39,96.64,93.28,57.98,0.0,78.15,0.84,0.84,100.0,98.32,0.84,22.69,0.0,97.48,81.51,0.84,5430,4.56,53.59,2.58,26.98,37.41,38.66,70.59
610204,6102,61,690,100.0,100.0,98.55,78.26,0.0,100.0,0.0,0.0,100.0,100.0,37.68,30.43,0.0,98.55,98.55,5.8,3270,4.74,54.74,3.06,25.0,57.58,37.68,82.61
610205,6102,61,1240,91.94,95.97,96.77,48.39,0.0,66.94,0.0,0.0,100.0,99.19,33.06,41.94,0.0,95.97,92.74,13.71,5270,4.25,48.77,3.42,50.37,66.67,38.71,59.68
610206,6102,61,2060,93.69,96.12,97.57,79.61,0.0,97.57,0.49,3.88,99.51,91.26,9.22,45.15,0.97,98.54,97.57,16.02,8470,4.11,53.6,2.01,23.92,32.19,28.16,72.82
610207,6102,61,6830,93.41,92.24,86.97,38.36,0.15,94.29,0.15,0.44,100.0,96.34,1.61,36.75,0.29,95.31,91.22,10.83,29800,4.36,50.4,3.59,27.2,31.41,37.34,78.33
610208,6102,61,4260,86.15,97.65,96.95,37.56,0.23,98.59,0.23,1.17,100.0,97.65,18.08,33.8,0.0,96.24,84.51,0.7,17370,4.08,53.31,3.74,18.5,39.76,41.31,80.52
610209,6102,61,6050,89.59,88.43,87.93,25.62,0.17,92.56,0.83,2.98,99.67,96.2,57.85,46.12,0.5,96.2,88.43,3.14,26860,4.44,50.56,1.45,34.94,38.11,33.72,64.63
610210,6102,61,840,70.24,100.0,97.62,77.38,0.0,52.38,16.67,0.0,100.0,92.86,25.0,17.86,0.0,98.81,96.43,3.57,4090,4.87,53.06,1.22,52.6,63.64,28.57,65.48
610211,6102,61,2940,97.62,98.64,96.6,46.94,0.0,99.32,0.0,0.0,100.0,99.32,12.59,31.29,0.0,99.66,95.58,1.7,11900,4.05,53.36,2.94,10.45,30.89,38.1,90.82
610212,6102,61,1900,92.63,98.95,77.37,43.16,0.0,99.47,0.0,0.0,100.0,98.42,1.05,34.21,0.0,96.84,86.84,0.0,9030,4.75,56.59,2.21,34.18,36.9,42.11,81.05
610213,6102,61,2180,83.94,98.62,97.25,44.95,0.0,97.25,0.0,0.46,100.0,99.54,8.26,24.77,0.46,93.58,92.2,0.92,10250,4.7,56.59,2.34,24.27,48.43,40.37,79.36
610214,6102,61,2460,92.28,99.19,95.93,35.77,0.0,76.83,0.0,0.41,100.0,98.37,2.03,14.23,0.0,99.59,91.06,12.6,10980,4.46,50.73,1.64,19.22,28.72,30.08,78.46
610215,6102,61,5150,73.4,62.14,59.03,63.11,1.36,65.83,1.94,43.88,99.42,69.51,42.91,61.75,2.14,69.51,59.22,3.3,20640,4.01,43.02,1.79,64.97,76.34,32.62,42.33
610216,6102,61,4530,90.73,99.12,96.03,40.84,0.0,71.52,0.22,1.77,100.0,99.56,11.26,22.74,0.22,99.34,90.95,0.66,20310,4.48,51.35,2.12,13.87,22.62,31.57,87.42
610217,6102,61,1640,96.95,98.78,98.78,60.37,0.0,100.0,0.0,0.0,100.0,95.73,21.34,19.51,0.61,99.39,89.02,4.27,7390,4.51,56.02,2.3,19.38,36.32,36.59,81.71
610218,6102,61,900,100.0,100.0,96.67,38.89,0.0,71.11,0.0,0.0,100.0,98.89,34.44,27.78,0.0,100.0,95.56,0.0,4140,4.6,52.42,0.72,28.93,55.24,30.0,82.22
610219,6102,61,1430,97.9,97.2,95.1,16.78,0.7,97.9,0.0,1.4,100.0,90.91,17.48,46.85,0.0,97.9,96.5,5.59,6440,4.5,46.43,1.4,27.25,55.83,18.88,69.23
610220,6102,61,1190,89.92,99.16,98.32,68.91,0.0,1.68,0.0,0.0,100.0,100.0,1.68,6.72,0.0,98.32,86.55,0.0,4850,4.08,52.99,2.68,21.93,53.33,30.25,77.31
610301,6103,61,1720,86.05,90.7,90.12,51.74,0.0,87.79,1.74,0.0,99.42,98.84,1.74,35.47,0.0,99.42,98.26,0.58,8730,5.08,53.04,3.21,20.49,38.21,41.28,88.37
610302,6103,61,7840,16.07,67.73,71.68,20.54,0.0,85.33,1.79,9.57,99.62,95.92,21.3,25.13,1.79,89.92,86.48,0.38,36050,4.6,52.32,3.05,39.85,64.03,35.71,68.49
610303,6103,61,4550,9.89,74.95,72.75,11.21,0.22,86.81,4.62,0.0,100.0,99.56,12.31,22.86,0.0,98.9,95.82,0.0,21070,4.63,55.05,2.9,26.93,64.62,39.56,82.42
610304,6103,61,5620,35.41,90.75,89.32,29.36,0.0,91.99,0.89,0.18,100.0,99.11,1.25,1.6,0.18,85.05,89.86,4.98,23300,4.15,51.8,3.52,22.08,39.26,31.32,90.21
610305,6103,61,4520,66.81,80.09,78.32,28.76,0.88,87.39,1.99,1.33,99.78,94.69,2.88,39.16,0.22,93.36,93.81,3.54,21480,4.75,50.47,4.28,28.2,45.04,49.56,79.42
610306,6103,61,6700,36.27,83.73,85.52,52.09,0.0,97.76,0.0,4.78,99.55,99.85,9.85,22.24,0.15,96.27,94.93,12.99,30260,4.52,50.69,2.25,32.44,61.88,31.49,78.51
610307,6103,61,1700,82.35,90.0,92.94,34.12,0.0,98.24,0.0,0.0,100.0,99.41,0.0,41.76,0.0,99.41,98.24,5.29,8170,4.81,52.63,4.04,7.75,16.8,50.0,97.06
610308,6103,61,1410,10.64,93.62,83.69,10.64,0.0,86.52,7.09,0.0,100.0,100.0,2.84,21.28,0.0,92.2,89.36,2.13,5740,4.07,46.34,3.66,12.99,22.56,42.55,89.36
610401,6104,61,2730,79.85,97.44,91.58,7.33,0.0,81.32,2.2,1.1,96.34,99.63,25.64,21.98,0.37,96.7,82.42,23.08,12260,4.49,49.02,3.26,47.68,61.02,46.15,72.89
610402,6104,61,3300,66.06,81.52,85.15,16.06,0.0,66.36,0.61,0.3,99.39,98.48,8.18,19.39,0.3,94.85,81.21,11.82,16430,4.98,52.65,2.86,56.68,83.95,40.91,53.94
610403,6104,61,5330,89.87,94.75,94.56,3.38,0.0,36.96,5.44,3.94,99.44,99.06,4.13,19.32,0.0,90.81,85.55,6.94,19610,3.68,49.06,4.28,47.35,83.56,46.53,59.85
610404,6104,61,2940,35.37,81.29,90.48,31.97,0.0,67.69,0.0,0.34,100.0,98.3,8.84,30.27,0.34,97.28,86.39,0.0,13950,4.74,53.84,3.23,54.04,80.2,47.96,58.5
610405,6104,61,6000,92.33,92.17,93.17,17.67,0.0,87.67,0.0,1.5,99.83,99.67,2.0,8.33,0.33,98.83,91.5,12.17,24250,4.04,50.64,2.43,33.0,81.66,39.5,75.0
610406,6104,61,3930,63.36,86.26,91.6,11.45,0.0,90.59,0.25,3.82,99.75,98.73,17.56,22.14,0.25,95.93,92.37,0.0,16890,4.3,51.33,2.13,35.16,63.64,39.44,71.76
610407,6104,61,7030,26.17,61.88,65.29,56.33,7.97,73.97,1.85,15.5,99.86,83.21,46.94,44.24,3.13,60.31,76.53,0.28,30350,4.32,47.81,2.73,63.64,74.94,44.52,48.08
610408,6104,61,1330,51.13,89.47,92.48,24.81,0.0,98.5,0.0,0.0,100.0,100.0,0.75,16.54,0.75,98.5,89.47,0.0,5680,4.27,50.7,1.76,17.86,42.59,46.62,88.72
610409,6104,61,2190,62.56,93.15,96.35,37.9,2.28,99.09,0.0,0.0,100.0,99.54,6.85,17.35,0.0,90.41,88.13,0.46,8200,3.74,55.0,2.07,20.6,55.95,49.77,82.19
610507,6105,61,2380,94.96,95.8,89.08,80.25,0.0,50.42,4.62,2.1,100.0,99.58,24.37,26.05,0.0,97.48,90.34,1.26,11360,4.77,55.28,2.82,29.92,46.67,37.39,77.73
610509,6105,61,7980,86.09,93.48,93.86,57.89,0.13,85.21,1.5,3.38,99.37,98.25,25.06,34.96,0.38,96.99,87.47,0.75,38550,4.83,51.57,2.88,30.81,43.68,36.72,79.32
610511,6105,61,6070,66.56,82.87,78.75,52.06,0.0,85.67,2.8,4.28,99.84,98.68,34.27,49.92,0.0,93.57,91.93,0.82,27280,4.49,51.76,2.71,39.06,45.25,37.4,74.3
610513,6105,61,4210,76.48,93.82,95.01,47.03,1.43,65.8,0.95,2.38,99.05,98.81,35.63,29.45,0.95,98.1,92.64,1.9,18680,4.44,52.41,2.25,25.98,32.5,35.15,81.24
610514,6105,61,6720,86.9,94.94,95.83,32.59,0.15,96.73,0.0,0.15,99.7,98.36,19.49,30.95,0.0,92.71,92.41,1.93,30820,4.59,51.82,2.99,20.67,27.43,33.93,85.57
610517,6105,61,1670,26.95,85.63,72.46,0.6,0.0,2.99,7.19,7.19,99.4,100.0,23.95,20.96,0.0,98.2,96.41,0.0,8790,5.26,55.75,3.75,22.37,50.53,41.92,89.82
610520,6105,61,630,57.14,96.83,95.24,0.0,0.0,100.0,0.0,1.59,85.71,100.0,31.75,28.57,0.0,100.0,98.41,0.0,2940,4.67,53.06,1.7,11.59,25.64,26.98,93.65
610521,6105,61,1360,97.79,97.06,97.79,8.82,0.74,76.47,2.21,2.21,97.79,100.0,22.79,34.56,0.74,100.0,94.12,5.88,6450,4.74,51.16,2.79,18.1,15.17,30.15,86.03
620101,6201,62,10370,13.31,20.93,19.09,17.84,0.19,51.21,1.45,27.1,99.42,63.65,48.02,46.77,2.7,43.68,55.93,2.41,45200,4.36,46.44,2.77,64.6,72.2,42.04,41.85
620102,6201,62,6240,13.78,58.49,17.95,0.8,0.0,95.03,0.16,2.88,95.51,95.03,25.96,16.83,0.16,87.02,81.41,1.12,27850,4.46,50.48,2.98,26.11,37.92,44.55,78.69
620103,6201,62,2630,39.92,86.69,90.49,18.63,0.0,41.06,4.56,3.04,100.0,96.58,1.52,24.71,1.14,97.34,92.4,1.52,10820,4.11,46.86,3.51,19.83,22.34,34.98,85.55
620104,6201,62,2850,98.25,96.49,96.49,11.23,0.0,91.58,0.35,0.35,100.0,95.79,2.46,2.11,0.0,98.95,95.79,1.05,12130,4.26,48.06,1.57,13.17,19.81,20.7,87.72
620105,6201,62,2530,94.86,85.77,92.09,17.39,0.4,68.77,0.0,0.0,99.6,98.81,0.79,0.79,0.0,99.6,91.7,1.58,11070,4.38,45.26,2.44,14.85,14.38,34.78,80.24
620106,6201,62,4770,12.79,62.89,10.69,26.42,0.0,10.69,14.26,5.45,99.79,94.76,14.88,32.29,0.0,95.81,95.6,2.73,19840,4.16,48.69,2.72,38.21,62.42,41.51,71.07
620107,6201,62,3220,86.65,95.34,95.65,10.56,0.0,45.65,0.0,10.87,99.69,98.14,1.86,3.73,0.0,98.14,92.55,4.04,14810,4.6,48.82,2.43,22.16,15.04,34.47,85.71
620108,6201,62,2230,98.65,90.13,98.65,0.9,0.0,91.03,0.0,0.0,99.55,99.55,0.45,0.0,0.0,100.0,97.31,0.45,9530,4.27,51.0,1.57,6.85,9.13,23.77,91.03
620109,6201,62,2950,55.25,79.66,86.78,6.44,0.0,49.83,1.36,1.36,98.98,96.27,5.42,8.81,0.68,87.46,81.36,6.78,13070,4.43,47.97,2.3,34.26,51.62,32.54,67.12
620110,6201,62,2630,91.25,87.83,92.4,36.5,0.0,33.84,5.32,0.38,99.24,98.48,3.8,33.46,0.76,98.86,90.11,1.9,9930,3.78,46.42,3.52,14.47,24.78,40.68,87.83
620111,6201,62,1440,15.28,97.22,87.5,7.64,0.0,75.69,0.69,14.58,99.31,100.0,0.69,11.11,0.0,99.31,91.67,0.69,5850,4.06,46.32,5.47,20.06,7.95,42.36,95.83
620112,6201,62,3340,23.65,26.95,43.41,2.69,0.0,2.99,0.0,0.3,99.1,94.01,18.86,25.15,0.0,98.5,85.33,2.1,15460,4.63,51.81,3.75,42.01,69.3,41.02,70.96
620113,6201,62,2050,33.17,44.88,51.22,16.1,0.0,43.9,14.15,19.02,99.51,92.2,24.88,14.15,0.0,86.34,75.12,31.22,9840,4.8,49.8,1.52,40.69,72.91,33.17,66.83
620114,6201,62,700,98.57,97.14,95.71,15.71,0.0,98.57,0.0,0.0,100.0,98.57,7.14,18.57,0.0,100.0,81.43,18.57,3010,4.3,46.51,1.33,21.12,16.44,20.0,81.43
620115,6201,62,3800,53.42,79.21,78.95,27.37,0.0,75.79,3.16,0.53,99.74,97.11,14.21,17.11,0.0,95.0,91.32,1.84,16850,4.43,45.34,1.19,32.68,37.41,31.32,68.68
620116,6201,62,4250,94.35,84.94,86.12,46.12,0.0,13.18,9.88,0.47,99.76,90.59,1.18,20.0,0.24,97.88,83.29,2.82,18190,4.28,46.89,1.37,35.4,35.06,31.06,63.06
620117,6201,62,1150,31.3,83.48,43.48,0.87,0.0,84.35,0.0,0.0,100.0,100.0,4.35,2.61,0.0,98.26,94.78,0.0,4260,3.7,48.36,4.46,16.82,36.27,40.87,86.09
620118,6201,62,1490,32.89,55.7,58.39,2.68,0.0,34.9,0.67,1.34,94.63,100.0,30.87,14.09,0.0,92.62,47.65,22.15,7970,5.35,58.22,2.38,36.34,41.25,39.6,75.84
620201,6202,62,1270,97.64,99.21,96.85,29.92,0.0,99.21,0.0,0.79,99.21,92.13,51.18,40.94,0.0,100.0,88.98,35.43,5500,4.33,49.64,2.0,40.07,39.22,16.54,53.54
620202,6202,62,3210,96.26,98.44,96.26,43.61,0.0,99.07,0.0,0.31,99.69,99.69,59.81,44.24,0.62,99.07,97.51,5.3,13160,4.1,46.66,1.82,22.08,16.28,28.04,76.95
620203,6202,62,1860,94.62,95.16,95.7,9.68,0.54,94.09,0.54,1.61,100.0,94.09,19.89,24.73,0.0,98.92,90.32,10.75,7730,4.16,47.87,1.81,29.78,26.56,31.72,63.44
620204,6202,62,2260,97.35,95.58,96.46,23.45,0.0,97.79,0.0,3.54,97.79,96.46,55.75,69.91,0.88,98.23,95.58,40.27,9780,4.33,47.03,2.25,22.39,18.04,22.57,75.22
620205,6202,62,1710,97.08,98.25,98.25,7.6,0.0,99.42,0.0,0.0,99.42,97.66,41.52,54.39,0.0,100.0,98.25,26.9,6890,4.03,49.78,1.6,24.86,5.85,16.37,74.27
620206,6202,62,1980,91.41,89.39,88.38,21.21,0.51,97.98,0.0,1.01,100.0,99.49,27.27,22.73,0.0,99.49,98.48,3.03,7270,3.67,46.77,1.65,28.42,15.05,28.28,75.25
620207,6202,62,2390,87.03,88.7,91.21,39.75,0.0,66.95,2.93,0.42,100.0,92.47,54.39,61.51,0.42,98.33,97.07,13.39,7170,3.0,32.22,1.39,63.58,70.0,24.69,46.03
620208,6202,62,3700,94.59,93.78,93.78,24.59,0.27,98.38,0.0,1.08,99.46,91.08,72.43,59.19,0.0,100.0,95.68,45.68,15660,4.23,47.19,1.4,44.62,32.38,21.08,53.24
620209,6202,62,4150,58.55,41.93,44.82,71.81,2.65,36.14,3.37,45.78,99.52,65.3,76.87,62.89,6.02,79.04,70.6,8.19,17620,4.25,38.59,2.67,71.81,71.56,30.6,23.86
620210,6202,62,1050,98.1,98.1,97.14,0.0,0.0,100.0,0.0,0.0,99.05,99.05,56.19,39.05,0.0,100.0,98.1,22.86,4320,4.11,49.07,2.08,20.91,4.63,28.57,87.62
620211,6202,62,3670,99.18,96.73,95.1,29.16,0.0,94.55,0.54,0.54,99.18,90.46,20.16,38.15,0.0,99.46,91.83,23.16,12820,3.49,40.25,1.33,23.63,31.62,26.43,73.02
620212,6202,62,2840,98.59,91.2,89.44,2.46,0.0,97.18,0.0,0.35,99.65,92.25,26.76,25.7,0.0,97.18,93.66,23.59,11770,4.14,46.73,2.72,22.65,25.0,25.35,76.06
620213,6202,62,5770,84.4,83.36,80.59,48.18,0.0,76.26,2.08,3.12,99.83,86.83,29.81,60.83,1.39,93.59,92.2,8.49,20480,3.55,37.99,2.34,53.62,43.3,33.97,57.89
620214,6202,62,2650,92.08,93.96,92.08,4.53,0.0,93.58,0.0,1.13,100.0,97.36,51.7,47.92,0.75,98.49,93.58,31.32,10890,4.11,46.65,1.56,33.56,27.2,18.87,67.17
620215,6202,62,3650,88.49,87.95,87.67,30.68,0.0,88.22,0.82,9.86,99.45,84.93,64.38,70.14,0.27,95.89,93.7,35.07,15920,4.36,45.35,1.57,45.29,35.29,18.36,47.95
620216,6202,62,3710,97.04,95.15,95.42,17.79,0.0,95.69,0.0,0.81,99.19,97.57,50.67,42.05,0.27,98.92,94.61,26.95,15000,4.04,44.6,1.67,28.76,18.72,24.53,68.73
620217,6202,62,1730,93.06,97.69,96.53,2.89,0.0,97.69,0.0,0.58,99.42,97.11,30.64,20.81,0.0,98.84,94.8,4.05,6720,3.88,45.54,1.93,15.85,2.17,31.21,82.08
620218,6202,62,1410,97.16,98.58,97.16,2.13,0.0,99.29,0.0,0.71,100.0,96.45,20.57,30.5,0.0,100.0,97.16,16.31,6110,4.33,48.94,2.62,28.85,16.56,25.53,80.14
620219,6202,62,720,94.44,91.67,91.67,45.83,0.0,59.72,1.39,0.0,100.0,87.5,88.89,51.39,2.78,97.22,94.44,27.78,3650,5.07,46.85,0.55,63.92,59.78,22.22,50.0
620220,6202,62,1010,97.03,98.02,98.02,1.98,0.0,98.02,0.0,0.0,99.01,99.01,51.49,57.43,0.0,99.01,100.0,50.5,3920,3.88,42.86,2.3,11.16,4.17,22.77,88.12
620221,6202,62,630,98.41,90.48,92.06,0.0,0.0,100.0,0.0,0.0,98.41,100.0,87.3,61.9,0.0,100.0,98.41,17.46,2670,4.24,45.69,2.62,49.66,57.32,23.81,53.97
620222,6202,62,660,100.0,98.48,96.97,0.0,0.0,95.45,1.52,1.52,100.0,93.94,57.58,59.09,0.0,98.48,89.39,36.36,2840,4.3,46.48,1.41,26.32,13.51,19.7,69.7
620301,6203,62,1560,61.54,73.08,91.67,8.33,0.0,5.77,6.41,0.0,100.0,99.36,30.77,0.64,0.0,100.0,87.18,4.49,7050,4.52,45.39,1.7,24.94,12.5,28.21,75.64
620302,6203,62,2240,99.55,98.66,94.2,6.7,0.45,8.48,1.79,0.45,100.0,99.11,9.38,4.91,0.0,99.55,82.59,22.77,10430,4.66,48.8,2.68,27.34,24.22,29.91,62.95
620303,6203,62,1900,74.74,64.74,43.16,18.95,0.0,4.74,1.58,3.16,99.47,92.63,46.32,24.74,1.58,92.11,82.63,14.74,8490,4.47,42.87,1.77,68.04,72.2,24.21,42.63
620304,6203,62,1030,98.06,96.12,92.23,0.97,0.0,30.1,0.0,3.88,100.0,98.06,18.45,3.88,0.0,100.0,94.17,66.99,4860,4.72,44.44,1.85,50.37,40.0,25.24,34.95
620305,6203,62,2190,52.97,63.93,90.41,11.87,0.0,2.28,1.37,2.28,100.0,99.09,24.2,14.16,0.0,99.09,73.97,36.53,10350,4.73,48.7,3.09,40.68,58.39,29.22,65.3
620306,6203,62,2210,31.67,59.28,64.71,1.81,0.0,1.81,19.0,0.0,100.0,99.55,7.24,4.07,0.0,96.38,55.66,30.77,10050,4.55,52.64,2.19,13.87,30.74,37.56,88.24
620307,6203,62,3020,37.75,47.35,91.39,31.79,0.99,3.64,4.3,1.32,99.67,99.34,46.36,15.56,0.33,98.68,88.74,14.24,13900,4.6,46.4,2.37,38.26,40.65,25.17,63.91
620308,6203,62,1430,30.77,49.65,60.84,0.7,0.0,9.79,12.59,0.7,95.8,97.9,37.06,13.99,0.7,99.3,76.22,2.8,5890,4.12,48.56,2.21,30.69,51.39,30.77,69.23
620309,6203,62,3210,83.8,78.19,82.24,0.93,0.0,2.49,0.31,0.93,99.69,97.51,10.28,7.79,0.0,100.0,97.2,13.71,13370,4.17,46.0,1.65,37.4,30.81,30.22,74.77
620310,6203,62,1990,82.91,81.41,84.92,0.0,0.0,27.14,0.0,0.0,100.0,98.99,23.62,2.01,0.0,100.0,89.95,5.53,8700,4.37,45.52,2.3,17.09,21.27,28.14,85.43
620311,6203,62,1530,82.35,69.93,83.01,0.0,0.0,3.92,0.65,10.46,98.69,100.0,62.09,11.11,0.0,98.69,95.42,3.92,7330,4.79,39.97,1.77,36.36,39.89,24.84,62.75
620312,6203,62,1070,85.05,83.18,84.11,20.56,0.0,0.0,0.0,20.56,100.0,98.13,58.88,5.61,0.93,100.0,97.2,1.87,4980,4.65,43.78,1.0,25.71,26.13,23.36,72.9
620313,6203,62,1090,81.65,59.63,85.32,26.61,0.0,13.76,0.0,24.77,100.0,98.17,31.19,9.17,0.0,98.17,96.33,0.92,4590,4.21,40.96,1.31,28.78,40.74,21.1,65.14
620314,6203,62,900,88.89,88.89,72.22,10.0,0.0,27.78,1.11,3.33,100.0,92.22,35.56,26.67,0.0,94.44,88.89,68.89,3690,4.1,38.48,1.08,76.65,65.43,21.11,16.67
620315,6203,62,3930,51.91,45.55,54.45,16.03,0.0,10.69,0.0,0.76,100.0,97.96,45.04,6.87,0.0,96.69,81.68,4.83,15350,3.91,40.59,2.02,39.47,36.39,18.07,64.38
620316,6203,62,3120,59.94,54.49,64.42,21.47,0.0,5.77,0.32,0.0,99.68,97.76,39.1,3.53,0.32,99.36,82.69,5.13,13370,4.29,47.12,2.24,23.76,30.64,23.08,74.04
620317,6203,62,6910,90.16,90.16,75.69,12.01,0.0,96.24,0.0,1.16,99.42,97.97,33.72,9.7,0.43,96.67,87.7,23.01,30670,4.44,44.93,2.74,42.45,44.21,22.58,62.08
620318,6203,62,4320,38.89,41.9,66.44,21.99,0.0,55.09,0.23,1.62,99.31,93.52,46.06,20.14,1.16,91.9,79.4,40.28,17990,4.16,42.47,3.0,57.0,49.64,21.06,43.06
620319,6203,62,2270,89.43,89.87,81.06,19.82,0.0,5.29,0.44,4.41,100.0,92.07,25.11,22.91,0.0,95.59,89.43,59.91,9950,4.38,40.8,2.41,63.84,70.29,25.55,29.52
620320,6203,62,1180,52.54,55.93,59.32,64.41,0.0,2.54,0.0,0.85,100.0,99.15,39.83,4.24,0.0,98.31,61.02,0.0,4480,3.8,44.42,2.01,26.91,45.69,18.64,72.03
620321,6203,62,1120,83.93,78.57,41.96,35.71,0.0,37.5,13.39,3.57,98.21,90.18,47.32,24.11,0.89,94.64,86.61,48.21,4890,4.37,38.04,2.86,67.0,73.58,17.86,23.21
620322,6203,62,3290,81.16,51.98,72.34,28.27,0.61,4.56,2.43,9.73,100.0,88.45,16.11,23.1,0.61,93.31,83.59,6.08,14790,4.5,43.0,2.57,44.72,51.55,27.36,50.46
620323,6203,62,1920,48.96,50.0,86.46,41.67,0.0,0.52,3.12,2.6,100.0,93.75,35.94,25.0,0.52,95.31,83.33,0.52,9480,4.94,50.53,1.79,41.79,62.99,26.04,60.42
620324,6203,62,2570,62.26,66.93,94.16,24.12,0.0,25.68,8.17,3.11,100.0,99.61,37.35,13.62,0.39,99.22,85.99,70.43,12460,4.85,46.79,3.53,43.59,42.94,26.85,56.03
620325,6203,62,2910,37.8,34.02,58.42,50.86,0.34,41.58,2.06,9.97,99.66,92.44,44.67,27.84,1.03,91.75,80.76,21.99,11690,4.02,36.7,3.51,64.86,73.33,22.68,37.46
620326,6203,62,1410,97.87,97.87,82.98,5.67,0.0,2.84,0.0,0.0,100.0,98.58,5.67,22.7,0.0,99.29,91.49,87.23,6320,4.48,48.42,1.27,45.71,47.47,20.57,41.84
620327,6203,62,16980,10.37,17.49,32.57,93.64,5.95,19.91,11.07,63.37,98.23,55.24,60.42,73.09,11.37,17.02,25.21,10.72,69910,4.12,36.52,2.6,88.82,84.15,30.74,12.31
620328,6203,62,940,75.53,74.47,92.55,1.06,0.0,2.13,18.09,0.0,100.0,96.81,28.72,15.96,0.0,98.94,78.72,39.36,5050,5.37,47.52,5.74,41.51,54.55,25.53,64.89
620329,6203,62,1180,99.15,98.31,95.76,0.0,0.0,5.08,0.85,10.17,100.0,90.68,3.39,0.0,0.0,100.0,91.53,27.97,6030,5.11,48.92,1.33,18.51,15.38,26.27,84.75
630101,6301,63,4300,76.51,94.88,95.12,24.42,0.23,93.95,0.47,0.0,99.77,98.84,37.21,27.21,0.0,97.44,94.42,1.16,16740,3.89,48.09,3.94,13.92,16.3,38.37,89.07
630102,6301,63,9190,56.8,75.95,76.5,35.58,0.22,81.39,0.11,15.45,99.89,91.29,32.54,20.89,1.41,72.91,71.93,1.2,40300,4.39,49.4,2.63,33.01,39.74,30.69,69.75
630103,6301,63,8220,96.11,93.67,96.84,2.68,0.0,98.3,0.0,0.12,99.76,98.66,35.89,12.9,0.0,94.04,94.53,15.09,38520,4.69,53.89,1.87,22.8,24.74,27.74,86.86
630104,6301,63,3870,94.83,98.71,95.35,23.77,0.0,69.77,0.52,0.0,98.97,99.48,40.83,19.12,0.26,98.45,90.96,0.78,16830,4.35,50.27,2.2,21.03,28.17,23.77,87.34
630105,6301,63,2480,92.74,96.37,95.97,34.27,0.0,81.85,1.21,0.4,99.6,99.19,31.85,31.85,0.0,98.79,97.18,0.4,11070,4.46,49.41,2.89,26.43,25.93,38.71,83.06
630106,6301,63,1890,87.3,98.41,96.83,71.96,0.0,68.78,0.0,11.11,100.0,98.94,35.98,28.04,0.0,97.88,97.35,13.23,8420,4.46,52.02,3.09,20.54,50.22,29.1,84.66
630107,6301,63,2080,94.71,98.56,97.12,51.92,0.0,69.23,0.0,4.33,100.0,98.08,65.87,30.77,0.0,98.56,97.12,12.02,9380,4.51,50.21,2.13,22.91,50.67,26.92,81.25
630108,6301,63,4610,98.48,95.44,92.41,15.18,0.0,98.92,0.0,0.22,99.78,95.88,20.82,19.09,0.22,94.36,85.03,0.0,23120,5.02,56.44,2.16,23.24,31.01,35.36,81.56
630109,6301,63,2230,95.96,99.1,98.21,34.98,0.0,99.55,0.0,38.12,100.0,99.55,22.87,21.08,0.0,93.72,92.83,0.0,9920,4.45,49.19,1.41,12.5,31.23,26.01,87.89
630110,6301,63,2800,97.14,96.43,95.36,85.36,0.0,59.64,2.86,3.93,99.64,97.5,47.86,46.43,0.0,96.79,92.5,3.93,14250,5.09,52.28,1.61,36.18,45.37,25.36,76.43
630111,6301,63,11530,87.6,93.24,89.07,26.89,0.09,93.41,0.87,11.36,99.74,95.58,36.51,24.02,0.35,83.17,83.87,0.95,50440,4.37,51.7,2.76,25.38,38.54,33.22,81.01
630112,6301,63,10920,96.61,95.7,92.58,61.36,0.0,59.98,0.46,9.34,98.81,92.49,11.9,30.77,0.27,92.03,82.42,2.66,49670,4.55,52.63,1.91,35.06,33.79,30.95,78.3
630113,6301,63,4350,93.56,98.16,94.94,54.48,0.0,98.62,0.23,1.84,98.85,99.54,29.66,37.01,0.0,97.93,99.08,1.15,19140,4.4,53.08,2.51,28.95,35.05,28.74,82.76
630114,6301,63,5660,86.22,84.63,90.28,32.69,0.18,97.53,0.18,1.59,99.82,98.41,18.73,20.14,0.0,65.37,66.96,38.34,30950,5.47,53.47,1.49,27.57,34.11,28.8,81.63
630115,6301,63,2400,92.08,95.83,97.5,54.17,0.42,87.92,1.25,0.83,100.0,100.0,32.5,16.25,0.42,99.17,96.25,20.83,10760,4.48,53.25,4.0,23.66,40.06,31.67,83.33
630116,6301,63,3180,87.74,98.43,97.48,63.21,0.0,94.03,0.31,3.14,100.0,99.06,39.94,25.47,1.57,97.17,95.6,1.57,13450,4.23,53.01,2.3,16.61,24.2,34.28,84.59
630117,6301,63,1940,67.53,98.45,94.33,97.94,0.0,58.76,0.0,91.24,100.0,98.97,6.19,26.29,0.0,99.48,90.21,9.79,9870,5.09,55.52,1.22,29.16,10.47,16.49,80.93
630118,6301,63,3750,90.93,96.0,95.47,4.8,0.27,97.33,0.53,3.47,98.93,99.47,23.73,5.6,0.27,97.07,80.53,10.13,21030,5.61,55.49,1.43,23.72,42.93,30.67,82.67
630119,6301,63,1040,89.42,100.0,97.12,47.12,0.0,85.58,0.0,89.42,100.0,99.04,27.88,14.42,0.0,99.04,95.19,0.96,3810,3.66,50.66,4.2,14.89,31.31,34.62,87.5
630201,6302,63,390,97.44,97.44,97.44,2.56,0.0,97.44,0.0,2.56,100.0,97.44,17.95,2.56,0.0,100.0,82.05,58.97,1420,3.64,40.85,4.93,19.05,66.67,23.08,69.23
630202,6302,63,7530,82.47,79.15,77.82,29.48,0.0,83.93,0.8,17.4,98.94,85.13,57.24,42.36,1.73,86.85,74.37,1.59,29560,3.93,44.15,3.48,42.16,62.83,25.5,59.23
630203,6302,63,3530,96.6,90.65,92.07,0.0,0.0,96.88,0.0,15.3,99.43,92.92,55.24,6.23,0.0,96.32,92.35,12.46,14250,4.04,46.18,2.32,37.81,43.81,22.38,43.63
630204,6302,63,960,97.92,98.96,96.88,2.08,0.0,100.0,0.0,0.0,98.96,98.96,27.08,34.38,0.0,95.83,84.38,11.46,3650,3.8,49.32,3.01,20.0,42.99,34.38,82.29
630205,6302,63,600,96.67,96.67,90.0,1.67,0.0,93.33,1.67,8.33,98.33,90.0,75.0,8.33,0.0,98.33,85.0,5.0,2280,3.8,44.3,1.32,40.94,34.69,25.0,60.0
630206,6302,63,2230,97.31,94.62,93.27,19.28,0.0,99.55,0.0,4.04,99.1,96.41,69.96,16.14,0.0,98.65,77.13,5.38,8420,3.78,44.06,2.02,23.35,29.86,23.77,67.71
630207,6302,63,1510,98.01,98.68,96.69,1.32,0.0,100.0,0.0,19.87,100.0,84.11,76.82,5.96,0.0,98.01,81.46,9.27,5520,3.66,46.92,2.72,49.49,63.04,31.79,39.07
630208,6302,63,490,100.0,100.0,100.0,4.08,0.0,100.0,0.0,0.0,100.0,100.0,55.1,28.57,0.0,97.96,100.0,34.69,1920,3.92,47.4,3.12,18.81,66.67,12.24,73.47
630209,6302,63,1260,96.83,97.62,92.86,18.25,0.0,100.0,0.0,1.59,97.62,100.0,73.81,20.63,0.79,97.62,97.62,7.94,6200,4.92,55.16,2.42,25.18,28.64,19.05,76.19
630301,6303,63,1600,97.5,98.75,96.88,5.0,0.0,98.75,0.0,0.0,98.75,98.12,17.5,16.88,0.62,99.38,95.0,13.75,6360,3.98,46.86,2.67,15.09,15.23,25.0,79.38
630302,6303,63,3200,91.25,75.0,69.06,32.19,0.0,98.12,0.62,13.12,99.06,93.75,21.25,45.62,1.88,91.56,85.0,4.06,12650,3.95,39.92,2.92,39.21,48.9,27.81,68.12
630303,6303,63,990,71.72,97.98,94.95,21.21,0.0,100.0,0.0,1.01,100.0,92.93,7.07,27.27,0.0,97.98,98.99,18.18,3780,3.82,43.65,2.38,15.96,14.43,26.26,85.86
630304,6303,63,1440,92.36,97.22,93.75,2.78,0.0,96.53,0.0,0.69,100.0,97.92,15.28,18.06,0.0,99.31,95.83,31.25,5750,3.99,45.04,2.09,24.05,15.07,23.61,78.47
630305,6303,63,2370,94.94,94.51,93.25,15.19,0.0,98.73,0.0,1.27,99.58,93.67,24.89,24.47,0.42,97.89,89.45,11.39,10470,4.42,49.57,2.01,18.37,15.19,24.89,76.79
630306,6303,63,1510,98.68,93.38,92.05,22.52,0.0,100.0,0.0,1.32,100.0,98.01,7.95,49.67,0.0,86.09,92.72,4.64,5450,3.61,40.55,1.47,11.42,10.92,26.49,89.4
630401,6304,63,1590,98.11,99.37,98.74,3.14,0.0,100.0,0.0,2.52,100.0,95.6,50.94,26.42,0.0,99.37,86.79,0.0,6440,4.05,43.32,3.88,33.7,49.68,22.01,44.03
630402,6304,63,1960,71.43,98.98,96.94,3.57,0.0,100.0,0.0,2.55,99.49,94.9,42.86,30.61,0.0,98.98,80.61,56.63,8890,4.54,46.68,2.14,27.43,28.44,22.45,57.14
630403,6304,63,3850,87.01,88.05,85.71,28.31,0.0,96.62,0.26,13.25,100.0,91.95,33.51,37.66,1.04,93.77,74.03,43.38,16320,4.24,44.85,2.57,41.44,54.17,25.97,49.87
630404,6304,63,1760,96.02,83.52,68.18,28.98,0.57,96.59,0.0,19.89,100.0,85.23,54.55,45.45,1.7,92.05,81.25,6.25,7800,4.43,44.87,3.33,59.77,69.54,29.55,30.68
630405,6304,63,1360,98.53,86.03,88.24,0.0,0.0,98.53,0.74,0.0,98.53,85.29,48.53,63.24,1.47,92.65,82.35,8.09,5200,3.82,42.88,2.5,43.1,44.62,24.26,41.91
630406,6304,63,2710,71.22,96.68,97.79,3.69,0.0,100.0,0.0,0.0,100.0,96.68,31.37,24.35,0.0,97.05,87.08,1.85,11050,4.08,48.42,1.36,20.0,32.41,25.83,74.17
630407,6304,63,640,73.44,100.0,98.44,0.0,0.0,98.44,0.0,0.0,100.0,90.62,23.44,35.94,0.0,96.88,92.19,0.0,2370,3.7,37.55,3.38,50.0,46.94,18.75,50.0
630408,6304,63,1110,62.16,96.4,97.3,0.0,0.0,100.0,0.0,0.9,100.0,97.3,29.73,19.82,0.0,99.1,84.68,4.5,4990,4.5,47.49,2.2,32.44,47.62,20.72,46.85
630409,6304,63,960,98.96,79.17,71.88,14.58,0.0,98.96,0.0,11.46,100.0,81.25,57.29,34.38,0.0,95.83,82.29,3.12,4380,4.56,42.69,2.51,66.93,63.96,22.92,28.12
630501,6305,63,940,96.81,91.49,69.15,87.23,0.0,95.74,0.0,1.06,100.0,94.68,38.3,21.28,1.06,91.49,77.66,1.06,4680,4.98,47.86,4.27,61.07,55.88,40.43,61.7
630502,6305,63,2540,97.24,90.94,85.83,22.05,0.0,99.61,0.0,3.15,100.0,99.21,38.19,55.12,0.39,78.35,70.47,0.79,11500,4.53,47.83,1.57,26.5,21.02,19.69,66.14
630503,6305,63,1320,98.48,95.45,84.85,100.0,0.0,99.24,0.0,90.91,100.0,99.24,15.91,8.33,0.0,95.45,77.27,0.0,5910,4.48,52.45,2.88,30.96,69.51,28.03,73.48
630504,6305,63,3990,92.23,97.99,93.48,20.05,0.0,99.75,0.0,0.25,99.75,100.0,31.33,21.55,0.75,99.0,93.73,0.0,15110,3.79,45.14,2.65,18.46,27.25,25.31,88.22
630505,6305,63,2600,98.46,94.23,95.77,34.62,0.0,100.0,0.0,0.0,100.0,95.0,24.62,39.62,0.0,76.15,67.69,16.92,10960,4.22,45.26,1.82,18.5,11.9,17.69,73.08
630506,6305,63,3010,98.01,94.35,90.03,75.42,0.0,99.0,0.0,0.0,100.0,100.0,17.94,21.26,0.0,95.35,76.74,13.29,13090,4.35,50.11,1.76,27.57,25.47,29.9,74.75
630507,6305,63,280,85.71,67.86,71.43,0.0,0.0,100.0,0.0,0.0,100.0,100.0,46.43,50.0,0.0,100.0,92.86,0.0,1210,4.32,42.98,0.83,14.49,34.29,28.57,82.14
630508,6305,63,2600,91.15,95.77,86.92,64.23,0.38,99.62,0.0,2.69,99.62,99.62,31.15,10.77,0.0,96.92,83.85,0.0,12540,4.82,53.11,2.47,37.24,44.05,22.31,80.38
630509,6305,63,950,80.0,73.68,65.26,21.05,2.11,82.11,5.26,4.21,100.0,96.84,38.95,51.58,0.0,89.47,85.26,3.16,3740,3.94,37.17,1.6,29.36,40.0,15.79,65.26
630510,6305,63,1090,95.41,93.58,98.17,52.29,0.0,98.17,0.0,1.83,100.0,98.17,15.6,44.04,0.0,95.41,89.91,0.0,4360,4.0,48.17,3.9,7.96,22.31,23.85,91.74
630511,6305,63,5290,68.24,75.43,71.27,68.81,0.0,66.73,0.76,20.23,99.62,83.36,41.97,45.75,1.51,80.34,79.02,0.38,24740,4.68,48.87,2.26,55.57,65.61,27.03,53.5
630512,6305,63,6920,80.64,59.83,68.35,66.62,0.87,72.83,3.47,18.06,99.71,81.65,28.61,41.47,1.01,79.05,52.46,8.53,32390,4.68,49.77,2.16,47.57,62.81,29.05,48.99
630513,6305,63,1740,83.33,87.93,89.08,6.9,0.0,100.0,0.0,0.0,99.43,100.0,8.62,19.54,0.0,93.68,73.56,10.34,7330,4.21,48.16,1.23,16.58,33.33,25.29,89.66
630514,6305,63,4530,94.04,97.13,94.92,59.38,0.0,76.38,0.22,4.64,99.56,99.56,18.76,17.88,0.22,98.23,91.17,4.42,21290,4.7,53.41,1.22,16.83,13.4,19.21,85.65
630515,6305,63,1710,94.74,87.13,90.06,54.97,0.0,100.0,0.0,0.58,100.0,98.25,12.87,26.32,0.0,92.4,71.35,1.75,7590,4.44,51.12,2.9,17.25,29.23,27.49,76.02
630516,6305,63,2210,92.31,97.29,86.43,57.01,0.0,98.64,0.0,0.45,99.55,99.55,35.29,19.91,0.45,95.02,90.05,0.0,10210,4.62,49.76,2.06,35.28,57.58,30.77,78.73
630517,6305,63,1150,100.0,99.13,95.65,78.26,0.0,88.7,0.0,0.0,100.0,100.0,6.09,11.3,0.0,100.0,88.7,3.48,5650,4.91,54.51,1.42,11.28,40.4,19.13,88.7
630518,6305,63,2800,98.21,99.29,98.21,30.36,0.0,99.29,0.0,1.07,100.0,98.57,23.57,11.79,0.0,95.71,89.29,1.07,12280,4.39,56.76,2.52,13.56,32.08,33.57,87.14
630519,6305,63,800,97.5,91.25,97.5,5.0,0.0,98.75,0.0,0.0,98.75,98.75,11.25,40.0,0.0,100.0,88.75,7.5,3570,4.46,49.86,2.52,21.79,18.81,16.25,80.0
630520,6305,63,1540,94.81,98.05,92.21,8.44,0.0,100.0,0.0,1.95,100.0,98.05,12.34,13.64,0.0,98.7,90.26,1.3,6100,3.96,50.0,1.31,22.3,54.09,35.06,81.17
630521,6305,63,1530,81.7,69.28,69.93,12.42,0.0,98.69,0.0,67.32,98.04,96.73,28.1,49.02,0.65,94.77,87.58,5.88,5730,3.75,46.6,2.97,57.84,66.67,31.37,55.56
630522,6305,63,4130,98.79,93.7,92.74,90.07,0.24,98.06,0.0,0.24,100.0,97.82,11.86,18.4,0.0,96.37,90.31,2.18,18290,4.43,48.99,2.62,28.83,43.76,22.03,74.33
630523,6305,63,1030,98.06,97.09,94.17,37.86,0.0,62.14,0.97,0.97,100.0,97.09,16.5,24.27,0.0,97.09,84.47,4.85,4620,4.49,54.55,2.6,15.24,22.6,20.39,86.41
630524,6305,63,1780,96.07,85.96,83.71,3.37,0.0,98.88,0.0,20.79,100.0,97.75,21.91,46.63,0.56,97.75,91.57,1.69,6640,3.73,41.27,3.01,27.95,40.34,26.97,66.85
630525,6305,63,3180,90.57,89.94,80.82,35.85,0.0,99.06,0.31,7.86,100.0,93.4,31.45,23.27,0.0,92.77,79.25,10.69,14780,4.65,50.2,1.76,31.93,47.52,22.33,78.93
630526,6305,63,2930,93.17,90.44,87.37,34.13,0.0,94.2,0.0,1.02,96.25,91.13,47.1,33.79,0.34,77.13,77.82,16.38,11790,4.02,44.36,2.37,40.4,60.06,22.18,63.82
630527,6305,63,2420,97.11,94.21,94.63,9.5,0.0,99.59,0.41,1.65,97.52,97.52,13.64,34.71,0.0,97.11,92.56,0.41,11030,4.56,54.4,2.09,13.32,17.51,30.17,85.95
630528,6305,63,620,96.77,100.0,100.0,17.74,0.0,100.0,0.0,0.0,100.0,100.0,8.06,11.29,0.0,98.39,91.94,24.19,2670,4.31,47.19,0.37,17.73,43.28,25.81,80.65
630529,6305,63,2490,99.6,93.17,91.16,4.82,0.0,100.0,0.0,2.41,100.0,99.6,20.08,36.14,0.0,99.2,94.38,44.58,9680,3.89,44.11,1.65,9.24,29.88,16.47,89.56
630530,6305,63,1420,97.89,98.59,97.89,36.62,0.0,95.07,0.7,0.0,100.0,99.3,16.2,14.08,0.0,99.3,98.59,0.0,6350,4.47,53.7,2.36,7.82,21.16,26.76,92.25
630601,6306,63,12610,91.99,91.67,84.54,23.31,0.32,86.6,0.79,8.17,99.68,91.44,33.07,32.04,0.4,91.99,59.24,7.3,59920,4.75,49.02,1.65,34.04,33.83,29.02,64.16
630602,6306,63,5570,94.43,91.02,83.84,33.21,0.0,63.38,1.08,11.85,100.0,92.1,29.08,34.65,0.18,96.59,67.32,6.28,24600,4.42,45.89,1.14,47.33,43.4,26.21,54.58
630603,6306,63,4720,97.46,97.88,94.7,7.84,0.0,99.15,0.42,4.87,100.0,99.15,20.76,17.58,0.0,80.51,71.61,27.12,21670,4.59,51.36,2.31,25.05,22.88,29.45,75.64
630604,6306,63,4640,97.84,96.77,93.53,10.78,0.0,95.69,0.43,2.59,99.78,97.63,20.69,14.44,0.0,97.41,73.28,15.52,19420,4.19,48.97,1.91,31.18,27.29,28.02,67.46
630605,6306,63,2800,64.29,76.43,63.21,19.29,0.0,99.64,0.0,32.5,98.93,94.29,47.14,33.93,0.71,18.93,56.07,81.79,11080,3.96,43.68,1.99,66.19,60.73,21.43,28.93
630606,6306,63,6320,93.04,93.51,85.44,21.68,0.0,95.73,0.0,7.75,99.37,95.25,23.58,21.04,0.16,96.2,72.78,3.32,25570,4.05,48.89,1.99,21.12,27.72,28.64,77.85
630607,6306,63,5340,42.88,42.13,64.23,46.63,1.69,78.46,1.69,37.27,99.81,83.71,49.81,40.45,3.93,45.51,47.38,24.34,20360,3.81,43.12,3.39,63.82,58.81,34.08,34.83
630609,6306,63,3950,84.05,82.78,76.46,35.95,0.25,39.24,1.01,25.57,99.24,87.09,34.43,49.87,0.51,92.15,63.8,8.1,17990,4.55,47.64,2.11,49.89,48.46,27.09,46.84
630610,6306,63,3810,96.33,93.96,86.09,2.89,0.0,97.9,0.26,1.57,99.48,97.9,30.71,33.33,0.26,93.44,72.7,11.81,15250,4.0,44.0,2.3,33.26,37.57,32.55,62.99
630701,6307,63,5930,90.05,91.4,90.56,8.43,0.0,98.99,0.0,0.67,99.66,97.98,38.79,66.78,0.0,60.71,54.3,0.67,22470,3.79,39.79,0.58,38.51,27.35,12.14,61.21
630702,6307,63,2520,89.29,98.41,96.43,0.4,0.0,99.21,0.79,0.0,99.6,98.81,71.03,28.57,0.0,97.22,89.29,22.22,9400,3.73,46.38,1.7,28.17,31.94,27.78,74.6
630703,6307,63,2130,93.43,87.79,84.98,14.55,0.47,95.77,0.0,1.88,98.59,92.49,26.76,40.85,0.47,94.84,86.38,0.0,9200,4.32,49.35,3.48,38.41,50.88,26.29,56.81
630704,6307,63,3220,92.24,96.58,88.51,32.92,0.0,99.07,0.62,54.66,100.0,87.58,37.89,47.83,0.0,82.92,71.74,39.44,12370,3.84,43.33,2.51,26.39,40.42,23.29,56.52
630705,6307,63,2740,98.18,91.61,93.8,0.36,0.0,100.0,0.0,0.0,99.64,99.27,17.15,41.61,0.0,99.27,89.42,8.76,11370,4.15,49.6,2.73,21.47,17.63,28.47,77.37
630706,6307,63,3550,91.83,90.14,82.54,0.0,0.0,96.34,0.56,4.79,99.44,93.52,52.39,44.51,0.85,92.39,90.42,3.94,14760,4.16,45.19,2.3,30.66,39.68,27.32,64.23
630707,6307,63,3040,97.37,96.38,87.17,0.66,0.0,97.7,0.66,0.0,99.67,87.83,41.78,33.22,0.0,83.88,70.72,0.33,10680,3.51,44.01,2.43,27.59,25.4,25.66,69.41
630708,6307,63,4680,88.03,88.46,86.32,18.8,0.0,99.57,0.0,2.35,100.0,72.44,33.55,49.79,0.0,53.85,54.91,3.21,16060,3.43,35.24,0.93,18.17,10.44,17.09,77.56
630709,6307,63,980,87.76,98.98,95.92,5.1,0.0,100.0,0.0,0.0,100.0,100.0,34.69,22.45,0.0,94.9,93.88,8.16,3900,3.98,50.0,3.08,22.56,17.43,23.47,76.53
630710,6307,63,1360,100.0,98.53,97.06,0.0,0.0,100.0,0.0,0.74,99.26,100.0,78.68,21.32,0.74,100.0,99.26,0.0,5390,3.96,51.39,2.41,16.03,33.99,25.74,80.88
630711,6307,63,1040,99.04,99.04,98.08,0.96,0.0,90.38,0.0,0.0,100.0,100.0,39.42,16.35,0.0,100.0,92.31,0.0,4360,4.19,47.94,1.83,23.79,16.36,17.31,72.12
630712,6307,63,7460,58.45,53.08,54.29,49.06,1.61,64.75,6.7,39.54,99.87,70.91,64.21,70.38,3.75,65.68,54.02,2.41,30690,4.11,39.56,2.05,67.65,60.49,21.45,43.7
630801,6308,63,40870,19.01,14.75,23.73,96.33,5.58,13.07,9.91,70.83,99.31,62.39,70.47,77.37,11.48,6.83,24.17,6.97,173080,4.23,34.57,2.77,91.35,86.67,31.71,11.33
630901,6309,63,3180,82.39,78.62,74.84,22.64,0.31,89.94,0.31,0.0,99.69,96.23,24.21,17.92,0.0,87.74,63.21,5.97,13070,4.11,48.89,3.6,55.09,58.62,27.04,49.06
630902,6309,63,1680,79.17,75.0,76.19,15.48,0.0,98.81,0.0,10.71,100.0,97.62,54.76,27.98,0.0,94.64,91.07,10.71,7320,4.36,46.72,2.46,73.59,77.99,18.45,27.98
630903,6309,63,1790,31.28,20.67,32.4,32.96,0.0,86.59,8.38,63.13,100.0,96.09,80.45,33.52,0.56,9.5,13.41,69.83,7810,4.36,37.0,2.43,88.41,81.92,15.08,18.44
630904,6309,63,3110,92.28,88.1,72.99,32.8,0.0,54.34,3.54,19.29,99.04,98.07,43.09,27.97,0.32,98.39,69.77,0.64,14370,4.62,49.48,2.3,57.85,52.59,25.4,47.27
630905,6309,63,1740,90.23,91.38,82.18,20.11,0.0,71.26,0.0,2.87,99.43,98.28,28.74,18.39,0.57,93.68,66.09,0.57,6750,3.88,46.37,2.22,52.76,67.04,23.56,56.9
630906,6309,63,4170,91.85,87.29,87.05,0.24,0.0,60.19,1.2,13.43,99.76,94.48,29.02,39.33,0.0,93.76,65.47,0.72,17710,4.25,48.79,1.92,36.05,45.67,24.94,64.27
630907,6309,63,10660,80.02,78.52,72.05,44.09,0.0,13.79,3.38,0.75,99.62,88.84,54.97,37.34,0.75,92.96,74.3,18.29,48550,4.55,48.03,2.04,59.49,64.65,23.73,39.96
630908,6309,63,3110,86.82,77.49,69.13,56.27,0.0,42.12,2.89,0.32,99.68,97.11,28.62,23.15,0.32,92.6,67.2,10.29,14830,4.77,51.52,1.82,54.24,62.09,33.76,42.77
630909,6309,63,870,97.7,91.95,85.06,2.3,0.0,98.85,0.0,1.15,100.0,98.85,13.79,3.45,0.0,95.4,79.31,5.75,3600,4.14,48.33,4.17,53.76,72.0,27.59,55.17
630910,6309,63,1980,31.31,32.32,82.32,62.12,0.0,97.98,0.0,21.21,99.49,96.46,22.22,21.72,1.52,67.68,56.57,19.7,9570,4.83,50.89,2.09,41.91,66.55,20.2,62.63
630911,6309,63,1760,89.77,64.77,79.55,0.0,0.0,92.61,2.84,2.84,98.86,97.73,34.09,32.95,0.0,91.48,86.36,25.57,8130,4.62,47.6,1.72,67.37,50.0,25.57,27.27
630912,6309,63,4310,63.11,58.7,58.93,57.77,0.93,75.64,1.62,2.55,97.91,90.49,51.74,38.75,0.0,31.79,66.82,44.78,17840,4.14,40.81,2.13,81.06,77.28,25.06,20.19
630913,6309,63,5540,39.17,34.12,45.13,66.06,2.53,46.03,10.83,30.69,99.28,80.14,63.0,66.97,5.6,7.4,29.24,3.61,25150,4.54,41.35,2.39,81.14,78.74,28.16,22.56
630914,6309,63,3820,39.79,29.06,68.32,8.38,0.0,84.82,1.57,3.14,99.48,93.46,39.79,20.16,0.79,33.51,31.41,66.49,15360,4.02,42.06,3.39,58.88,56.61,20.16,38.22
630915,6309,63,980,90.82,89.8,85.71,0.0,0.0,100.0,0.0,0.0,100.0,100.0,24.49,10.2,0.0,87.76,67.35,2.04,4630,4.72,47.52,3.67,50.62,64.41,31.63,59.18
630916,6309,63,1890,80.95,71.96,60.32,71.96,0.0,38.62,0.53,14.81,99.47,98.41,38.1,32.28,0.0,93.65,73.02,10.05,8150,4.31,48.71,2.7,70.19,80.24,30.69,33.33
630917,6309,63,3580,90.5,65.36,75.98,10.61,0.0,89.39,0.28,0.84,99.16,100.0,29.33,17.6,0.28,92.74,80.17,0.28,18830,5.26,53.48,1.86,40.3,38.75,28.49,51.96
630918,6309,63,1710,65.5,37.43,56.14,37.43,0.0,73.68,1.17,15.2,100.0,97.08,43.27,37.43,0.58,66.08,77.19,0.0,8440,4.94,48.82,3.08,70.6,68.0,28.65,25.73
630919,6309,63,4470,82.1,79.64,72.04,35.57,0.0,21.25,8.28,23.94,99.55,94.18,33.78,27.96,0.67,94.85,64.65,10.96,19080,4.27,47.22,2.94,62.86,62.62,29.08,46.31
630920,6309,63,7650,34.25,24.84,31.76,93.73,2.22,20.26,1.57,60.78,83.79,59.61,64.58,69.93,13.86,14.9,17.65,0.26,28640,3.74,37.05,2.03,93.51,83.06,27.71,8.63
630921,6309,63,4220,59.0,55.21,69.43,21.33,1.42,96.45,0.71,11.61,99.53,97.39,60.9,32.46,0.71,46.21,68.72,47.87,17780,4.21,42.01,2.76,63.53,67.67,25.83,38.39
630922,6309,63,950,58.95,52.63,53.68,31.58,0.0,96.84,0.0,6.32,100.0,97.89,42.11,30.53,0.0,48.42,63.16,47.37,5050,5.32,50.3,2.18,69.32,70.06,15.79,26.32
630923,6309,63,3760,91.76,84.31,76.6,23.14,0.0,18.62,0.53,1.06,98.94,93.35,26.06,22.61,0.27,96.28,57.98,0.8,17470,4.65,51.4,2.4,54.42,66.15,28.99,47.34
630924,6309,63,1220,80.33,81.97,83.61,5.74,0.82,91.8,2.46,9.84,100.0,88.52,0.0,23.77,1.64,56.56,54.92,40.16,5720,4.69,50.35,2.97,36.27,65.43,18.03,68.03
630925,6309,63,4510,80.71,88.03,82.04,16.19,0.0,52.99,5.76,15.52,99.78,88.47,56.54,47.89,0.89,96.67,85.81,0.0,19400,4.3,48.76,1.8,53.62,42.96,27.94,54.77
630926,6309,63,2000,78.0,82.0,63.0,13.0,0.0,97.0,0.5,0.0,100.0,97.0,31.0,33.0,0.0,6.0,42.0,92.5,8460,4.23,46.22,1.42,87.25,72.56,18.0,9.5
640101,6401,64,570,100.0,100.0,100.0,0.0,0.0,100.0,0.0,61.4,100.0,100.0,57.89,31.58,0.0,98.25,89.47,26.32,2890,5.07,49.48,1.73,40.41,6.9,17.54,47.37
640102,6401,64,1280,98.44,89.84,91.41,21.09,0.0,91.41,0.0,46.09,100.0,98.44,75.78,38.28,2.34,92.97,85.16,37.5,4890,3.82,40.08,1.84,34.13,15.84,17.19,55.47
640103,6401,64,1260,100.0,96.83,91.27,2.38,0.0,92.86,0.0,23.02,98.41,99.21,34.13,49.21,0.0,99.21,76.98,14.29,5350,4.25,43.74,2.43,40.2,39.04,25.4,57.94
640104,6401,64,3030,97.03,75.25,86.47,0.0,0.0,99.01,0.66,31.02,99.34,93.73,67.33,45.54,0.0,95.38,75.91,42.9,11990,3.96,42.04,2.25,44.89,39.66,26.07,58.09
640105,6401,64,1710,69.01,69.01,73.1,0.0,0.0,98.83,0.0,29.24,100.0,91.23,52.63,23.98,0.0,98.25,78.36,11.7,8030,4.7,44.58,1.74,51.24,44.5,28.07,52.05
640106,6401,64,690,95.65,92.75,85.51,13.04,0.0,84.06,0.0,42.03,98.55,95.65,55.07,46.38,1.45,100.0,88.41,15.94,3000,4.35,43.33,3.0,33.53,17.5,14.49,57.97
640107,6401,64,900,95.56,84.44,90.0,0.0,0.0,100.0,0.0,82.22,100.0,95.56,32.22,21.11,0.0,97.78,77.78,17.78,4000,4.44,43.25,4.5,45.81,14.29,24.44,54.44
640108,6401,64,5930,63.58,40.98,43.84,55.14,2.36,60.54,2.36,47.55,99.66,57.84,73.86,60.88,1.85,65.94,51.6,15.68,25020,4.22,40.45,3.48,75.49,65.64,26.81,24.79
640109,6401,64,1260,98.41,73.81,73.81,1.59,0.0,98.41,0.0,34.13,100.0,92.06,61.11,43.65,0.0,97.62,36.51,27.78,5530,4.39,41.95,2.17,61.06,38.19,14.29,36.51
640110,6401,64,1140,89.47,70.18,73.68,1.75,0.0,97.37,0.0,23.68,100.0,85.96,64.91,39.47,0.0,99.12,66.67,21.05,3980,3.49,36.68,2.51,62.3,60.92,35.96,33.33
640111,6401,64,2460,98.37,93.9,75.2,24.39,0.0,97.15,0.0,74.39,100.0,98.78,73.17,64.63,0.0,90.24,75.61,13.01,9960,4.05,41.87,0.7,40.41,20.95,22.76,62.6
640112,6401,64,2890,97.92,77.51,76.12,22.84,0.35,97.23,0.0,42.91,100.0,93.43,62.63,32.18,0.0,97.92,70.93,37.72,11480,3.97,42.94,3.05,47.79,39.45,24.57,52.6
640113,6401,64,2260,93.81,60.18,72.57,66.81,0.0,94.25,2.21,29.65,96.9,78.32,71.68,53.98,0.0,96.46,66.37,17.7,10890,4.82,43.07,3.12,54.03,57.4,22.12,53.98
640114,6401,64,1640,94.51,79.27,82.93,28.66,0.0,98.78,0.0,50.61,100.0,92.68,70.73,51.22,0.0,95.12,87.8,43.29,6840,4.17,40.64,1.61,42.36,32.91,17.68,53.66
640115,6401,64,2270,95.59,98.68,28.63,7.93,0.0,100.0,0.0,3.08,100.0,96.04,83.26,57.71,0.0,78.41,82.82,81.5,8140,3.59,36.36,1.11,59.65,44.37,19.38,36.56
640201,6402,64,1390,99.28,96.4,84.17,0.0,0.0,99.28,0.0,0.0,100.0,97.84,12.23,64.03,0.0,100.0,95.68,3.6,5710,4.11,48.86,1.23,25.34,1.16,11.51,76.98
640202,6402,64,3540,91.24,83.33,85.31,17.23,0.0,98.31,0.56,3.11,98.87,96.61,72.88,63.84,0.0,97.18,90.11,13.56,14130,3.99,41.19,1.7,56.8,37.43,26.84,53.11
640203,6402,64,1680,99.4,82.74,79.76,44.64,0.0,100.0,0.0,0.0,99.4,99.4,64.29,60.12,0.0,97.02,70.24,1.79,6350,3.78,36.22,2.83,68.89,48.61,20.24,26.19
640204,6402,64,3310,84.89,71.0,59.21,42.6,0.0,90.03,0.91,8.16,100.0,83.69,63.14,61.03,0.0,96.98,81.57,17.82,15120,4.57,43.45,1.79,59.6,65.91,21.45,39.58
640205,6402,64,4850,85.36,70.72,66.6,7.01,0.0,75.26,1.03,20.62,99.38,79.79,52.58,55.88,1.65,91.34,75.46,7.42,21430,4.42,42.28,1.63,41.96,32.29,25.57,62.06
640206,6402,64,2840,96.83,75.35,77.82,3.52,0.0,96.13,0.0,0.35,99.3,92.61,77.46,44.72,0.0,97.89,83.8,50.35,11670,4.11,40.27,2.91,38.02,53.82,19.01,62.68
640207,6402,64,1370,95.62,95.62,94.89,16.06,0.0,98.54,0.73,0.73,99.27,100.0,49.64,71.53,0.0,97.81,90.51,12.41,5280,3.85,43.37,1.89,50.84,25.55,22.63,70.07
640208,6402,64,4030,57.32,24.81,25.06,67.74,1.99,43.18,9.18,37.47,99.75,56.08,79.16,63.28,3.47,75.43,53.6,1.74,17110,4.25,38.11,2.57,95.18,86.12,31.02,4.22
640209,6402,64,5510,96.91,86.39,84.03,5.63,0.0,97.28,0.0,3.63,99.46,88.75,52.99,47.91,0.0,97.64,83.85,8.53,24140,4.38,43.45,1.95,42.56,20.8,18.33,56.26
640210,6402,64,3710,90.84,87.06,83.29,9.43,0.0,97.04,0.27,5.93,98.92,93.8,64.15,61.19,0.0,95.69,87.87,11.59,14570,3.93,44.68,1.85,37.97,28.93,23.99,60.92
640211,6402,64,1350,97.78,97.04,95.56,5.93,0.0,98.52,0.0,0.0,100.0,94.07,51.85,29.63,0.0,95.56,94.07,2.96,5670,4.2,45.68,1.76,35.06,11.33,19.26,57.04
640212,6402,64,2400,90.83,75.83,48.75,35.42,0.0,95.42,0.83,4.17,100.0,79.17,62.92,47.92,0.42,96.25,77.5,43.75,10310,4.3,44.13,1.84,68.4,68.22,28.33,31.25
640301,6403,64,3060,70.59,72.22,89.22,9.8,0.0,99.02,0.0,83.99,100.0,96.41,31.37,28.76,0.0,71.24,63.4,32.03,13690,4.47,43.54,1.31,13.2,6.91,23.53,88.56
640302,6403,64,7580,98.94,70.58,87.73,18.34,0.0,99.34,0.0,11.48,100.0,97.23,29.42,33.38,0.13,97.89,79.55,6.33,34200,4.51,48.39,1.43,30.25,28.34,29.29,62.93
640303,6403,64,2100,96.19,97.14,91.9,0.48,0.0,99.52,0.48,94.76,100.0,95.24,55.24,45.71,0.0,99.05,95.71,4.76,8610,4.1,44.6,1.16,27.88,25.37,17.14,70.48
640304,6403,64,3290,97.26,99.39,97.87,2.74,0.0,99.7,0.0,28.57,100.0,97.57,31.91,16.41,0.3,97.26,85.11,22.49,13810,4.2,46.2,2.75,23.15,30.64,25.84,70.52
640305,6403,64,4780,90.38,76.99,71.55,44.14,1.67,72.8,2.93,66.32,99.79,83.26,45.61,44.14,1.46,82.85,77.62,10.25,20900,4.37,44.45,2.15,50.04,47.74,29.71,50.0
640306,6403,64,2310,99.57,97.84,97.4,0.0,0.0,100.0,0.0,94.81,100.0,99.57,35.93,34.63,0.0,99.13,87.45,7.79,9160,3.97,44.43,1.31,13.36,13.57,28.57,81.82
640307,6403,64,1530,96.08,100.0,98.04,5.23,0.0,100.0,0.0,94.12,100.0,98.69,32.68,30.07,0.65,98.04,89.54,14.38,6010,3.93,43.93,1.66,20.77,31.29,20.92,74.51
640401,6404,64,4370,85.35,55.84,56.75,35.93,0.0,86.04,0.92,57.89,100.0,76.2,36.84,48.97,1.37,95.88,77.35,39.36,19900,4.55,43.22,2.16,57.26,42.65,27.23,43.94
640402,6404,64,730,98.63,73.97,82.19,0.0,0.0,100.0,0.0,89.04,100.0,100.0,63.01,50.68,0.0,100.0,72.6,60.27,3360,4.6,45.24,2.08,47.83,38.95,26.03,57.53
640403,6404,64,2940,90.14,81.97,84.35,9.52,0.0,97.62,0.34,8.5,100.0,87.07,17.35,52.04,0.0,95.58,86.39,11.22,12610,4.29,42.98,1.74,36.72,31.27,56.46,64.63
640404,6404,64,830,87.95,87.95,72.29,10.84,0.0,92.77,0.0,19.28,96.39,96.39,55.42,66.27,0.0,93.98,87.95,16.87,3510,4.23,47.01,1.99,55.91,47.31,28.92,34.94
640405,6404,64,3120,96.47,70.83,65.71,1.6,0.0,98.4,0.0,69.23,100.0,91.03,34.62,38.46,0.32,97.12,82.05,46.15,13930,4.46,45.44,1.44,47.76,31.83,24.36,49.04
640406,6404,64,1830,96.17,77.05,73.77,20.77,0.55,97.27,0.0,84.15,100.0,89.62,50.82,49.18,0.0,97.81,79.23,35.52,8120,4.44,40.89,3.33,50.62,51.3,24.59,48.09
640407,6404,64,1360,99.26,88.24,65.44,0.0,0.0,100.0,0.0,44.12,100.0,96.32,47.79,57.35,0.0,100.0,87.5,52.21,5220,3.84,43.68,1.92,35.03,34.92,27.94,61.76
640408,6404,64,900,96.67,87.78,95.56,1.11,0.0,98.89,0.0,25.56,98.89,88.89,36.67,50.0,0.0,94.44,82.22,4.44,4400,4.89,45.91,2.27,13.03,0.96,21.11,76.67
640409,6404,64,2880,79.17,52.43,52.08,42.01,0.0,51.74,2.43,70.83,100.0,79.17,51.74,46.88,1.74,78.12,66.32,3.47,11950,4.15,40.59,1.0,80.14,64.75,12.85,11.81
640410,6404,64,2350,87.23,70.64,62.98,64.68,0.0,98.3,0.0,73.62,100.0,94.04,70.21,46.38,0.0,98.3,88.94,52.77,9830,4.18,40.69,1.63,59.52,53.36,20.0,36.17
640411,6404,64,1340,97.76,90.3,96.27,0.0,0.0,98.51,0.75,29.85,100.0,99.25,26.12,30.6,0.75,100.0,88.06,91.04,6790,5.07,49.04,1.33,19.08,9.94,69.4,70.15
640412,6404,64,3160,97.78,92.41,90.19,29.11,0.32,73.1,1.27,10.76,99.68,95.57,22.47,31.01,0.95,97.78,83.86,51.58,14460,4.58,46.82,2.01,43.04,22.31,23.42,59.18
640413,6404,64,1320,96.97,85.61,89.39,3.79,0.0,100.0,0.0,9.09,100.0,93.94,66.67,53.79,0.0,100.0,96.21,43.94,6000,4.55,42.83,1.67,38.48,51.11,14.39,53.79
640414,6404,64,4350,52.64,26.67,27.82,62.3,1.84,55.63,7.36,60.0,99.77,59.77,62.3,63.22,4.14,66.9,67.36,8.51,18600,4.28,39.03,2.8,75.31,74.54,26.21,22.07
640415,6404,64,1110,87.39,91.89,90.99,16.22,0.0,95.5,0.0,35.14,99.1,85.59,58.56,63.96,0.0,93.69,91.89,35.14,4550,4.1,42.86,1.54,43.46,20.95,16.22,49.55
640416,6404,64,2670,86.14,61.42,55.43,27.72,0.0,96.63,0.37,59.93,98.88,89.51,53.18,34.83,0.0,97.0,81.65,40.82,11530,4.32,42.24,2.17,60.36,72.66,25.47,35.58
640501,6405,64,5880,75.85,71.6,73.3,52.04,0.17,83.67,0.34,28.23,99.15,77.89,65.82,59.86,0.17,95.24,78.4,9.86,25820,4.39,43.03,2.44,54.86,46.75,20.24,45.58
640502,6405,64,3460,95.66,92.77,88.44,24.57,0.0,100.0,0.0,40.46,100.0,91.33,32.95,36.99,0.29,98.55,78.61,25.43,15250,4.41,42.95,2.95,27.82,17.02,17.63,63.58
640503,6405,64,2740,69.71,80.29,77.37,44.53,0.0,98.54,0.36,67.15,99.64,97.08,45.99,55.47,1.09,53.28,68.61,44.89,10530,3.84,43.68,1.8,44.18,29.53,31.75,52.55
640504,6405,64,7330,83.36,76.67,66.58,59.21,0.14,77.08,1.64,40.93,99.73,89.36,69.3,50.2,0.82,78.72,67.67,17.05,30860,4.21,40.67,2.82,61.44,64.72,23.6,35.47
640505,6405,64,13070,7.96,13.93,11.78,94.95,6.5,23.79,12.09,78.88,99.08,52.64,83.24,83.93,10.41,16.3,36.19,12.93,54500,4.17,34.31,2.95,93.66,88.28,28.16,5.2
640506,6405,64,3300,76.06,83.03,70.3,44.24,0.0,96.06,0.3,32.73,98.79,93.33,69.39,62.42,0.0,66.06,70.61,35.76,13230,4.01,36.96,1.51,63.91,42.9,13.94,34.24
