cc_rgph,commune_rgph,cd_rgph,district_rgph,region_rgph,cc_rsu,commune_rsu,cd_rsu,district_rsu,cr_rsu,region_rsu,cp_rsu,province_rsu,methode,justification
11101,1ER ARRONDISSEMENT,111,ANTANANARIVO RENIVOHITRA,ANALAMANGA,110701,CU ANTANANARIVO (Arr. I),1107,ANTANANARIVO_I,11,ANALAMANGA,1,Antananarivo,arrondissement,
11102,2E ARRONDISSEMENT,111,ANTANANARIVO RENIVOHITRA,ANALAMANGA,110801,CU ANTANANARIVO (Arr. II),1108,ANTANANARIVO_II,11,ANALAMANGA,1,Antananarivo,arrondissement,
11103,3E ARRONDISSEMENT,111,ANTANANARIVO RENIVOHITRA,ANALAMANGA,110901,CU ANTANANARIVO (ARR.III),1109,ANTANANARIVO_III,11,ANALAMANGA,1,Antananarivo,arrondissement,
11104,4E ARRONDISSEMENT,111,ANTANANARIVO RENIVOHITRA,ANALAMANGA,111001,CU ANTANANARIVO (Arr .IV),1110,ANTANANARIVO_IV,11,ANALAMANGA,1,Antananarivo,arrondissement,
11105,5E ARRONDISSEMENT,111,ANTANANARIVO RENIVOHITRA,ANALAMANGA,111101,CU ANTANANARIVO (Arr. V),1111,ANTANANARIVO_V,11,ANALAMANGA,1,Antananarivo,arrondissement,
11106,6E ARRONDISSEMENT,111,ANTANANARIVO RENIVOHITRA,ANALAMANGA,111201,CU ANTANANARIVO ( ARR . VI ),1112,ANTANANARIVO_VI,11,ANALAMANGA,1,Antananarivo,arrondissement,
11201,ANKAZOBE,112,ANKAZOBE,ANALAMANGA,110403,ANKAZOBE,1104,ANKAZOBE,11,ANALAMANGA,1,Antananarivo,exact/district,
11202,TALATA ANGAVO,112,ANKAZOBE,ANALAMANGA,110412,TALATA-ANGAVO,1104,ANKAZOBE,11,ANALAMANGA,1,Antananarivo,exact/district,
11203,AMBOHITROMBY,112,ANKAZOBE,ANALAMANGA,110401,AMBOHITROMBY,1104,ANKAZOBE,11,ANALAMANGA,1,Antananarivo,exact/district,
11204,ANTOTOHAZO,112,ANKAZOBE,ANALAMANGA,110405,ANTOTOHAZO,1104,ANKAZOBE,11,ANALAMANGA,1,Antananarivo,exact/district,
11205,MARONDRY,112,ANKAZOBE,ANALAMANGA,110410,MARONDRY,1104,ANKAZOBE,11,ANALAMANGA,1,Antananarivo,exact/district,
11206,FIHAONANA,112,ANKAZOBE,ANALAMANGA,110407,FIHAONANA,1104,ANKAZOBE,11,ANALAMANGA,1,Antananarivo,exact/district,
11207,MAHAVELONA,112,ANKAZOBE,ANALAMANGA,110409,MAHAVELONA,1104,ANKAZOBE,11,ANALAMANGA,1,Antananarivo,exact/district,
11208,FIADANANA,112,ANKAZOBE,ANALAMANGA,110406,FIADANANA,1104,ANKAZOBE,11,ANALAMANGA,1,Antananarivo,exact/district,
11209,TSARAMASOANDRO,112,ANKAZOBE,ANALAMANGA,110413,TSARAMASOANDRO,1104,ANKAZOBE,11,ANALAMANGA,1,Antananarivo,exact/district,
11210,AMBOLOTARAKELY,112,ANKAZOBE,ANALAMANGA,110402,AMBOLOTARAKELY,1104,ANKAZOBE,11,ANALAMANGA,1,Antananarivo,exact/district,
11211,ANTAKAVANA,112,ANKAZOBE,ANALAMANGA,110404,ANTAKAVANA,1104,ANKAZOBE,11,ANALAMANGA,1,Antananarivo,exact/district,
11212,KIANGARA,112,ANKAZOBE,ANALAMANGA,110408,KIANGARA,1104,ANKAZOBE,11,ANALAMANGA,1,Antananarivo,exact/district,
11213,MIANTSO,112,ANKAZOBE,ANALAMANGA,110411,MIANTSO,1104,ANKAZOBE,11,ANALAMANGA,1,Antananarivo,exact/district,
11214,ANDRANOMIELY SUD,112,ANKAZOBE,ANALAMANGA,110415,ANDRANOMIELY SUD,1104,ANKAZOBE,11,ANALAMANGA,1,Antananarivo,exact/district,
11215,MANGASOAVINA,112,ANKAZOBE,ANALAMANGA,110414,MANGASOAVINA,1104,ANKAZOBE,11,ANALAMANGA,1,Antananarivo,exact/district,
11301,ANJOZOROBE,113,ANJOZOROBE,ANALAMANGA,110311,ANJOZOROBE,1103,ANJOZOROBE,11,ANALAMANGA,1,Antananarivo,exact/district,
11302,MAROTSIPOY,113,ANJOZOROBE,ANALAMANGA,110317,MAROTSIPOY,1103,ANJOZOROBE,11,ANALAMANGA,1,Antananarivo,exact/district,
11303,ANDRANOMISA,113,ANJOZOROBE,ANALAMANGA,110319,ANDRANOMISA,1103,ANJOZOROBE,11,ANALAMANGA,1,Antananarivo,exact/district,
11304,AMPARATANJONA,113,ANJOZOROBE,ANALAMANGA,110308,AMPARATANJONA,1103,ANJOZOROBE,11,ANALAMANGA,1,Antananarivo,exact/district,
11305,AMBOASARY NORD,113,ANJOZOROBE,ANALAMANGA,110303,AMBOASARY,1103,ANJOZOROBE,11,ANALAMANGA,1,Antananarivo,variante2/district,
11306,AMBOHIBARY VOHILENA,113,ANJOZOROBE,ANALAMANGA,110304,AMBOHIBARY,1103,ANJOZOROBE,11,ANALAMANGA,1,Antananarivo,prefixe/district,
11307,AMBOHIMANARINA MAROVAZAHA,113,ANJOZOROBE,ANALAMANGA,110305,AMBOHIMANARINA MAROVAZAHA,1103,ANJOZOROBE,11,ANALAMANGA,1,Antananarivo,exact/district,
11308,BETATAO,113,ANJOZOROBE,ANALAMANGA,110315,BETATAO,1103,ANJOZOROBE,11,ANALAMANGA,1,Antananarivo,exact/district,
11309,AMBONGAMARINA,113,ANJOZOROBE,ANALAMANGA,110307,AMBONGAMARINA,1103,ANJOZOROBE,11,ANALAMANGA,1,Antananarivo,exact/district,
11310,AMBOHIMIRARY,113,ANJOZOROBE,ANALAMANGA,110306,AMBOHIMIRARY,1103,ANJOZOROBE,11,ANALAMANGA,1,Antananarivo,exact/district,
11311,AMBATOMANOINA,113,ANJOZOROBE,ANALAMANGA,110302,AMBATOMANOINA,1103,ANJOZOROBE,11,ANALAMANGA,1,Antananarivo,exact/district,
11312,BERONONO,113,ANJOZOROBE,ANALAMANGA,110314,BERONONO,1103,ANJOZOROBE,11,ANALAMANGA,1,Antananarivo,exact/district,
11313,ANDROVAKELY,113,ANJOZOROBE,ANALAMANGA,110310,ANDROVAKELY,1103,ANJOZOROBE,11,ANALAMANGA,1,Antananarivo,exact/district,
11314,ANTANETIBE,113,ANJOZOROBE,ANALAMANGA,110312,ANTANETIBE,1103,ANJOZOROBE,11,ANALAMANGA,1,Antananarivo,exact/district,
11315,BELANITRA,113,ANJOZOROBE,ANALAMANGA,110313,BELANITRA,1103,ANJOZOROBE,11,ANALAMANGA,1,Antananarivo,exact/district,
11316,ANALAROA,113,ANJOZOROBE,ANALAMANGA,110309,ANALAROA,1103,ANJOZOROBE,11,ANALAMANGA,1,Antananarivo,exact/district,
11317,MANGAMILA,113,ANJOZOROBE,ANALAMANGA,110316,MANGAMILA,1103,ANJOZOROBE,11,ANALAMANGA,1,Antananarivo,exact/district,
11318,ALAKAMISY,113,ANJOZOROBE,ANALAMANGA,110301,ALAKAMISY,1103,ANJOZOROBE,11,ANALAMANGA,1,Antananarivo,exact/district,
11319,TSARASAOTRA,113,ANJOZOROBE,ANALAMANGA,110318,TSARASAOTRA ANDANONA,1103,ANJOZOROBE,11,ANALAMANGA,1,Antananarivo,prefixe/district,
11401,AMBOHIDRATRIMO,114,AMBOHIDRATRIMO,ANALAMANGA,110103,AMBOHIDRATRIMO,1101,AMBOHIDRATRIMO,11,ANALAMANGA,1,Antananarivo,exact/district,
11402,AMBATO,114,AMBOHIDRATRIMO,ANALAMANGA,110101,AMBATO,1101,AMBOHIDRATRIMO,11,ANALAMANGA,1,Antananarivo,exact/district,
11403,MANJAKAVARADRANO,114,AMBOHIDRATRIMO,ANALAMANGA,110123,MANJAKAVARADRANO,1101,AMBOHIDRATRIMO,11,ANALAMANGA,1,Antananarivo,exact/district,
11404,MERIMANDROSO,114,AMBOHIDRATRIMO,ANALAMANGA,110124,MERIMANDROSO,1101,AMBOHIDRATRIMO,11,ANALAMANGA,1,Antananarivo,exact/district,
11405,AMBATOLAMPY,114,AMBOHIDRATRIMO,ANALAMANGA,110102,AMBATOLAMPY,1101,AMBOHIDRATRIMO,11,ANALAMANGA,1,Antananarivo,exact/district,
11406,TALATAMATY,114,AMBOHIDRATRIMO,ANALAMANGA,110125,TALATAMATY,1101,AMBOHIDRATRIMO,11,ANALAMANGA,1,Antananarivo,exact/district,
11407,IARINARIVO,114,AMBOHIDRATRIMO,ANALAMANGA,110116,IARINARIVO,1101,AMBOHIDRATRIMO,11,ANALAMANGA,1,Antananarivo,exact/district,
11408,AMBOHITRIMANJAKA,114,AMBOHIDRATRIMO,ANALAMANGA,110106,AMBOHITRIMANJAKA,1101,AMBOHIDRATRIMO,11,ANALAMANGA,1,Antananarivo,exact/district,
11409,AMPAGABE,114,AMBOHIDRATRIMO,ANALAMANGA,110107,AMPANGABE,1101,AMBOHIDRATRIMO,11,ANALAMANGA,1,Antananarivo,flou/district,
11410,FIADANANA,114,AMBOHIDRATRIMO,ANALAMANGA,110115,FIADANANA,1101,AMBOHIDRATRIMO,11,ANALAMANGA,1,Antananarivo,exact/district,
11411,MAHEREZA,114,AMBOHIDRATRIMO,ANALAMANGA,110120,MAHEREZA,1101,AMBOHIDRATRIMO,11,ANALAMANGA,1,Antananarivo,exact/district,
11412,ANOSIALA,114,AMBOHIDRATRIMO,ANALAMANGA,110110,ANOSIALA,1101,AMBOHIDRATRIMO,11,ANALAMANGA,1,Antananarivo,exact/district,
11413,MAHITSY,114,AMBOHIDRATRIMO,ANALAMANGA,110121,MAHITSY,1101,AMBOHIDRATRIMO,11,ANALAMANGA,1,Antananarivo,exact/district,
11414,AMPANOTOKANA,114,AMBOHIDRATRIMO,ANALAMANGA,110108,AMPANOTOKANA,1101,AMBOHIDRATRIMO,11,ANALAMANGA,1,Antananarivo,exact/district,
11415,MANANJARA,114,AMBOHIDRATRIMO,ANALAMANGA,110122,MANANJARA,1101,AMBOHIDRATRIMO,11,ANALAMANGA,1,Antananarivo,exact/district,
11416,AMBOHIMANJAKA,114,AMBOHIDRATRIMO,ANALAMANGA,110104,AMBOHIMANJAKA,1101,AMBOHIDRATRIMO,11,ANALAMANGA,1,Antananarivo,exact/district,
11417,ANTANETIBE,114,AMBOHIDRATRIMO,ANALAMANGA,110111,ANTANETIBE MAHAZAZA,1101,AMBOHIDRATRIMO,11,ANALAMANGA,1,Antananarivo,prefixe/district,
11418,MAHABO,114,AMBOHIDRATRIMO,ANALAMANGA,110119,MAHABO,1101,AMBOHIDRATRIMO,11,ANALAMANGA,1,Antananarivo,exact/district,
11419,ANJANADORIA,114,AMBOHIDRATRIMO,ANALAMANGA,110109,ANJANADORIA,1101,AMBOHIDRATRIMO,11,ANALAMANGA,1,Antananarivo,exact/district,
11420,AVARATSENA,114,AMBOHIDRATRIMO,ANALAMANGA,110114,AVARATSENA,1101,AMBOHIDRATRIMO,11,ANALAMANGA,1,Antananarivo,exact/district,
11421,AMBOHIPIHAONANA,114,AMBOHIDRATRIMO,ANALAMANGA,110105,AMBOHIMPIHAONANA,1101,AMBOHIDRATRIMO,11,ANALAMANGA,1,Antananarivo,flou/district,
11422,ANTSAHAFILO,114,AMBOHIDRATRIMO,ANALAMANGA,110113,ANTSAHAFILO,1101,AMBOHIDRATRIMO,11,ANALAMANGA,1,Antananarivo,exact/district,
11423,ANTEHIROKA,114,AMBOHIDRATRIMO,ANALAMANGA,110112,ANTEHIROKA,1101,AMBOHIDRATRIMO,11,ANALAMANGA,1,Antananarivo,exact/district,
11424,IVATO,114,AMBOHIDRATRIMO,ANALAMANGA,110118,IVATO,1101,AMBOHIDRATRIMO,11,ANALAMANGA,1,Antananarivo,exact/district,
11501,MANJAKANDRIANA,115,MANJAKANDRIANA,ANALAMANGA,111317,MANJAKANDRIANA,1113,MANJAKANDRIANA,11,ANALAMANGA,1,Antananarivo,exact/district,
11502,SADABE,115,MANJAKANDRIANA,ANALAMANGA,111323,SADABE,1113,MANJAKANDRIANA,11,ANALAMANGA,1,Antananarivo,exact/district,
11503,AMBOHITROLOMAHITSY,115,MANJAKANDRIANA,ANALAMANGA,111309,AMBOHITROLOMAHITSY,1113,MANJAKANDRIANA,11,ANALAMANGA,1,Antananarivo,exact/district,
11504,ANKAZONDADY,115,MANJAKANDRIANA,ANALAMANGA,111315,ANKAZODANDY,1113,MANJAKANDRIANA,11,ANALAMANGA,1,Antananarivo,flou/district,
11505,SOAVINANDRIANA,115,MANJAKANDRIANA,ANALAMANGA,111325,SOAVINANDRIANA,1113,MANJAKANDRIANA,11,ANALAMANGA,1,Antananarivo,exact/district,
11506,ANTSAHALALINA,115,MANJAKANDRIANA,ANALAMANGA,111316,ANTSAHALALINA,1113,MANJAKANDRIANA,11,ANALAMANGA,1,Antananarivo,exact/district,
11507,AMBOHITRONY,115,MANJAKANDRIANA,ANALAMANGA,111310,AMBOHITRONY,1113,MANJAKANDRIANA,11,ANALAMANGA,1,Antananarivo,exact/district,
11508,AMBOHIBAO SUD,115,MANJAKANDRIANA,ANALAMANGA,111306,AMBOHIBAO SUD,1113,MANJAKANDRIANA,11,ANALAMANGA,1,Antananarivo,exact/district,
11509,AMPANEVA,115,MANJAKANDRIANA,ANALAMANGA,111312,AMPANEVA,1113,MANJAKANDRIANA,11,ANALAMANGA,1,Antananarivo,exact/district,
11510,ANJOMA BETOHO,115,MANJAKANDRIANA,ANALAMANGA,111314,ANJOMA BETOHO,1113,MANJAKANDRIANA,11,ANALAMANGA,1,Antananarivo,exact/district,
11511,AMBATOMENA,115,MANJAKANDRIANA,ANALAMANGA,111305,AMBATOMENA,1113,MANJAKANDRIANA,11,ANALAMANGA,1,Antananarivo,exact/district,
11512,AMBOHITSEHENO,115,MANJAKANDRIANA,ANALAMANGA,111311,AMBOHITSEHENO,1113,MANJAKANDRIANA,11,ANALAMANGA,1,Antananarivo,exact/district,
11513,RANOVAO,115,MANJAKANDRIANA,ANALAMANGA,111322,RANOVAO,1113,MANJAKANDRIANA,11,ANALAMANGA,1,Antananarivo,exact/district,
11514,AMBOHIBARY,115,MANJAKANDRIANA,ANALAMANGA,111307,AMBOHIBARY,1113,MANJAKANDRIANA,11,ANALAMANGA,1,Antananarivo,exact/district,
11515,SAMBAINA,115,MANJAKANDRIANA,ANALAMANGA,111324,SAMBAINA,1113,MANJAKANDRIANA,11,ANALAMANGA,1,Antananarivo,exact/district,
11516,ANJEPY,115,MANJAKANDRIANA,ANALAMANGA,111313,ANJEPY,1113,MANJAKANDRIANA,11,ANALAMANGA,1,Antananarivo,exact/district,
11517,AMBANITSENA,115,MANJAKANDRIANA,ANALAMANGA,111302,AMBANITSENA,1113,MANJAKANDRIANA,11,ANALAMANGA,1,Antananarivo,exact/district,
11518,NANDIHIZANA,115,MANJAKANDRIANA,ANALAMANGA,111321,NANDIHIZANA CARION,1113,MANJAKANDRIANA,11,ANALAMANGA,1,Antananarivo,prefixe/district,
11519,ALAROBIA,115,MANJAKANDRIANA,ANALAMANGA,111301,ALAROBIA,1113,MANJAKANDRIANA,11,ANALAMANGA,1,Antananarivo,exact/district,
11520,AMBATOMANGA,115,MANJAKANDRIANA,ANALAMANGA,111304,AMBATOMANGA,1113,MANJAKANDRIANA,11,ANALAMANGA,1,Antananarivo,exact/district,
11521,AMBATOLAONA,115,MANJAKANDRIANA,ANALAMANGA,111303,AMBATOLOANA,1113,MANJAKANDRIANA,11,ANALAMANGA,1,Antananarivo,flou/district,
11522,MANTASOA,115,MANJAKANDRIANA,ANALAMANGA,111318,MANTASOA,1113,MANJAKANDRIANA,11,ANALAMANGA,1,Antananarivo,exact/district,
11523,MIADANANDRIANA,115,MANJAKANDRIANA,ANALAMANGA,111320,MIADANANDRIANA,1113,MANJAKANDRIANA,11,ANALAMANGA,1,Antananarivo,exact/district,
11524,AMBOHITRANDRIAMANITRA,115,MANJAKANDRIANA,ANALAMANGA,111308,AMBOHITRANDRIAMANITRA,1113,MANJAKANDRIANA,11,ANALAMANGA,1,Antananarivo,exact/district,
11525,MERIKANJAKA,115,MANJAKANDRIANA,ANALAMANGA,111319,MERIKANJAKA,1113,MANJAKANDRIANA,11,ANALAMANGA,1,Antananarivo,exact/district,
11601,SABOTSY NAMEHANA,116,ANTANANARIVO AVARADRANO,ANALAMANGA,110612,SABOTSY NAMEHANA,1106,ANTANANARIVO AVARADRANO,11,ANALAMANGA,1,Antananarivo,exact/district,
11602,TALATA VOLONONDRY,116,ANTANANARIVO AVARADRANO,ANALAMANGA,110613,TALATA VOLONONDRY,1106,ANTANANARIVO AVARADRANO,11,ANALAMANGA,1,Antananarivo,exact/district,
11603,AMBOHIDRABIBY,116,ANTANANARIVO AVARADRANO,ANALAMANGA,110616,AMBOHITRABIBY,1106,ANTANANARIVO AVARADRANO,11,ANALAMANGA,1,Antananarivo,flou/district,
11604,AMBOHIMANGA ROVA,116,ANTANANARIVO AVARADRANO,ANALAMANGA,110604,AMBOHIMANGA ROVA,1106,ANTANANARIVO AVARADRANO,11,ANALAMANGA,1,Antananarivo,exact/district,
11605,MANANDRIANA,116,ANTANANARIVO AVARADRANO,ANALAMANGA,110610,MANANDRIANA,1106,ANTANANARIVO AVARADRANO,11,ANALAMANGA,1,Antananarivo,exact/district,
11606,VILIAHAZO,116,ANTANANARIVO AVARADRANO,ANALAMANGA,110614,VILIAHAZO,1106,ANTANANARIVO AVARADRANO,11,ANALAMANGA,1,Antananarivo,exact/district,
11607,FIAFERANA,116,ANTANANARIVO AVARADRANO,ANALAMANGA,110609,FIEFERANA,1106,ANTANANARIVO AVARADRANO,11,ANALAMANGA,1,Antananarivo,flou/district,
11608,ANOSY AVARATRA,116,ANTANANARIVO AVARADRANO,ANALAMANGA,110615,ANOSY AVARATRA,1106,ANTANANARIVO AVARADRANO,11,ANALAMANGA,1,Antananarivo,exact/district,
11609,ANKADIKELY ILAFY,116,ANTANANARIVO AVARADRANO,ANALAMANGA,110607,ANKADIKELY ILAFY,1106,ANTANANARIVO AVARADRANO,11,ANALAMANGA,1,Antananarivo,exact/district,
11610,AMBOHIMANGAKELY,116,ANTANANARIVO AVARADRANO,ANALAMANGA,110605,AMBOHIMANGAKELY,1106,ANTANANARIVO AVARADRANO,11,ANALAMANGA,1,Antananarivo,exact/district,
11611,AMBOHIMANAMBOLA,116,ANTANANARIVO AVARADRANO,ANALAMANGA,110603,AMBOHIMANAMBOLA,1106,ANTANANARIVO AVARADRANO,11,ANALAMANGA,1,Antananarivo,exact/district,
11612,AMBOHIMALAZA MIRAY,116,ANTANANARIVO AVARADRANO,ANALAMANGA,110602,AMBOHIMALAZA MIRAY,1106,ANTANANARIVO AVARADRANO,11,ANALAMANGA,1,Antananarivo,exact/district,
11613,ALASORA,116,ANTANANARIVO AVARADRANO,ANALAMANGA,110601,ALASORA,1106,ANTANANARIVO AVARADRANO,11,ANALAMANGA,1,Antananarivo,exact/district,
11614,MASINDRAY,116,ANTANANARIVO AVARADRANO,ANALAMANGA,110611,MASINDRAY,1106,ANTANANARIVO AVARADRANO,11,ANALAMANGA,1,Antananarivo,exact/district,
11615,ANJEVA GARA,116,ANTANANARIVO AVARADRANO,ANALAMANGA,110606,ANJEVA GARA,1106,ANTANANARIVO AVARADRANO,11,ANALAMANGA,1,Antananarivo,exact/district,
11616,ANKADINANDRIANA,116,ANTANANARIVO AVARADRANO,ANALAMANGA,110608,ANKADINANDRIANA,1106,ANTANANARIVO AVARADRANO,11,ANALAMANGA,1,Antananarivo,exact/district,
11701,BEMASOANDRO,117,ANTANANARIVO ATSIMONDRANO,ANALAMANGA,110518,BEMASOANDRO,1105,ANTANANARIVO-ATSIMONDRANO,11,ANALAMANGA,1,Antananarivo,exact/district,
11702,FIOMBONANA,117,ANTANANARIVO ATSIMONDRANO,ANALAMANGA,110521,FIOMBONANA,1105,ANTANANARIVO-ATSIMONDRANO,11,ANALAMANGA,1,Antananarivo,exact/district,
11703,ANKADIMANGA,117,ANTANANARIVO ATSIMONDRANO,ANALAMANGA,110514,ANKADIMANGA,1105,ANTANANARIVO-ATSIMONDRANO,11,ANALAMANGA,1,Antananarivo,exact/district,
11704,AMBOHIDRAPETO,117,ANTANANARIVO ATSIMONDRANO,ANALAMANGA,110506,AMBOHIDRAPETO,1105,ANTANANARIVO-ATSIMONDRANO,11,ANALAMANGA,1,Antananarivo,exact/district,
11705,ANDRANONAHOATRA,117,ANTANANARIVO ATSIMONDRANO,ANALAMANGA,110512,ANDRANONAHOATRA,1105,ANTANANARIVO-ATSIMONDRANO,11,ANALAMANGA,1,Antananarivo,exact/district,
11706,ITAOSY,117,ANTANANARIVO ATSIMONDRANO,ANALAMANGA,110522,ITAOSY,1105,ANTANANARIVO-ATSIMONDRANO,11,ANALAMANGA,1,Antananarivo,exact/district,
11707,AMBAVAHADITOKANA,117,ANTANANARIVO ATSIMONDRANO,ANALAMANGA,110505,AMBAVAHADITOKANA,1105,ANTANANARIVO-ATSIMONDRANO,11,ANALAMANGA,1,Antananarivo,exact/district,
11708,FENOARIVO,117,ANTANANARIVO ATSIMONDRANO,ANALAMANGA,110520,FENOARIVO,1105,ANTANANARIVO-ATSIMONDRANO,11,ANALAMANGA,1,Antananarivo,exact/district,
11709,ALAKAMISY FENOARIVO,117,ANTANANARIVO ATSIMONDRANO,ANALAMANGA,110501,ALAKAMISY FENOARIVO,1105,ANTANANARIVO-ATSIMONDRANO,11,ANALAMANGA,1,Antananarivo,exact/district,
11710,AMPITATAFIKA,117,ANTANANARIVO ATSIMONDRANO,ANALAMANGA,110510,AMPITATAFIKA,1105,ANTANANARIVO-ATSIMONDRANO,11,ANALAMANGA,1,Antananarivo,exact/district,
11711,ANOSIZATO ANDREFANA,117,ANTANANARIVO ATSIMONDRANO,ANALAMANGA,110516,ANOSIZATO ANDREFANA,1105,ANTANANARIVO-ATSIMONDRANO,11,ANALAMANGA,1,Antananarivo,exact/district,
11712,SOAVINA,117,ANTANANARIVO ATSIMONDRANO,ANALAMANGA,110524,SOAVINA,1105,ANTANANARIVO-ATSIMONDRANO,11,ANALAMANGA,1,Antananarivo,exact/district,
11713,TANJOMBATO,117,ANTANANARIVO ATSIMONDRANO,ANALAMANGA,110525,TANJOMBATO,1105,ANTANANARIVO-ATSIMONDRANO,11,ANALAMANGA,1,Antananarivo,exact/district,
11714,ANKARAOBATO,117,ANTANANARIVO ATSIMONDRANO,ANALAMANGA,110515,ANKARAOBATO,1105,ANTANANARIVO-ATSIMONDRANO,11,ANALAMANGA,1,Antananarivo,exact/district,
11715,ANDOHARANOFOTSY,117,ANTANANARIVO ATSIMONDRANO,ANALAMANGA,110511,ANDOHARANOFOTSY,1105,ANTANANARIVO-ATSIMONDRANO,11,ANALAMANGA,1,Antananarivo,exact/district,
11716,AMPANEFY,117,ANTANANARIVO ATSIMONDRANO,ANALAMANGA,110509,AMPANEFY,1105,ANTANANARIVO-ATSIMONDRANO,11,ANALAMANGA,1,Antananarivo,exact/district,
11717,ALATSINAINY AMBAZAHA,117,ANTANANARIVO ATSIMONDRANO,ANALAMANGA,110502,ALATSINAINY AMBAZAHA,1105,ANTANANARIVO-ATSIMONDRANO,11,ANALAMANGA,1,Antananarivo,exact/district,
11718,ANDROHIBE ANTSAHADINTA,117,ANTANANARIVO ATSIMONDRANO,ANALAMANGA,110513,ANDROHIBE,1105,ANTANANARIVO-ATSIMONDRANO,11,ANALAMANGA,1,Antananarivo,prefixe/district,
11719,SOALANDY,117,ANTANANARIVO ATSIMONDRANO,ANALAMANGA,110523,SOALANDY,1105,ANTANANARIVO-ATSIMONDRANO,11,ANALAMANGA,1,Antananarivo,exact/district,
11720,AMPAHITROSY,117,ANTANANARIVO ATSIMONDRANO,ANALAMANGA,110508,AMPAHITROSY,1105,ANTANANARIVO-ATSIMONDRANO,11,ANALAMANGA,1,Antananarivo,exact/district,
11721,BONGATSARA,117,ANTANANARIVO ATSIMONDRANO,ANALAMANGA,110519,BONGATSARA,1105,ANTANANARIVO-ATSIMONDRANO,11,ANALAMANGA,1,Antananarivo,exact/district,
11722,AMBOHIJANAKA,117,ANTANANARIVO ATSIMONDRANO,ANALAMANGA,110507,AMBOHIJANAKA,1105,ANTANANARIVO-ATSIMONDRANO,11,ANALAMANGA,1,Antananarivo,exact/district,
11723,TSIAFAHY,117,ANTANANARIVO ATSIMONDRANO,ANALAMANGA,110526,TSIAFAHY,1105,ANTANANARIVO-ATSIMONDRANO,11,ANALAMANGA,1,Antananarivo,exact/district,
11724,ANTANETIKELY,117,ANTANANARIVO ATSIMONDRANO,ANALAMANGA,110517,ANTANETIKELY,1105,ANTANANARIVO-ATSIMONDRANO,11,ANALAMANGA,1,Antananarivo,exact/district,
11725,AMBALAVAO,117,ANTANANARIVO ATSIMONDRANO,ANALAMANGA,110503,AMBALAVAO,1105,ANTANANARIVO-ATSIMONDRANO,11,ANALAMANGA,1,Antananarivo,exact/district,
11726,AMBATOFAHAVALO,117,ANTANANARIVO ATSIMONDRANO,ANALAMANGA,110504,AMBATOFAHAVALO,1105,ANTANANARIVO-ATSIMONDRANO,11,ANALAMANGA,1,Antananarivo,exact/district,
11801,ANDRAMASINA,118,ANDRAMASINA,ANALAMANGA,110205,ANDRAMASINA,1102,ANDRAMASINA,11,ANALAMANGA,1,Antananarivo,exact/district,
11802,AMBOHIMIADANA,118,ANDRAMASINA,ANALAMANGA,110203,AMBOHIMIADANA,1102,ANDRAMASINA,11,ANALAMANGA,1,Antananarivo,exact/district,
11803,ANDOHARIANA,118,ANDRAMASINA,ANALAMANGA,110204,ANDOHARIANA,1102,ANDRAMASINA,11,ANALAMANGA,1,Antananarivo,exact/district,
11804,ANTOTOHAZO,118,ANDRAMASINA,ANALAMANGA,110207,ANTOTOHAZO,1102,ANDRAMASINA,11,ANALAMANGA,1,Antananarivo,exact/district,
11805,ALATSINAINY BAKARO,118,ANDRAMASINA,ANALAMANGA,110202,ALATSINAINY BAKARO,1102,ANDRAMASINA,11,ANALAMANGA,1,Antananarivo,exact/district,
11806,ANOSIBE TRIMOLOHARANO,118,ANDRAMASINA,ANALAMANGA,110206,ANOSIBE TRIMOLOHARANO,1102,ANDRAMASINA,11,ANALAMANGA,1,Antananarivo,exact/district,
11807,FITSINJOVANA BAKARO,118,ANDRAMASINA,ANALAMANGA,110208,FITSINJOVANA BAKARO,1102,ANDRAMASINA,11,ANALAMANGA,1,Antananarivo,exact/district,
11808,MANDROSOA,118,ANDRAMASINA,ANALAMANGA,110209,MANDROSOA,1102,ANDRAMASINA,11,ANALAMANGA,1,Antananarivo,exact/district,
11809,SABOTSY AMBOHITROMBY,118,ANDRAMASINA,ANALAMANGA,110210,SABOTSY AMBOHITROMBY,1102,ANDRAMASINA,11,ANALAMANGA,1,Antananarivo,exact/district,
11810,SABOTSY MANJAKAVAHOAKA,118,ANDRAMASINA,ANALAMANGA,110211,SABOTSY MANJAKAVAHOAKA,1102,ANDRAMASINA,11,ANALAMANGA,1,Antananarivo,exact/district,
11811,TANKAFATRA,118,ANDRAMASINA,ANALAMANGA,110212,TANKAFATRA,1102,ANDRAMASINA,11,ANALAMANGA,1,Antananarivo,exact/district,
11812,ANJOMA FALIARIVO,118,ANDRAMASINA,ANALAMANGA,110213,ANJOMA FALIARIVO,1102,ANDRAMASINA,11,ANALAMANGA,1,Antananarivo,exact/district,
11813,MORARANOSOAFIRAISANA,118,ANDRAMASINA,ANALAMANGA,110214,MORARANO SOAFIRAISANA,1102,ANDRAMASINA,11,ANALAMANGA,1,Antananarivo,exact/district,
11814,ALAROBIA VATOSOLA,118,ANDRAMASINA,ANALAMANGA,110201,ALAROBIA VATOSOLA,1102,ANDRAMASINA,11,ANALAMANGA,1,Antananarivo,exact/district,
12101,MANODIDINA NY GARA AMBILOMBE,121,ANTSIRABE I,VAKINANKARATRA,140301,ANTSIRABE,1403,ANTSIRABE I,14,VAKINANKARATRA,1,Antananarivo,fusion_urbaine,
12102,MAHAZOARIVO AVARABOHITRA,121,ANTSIRABE I,VAKINANKARATRA,140301,ANTSIRABE,1403,ANTSIRABE I,14,VAKINANKARATRA,1,Antananarivo,fusion_urbaine,
12103,SOAMALAZA MAHATSINJO,121,ANTSIRABE I,VAKINANKARATRA,140301,ANTSIRABE,1403,ANTSIRABE I,14,VAKINANKARATRA,1,Antananarivo,fusion_urbaine,
12104,ANTSENAKELY ANDRAIKIBA,121,ANTSIRABE I,VAKINANKARATRA,140301,ANTSIRABE,1403,ANTSIRABE I,14,VAKINANKARATRA,1,Antananarivo,fusion_urbaine,
12105,AMPATANA MANDRAINKENIHENY,121,ANTSIRABE I,VAKINANKARATRA,140301,ANTSIRABE,1403,ANTSIRABE I,14,VAKINANKARATRA,1,Antananarivo,fusion_urbaine,
12106,ANTSIRABE AFOVOANY ATSINANANA AMBOHIMANARIVO,121,ANTSIRABE I,VAKINANKARATRA,140301,ANTSIRABE,1403,ANTSIRABE I,14,VAKINANKARATRA,1,Antananarivo,prefixe/district,
12201,AMBATOLAMPY,122,AMBATOLAMPY,VAKINANKARATRA,140101,AMBATOLAMPY,1401,AMBATOLAMPY,14,VAKINANKARATRA,1,Antananarivo,exact/district,
12202,BEHENJY,122,AMBATOLAMPY,VAKINANKARATRA,140112,BEHENJY,1401,AMBATOLAMPY,14,VAKINANKARATRA,1,Antananarivo,exact/district,
12203,SABOTSY NAMATOANA,122,AMBATOLAMPY,VAKINANKARATRA,140116,SABOTSY NAMATOANA,1401,AMBATOLAMPY,14,VAKINANKARATRA,1,Antananarivo,exact/district,
12204,MANJAKATOMPO,122,AMBATOLAMPY,VAKINANKARATRA,140114,MANJAKATOMPO,1401,AMBATOLAMPY,14,VAKINANKARATRA,1,Antananarivo,exact/district,
12205,ANDRIAMBILANY,122,AMBATOLAMPY,VAKINANKARATRA,140107,ANDRIAMBILANY,1401,AMBATOLAMPY,14,VAKINANKARATRA,1,Antananarivo,exact/district,
12206,BELAMBO FIRAISANA,122,AMBATOLAMPY,VAKINANKARATRA,140113,BELAMBO FIRAISANA,1401,AMBATOLAMPY,14,VAKINANKARATRA,1,Antananarivo,exact/district,
12207,ANDRIATSIVALANA,122,AMBATOLAMPY,VAKINANKARATRA,140119,ANDRIANTSIVALANA,1401,AMBATOLAMPY,14,VAKINANKARATRA,1,Antananarivo,flou/district,
12208,TSIAFAJAVONA ANKARATRA,122,AMBATOLAMPY,VAKINANKARATRA,140117,TSIAFAJAVONA ANKARATRA,1401,AMBATOLAMPY,14,VAKINANKARATRA,1,Antananarivo,exact/district,
12209,ANDRAVOLA VOHIPENO,122,AMBATOLAMPY,VAKINANKARATRA,140106,ANDRAVOLA VOHIPENO,1401,AMBATOLAMPY,14,VAKINANKARATRA,1,Antananarivo,exact/district,
12210,AMBOHIPIHAONANA,122,AMBATOLAMPY,VAKINANKARATRA,140104,AMBOHIMPIHAONANA,1401,AMBATOLAMPY,14,VAKINANKARATRA,1,Antananarivo,flou/district,
12211,MORARANO,122,AMBATOLAMPY,VAKINANKARATRA,140115,MORARANO,1401,AMBATOLAMPY,14,VAKINANKARATRA,1,Antananarivo,exact/district,
12212,ANTANIMASAKA,122,AMBATOLAMPY,VAKINANKARATRA,140110,ANTANIMASAKA,1401,AMBATOLAMPY,14,VAKINANKARATRA,1,Antananarivo,exact/district,
12213,ANTANAMALAZA,122,AMBATOLAMPY,VAKINANKARATRA,140109,ANTANAMALAZA,1401,AMBATOLAMPY,14,VAKINANKARATRA,1,Antananarivo,exact/district,
12214,AMBODIFARIHY FENOMANANA,122,AMBATOLAMPY,VAKINANKARATRA,140103,AMBODIFARIHY,1401,AMBATOLAMPY,14,VAKINANKARATRA,1,Antananarivo,prefixe/district,
12215,AMBATONDRAKALAVAO,122,AMBATOLAMPY,VAKINANKARATRA,140102,AMBATONDRAKALAVAO,1401,AMBATOLAMPY,14,VAKINANKARATRA,1,Antananarivo,exact/district,
12216,ANTSAMPANDRANO,122,AMBATOLAMPY,VAKINANKARATRA,140111,ANTSAMPANDRANO,1401,AMBATOLAMPY,14,VAKINANKARATRA,1,Antananarivo,exact/district,
12217,ANTAKASINA,122,AMBATOLAMPY,VAKINANKARATRA,140108,ANTAKASINA,1401,AMBATOLAMPY,14,VAKINANKARATRA,1,Antananarivo,exact/district,
12218,ANDRANOVELONA,122,AMBATOLAMPY,VAKINANKARATRA,140105,ANDRANOVELONA,1401,AMBATOLAMPY,14,VAKINANKARATRA,1,Antananarivo,exact/district,
12219,TSINJOARIVO,122,AMBATOLAMPY,VAKINANKARATRA,140118,TSINJOARIVO,1401,AMBATOLAMPY,14,VAKINANKARATRA,1,Antananarivo,exact/district,
12301,FARATSIHO,123,FARATSIHO,VAKINANKARATRA,140604,FARATSIHO,1406,FARATSIHO,14,VAKINANKARATRA,1,Antananarivo,exact/district,
12302,ANDRANOMIADY,123,FARATSIHO,VAKINANKARATRA,140602,ANDRANOMIADY,1406,FARATSIHO,14,VAKINANKARATRA,1,Antananarivo,exact/district,
12303,RAMAINANDRO,123,FARATSIHO,VAKINANKARATRA,140606,RAMAINANDRO,1406,FARATSIHO,14,VAKINANKARATRA,1,Antananarivo,exact/district,
12304,AMBOHIBORONA,123,FARATSIHO,VAKINANKARATRA,140601,AMBOHIBORONA,1406,FARATSIHO,14,VAKINANKARATRA,1,Antananarivo,exact/district,
12305,ANTSAMPANIMAHAZO,123,FARATSIHO,VAKINANKARATRA,140603,ANTSAMPANIMAHAZO,1406,FARATSIHO,14,VAKINANKARATRA,1,Antananarivo,exact/district,
12306,FARAVOHITRA,123,FARATSIHO,VAKINANKARATRA,140608,FARAVOHITRA,1406,FARATSIHO,14,VAKINANKARATRA,1,Antananarivo,exact/district,
12307,VALABETOKANA,123,FARATSIHO,VAKINANKARATRA,140607,VALABETOKANA,1406,FARATSIHO,14,VAKINANKARATRA,1,Antananarivo,exact/district,
12308,MIANDRARIVO,123,FARATSIHO,VAKINANKARATRA,140605,MIANDRARIVO,1406,FARATSIHO,14,VAKINANKARATRA,1,Antananarivo,exact/district,
12309,VINANINONY ATSIMO,123,FARATSIHO,VAKINANKARATRA,140609,VINANINONY SUD,1406,FARATSIHO,14,VAKINANKARATRA,1,Antananarivo,variante/district,
12401,MANDOTO,124,MANDOTO,VAKINANKARATRA,140701,MANDOTO,1407,MANDOTO,14,VAKINANKARATRA,1,Antananarivo,exact/district,
12402,ANJOMA RAMARTINA,124,MANDOTO,VAKINANKARATRA,140707,ANJOMA RAMARTINA,1407,MANDOTO,14,VAKINANKARATRA,1,Antananarivo,exact/district,
12403,ANTANAMBAO AMBARY,124,MANDOTO,VAKINANKARATRA,140703,ANTANAMBAO AMBARY,1407,MANDOTO,14,VAKINANKARATRA,1,Antananarivo,exact/district,
12404,BETSOHANA,124,MANDOTO,VAKINANKARATRA,140704,BETSOHANA,1407,MANDOTO,14,VAKINANKARATRA,1,Antananarivo,exact/district,
12405,VINANY,124,MANDOTO,VAKINANKARATRA,140706,VINANY,1407,MANDOTO,14,VAKINANKARATRA,1,Antananarivo,exact/district,
12406,FIDIRANA,124,MANDOTO,VAKINANKARATRA,140708,FIDIRANA,1407,MANDOTO,14,VAKINANKARATRA,1,Antananarivo,exact/district,
12407,ANKAZOMIRIOTRA,124,MANDOTO,VAKINANKARATRA,140705,ANKAZOMIRIOTRA,1407,MANDOTO,14,VAKINANKARATRA,1,Antananarivo,exact/district,
12408,MAROMANDRAY,124,MANDOTO,VAKINANKARATRA,140709,MAROMANDRAY,1407,MANDOTO,14,VAKINANKARATRA,1,Antananarivo,exact/district,
12409,VASIANA,124,MANDOTO,VAKINANKARATRA,140702,VASIANA,1407,MANDOTO,14,VAKINANKARATRA,1,Antananarivo,exact/district,
12501,ANTANIFOTSY,125,ANTANIFOTSY,VAKINANKARATRA,140209,ANTANIFOTSY,1402,ANTANIFOTSY,14,VAKINANKARATRA,1,Antananarivo,exact/district,
12502,AMBATOTSIPIHINA,125,ANTANIFOTSY,VAKINANKARATRA,140203,AMBATOTSIPIHANA,1402,ANTANIFOTSY,14,VAKINANKARATRA,1,Antananarivo,flou/district,
12503,AMPITATAFIKA,125,ANTANIFOTSY,VAKINANKARATRA,140207,AMPITATAFIKA,1402,ANTANIFOTSY,14,VAKINANKARATRA,1,Antananarivo,exact/district,
12504,AMBOHIMANDROSO,125,ANTANIFOTSY,VAKINANKARATRA,140205,AMBOHIMANDROSO,1402,ANTANIFOTSY,14,VAKINANKARATRA,1,Antananarivo,exact/district,
12505,ANTSAHALAVA,125,ANTANIFOTSY,VAKINANKARATRA,140210,ANTSAHALAVA,1402,ANTANIFOTSY,14,VAKINANKARATRA,1,Antananarivo,exact/district,
12506,AMBODIRIANA,125,ANTANIFOTSY,VAKINANKARATRA,140204,AMBODIRIANA,1402,ANTANIFOTSY,14,VAKINANKARATRA,1,Antananarivo,exact/district,
12507,AMBATOMIADY,125,ANTANIFOTSY,VAKINANKARATRA,140202,AMBATOMIADY,1402,ANTANIFOTSY,14,VAKINANKARATRA,1,Antananarivo,exact/district,
12508,SOAMANANDRARINY,125,ANTANIFOTSY,VAKINANKARATRA,140214,SOAMANANDRARINY,1402,ANTANIFOTSY,14,VAKINANKARATRA,1,Antananarivo,exact/district,
12509,AMBATOLAHY,125,ANTANIFOTSY,VAKINANKARATRA,140201,AMBATOLAHY,1402,ANTANIFOTSY,14,VAKINANKARATRA,1,Antananarivo,exact/district,
12510,ANDRANOFITO,125,ANTANIFOTSY,VAKINANKARATRA,140208,ANDRANOFITO,1402,ANTANIFOTSY,14,VAKINANKARATRA,1,Antananarivo,exact/district,
12511,AMBOHITOMPOINA,125,ANTANIFOTSY,VAKINANKARATRA,140206,AMBOHITOMPOINA,1402,ANTANIFOTSY,14,VAKINANKARATRA,1,Antananarivo,exact/district,
12512,BELANITRA,125,ANTANIFOTSY,VAKINANKARATRA,140212,BELANITRA,1402,ANTANIFOTSY,14,VAKINANKARATRA,1,Antananarivo,exact/district,
12513,ANJAMANGA,125,ANTANIFOTSY,VAKINANKARATRA,140213,ANJAMANGA,1402,ANTANIFOTSY,14,VAKINANKARATRA,1,Antananarivo,exact/district,
12514,ANTSAMPANDRANO,125,ANTANIFOTSY,VAKINANKARATRA,140211,ANTSAMPANDRANO,1402,ANTANIFOTSY,14,VAKINANKARATRA,1,Antananarivo,exact/district,
12601,BETAFO,126,BETAFO,VAKINANKARATRA,140515,BETAFO,1405,BETAFO,14,VAKINANKARATRA,1,Antananarivo,exact/district,
12602,AMBATONIKOLAHY,126,BETAFO,VAKINANKARATRA,140504,AMBATONIKOLAHY,1405,BETAFO,14,VAKINANKARATRA,1,Antananarivo,exact/district,
12603,AMBOHIMASINA,126,BETAFO,VAKINANKARATRA,140506,AMBOHIMASINA,1405,BETAFO,14,VAKINANKARATRA,1,Antananarivo,exact/district,
12604,MANOHISOA,126,BETAFO,VAKINANKARATRA,140509,MANOHISOA,1405,BETAFO,14,VAKINANKARATRA,1,Antananarivo,exact/district,
12605,ANTSOSO,126,BETAFO,VAKINANKARATRA,140514,ANTSOSO,1405,BETAFO,14,VAKINANKARATRA,1,Antananarivo,exact/district,
12606,MANDRITSARA,126,BETAFO,VAKINANKARATRA,140510,MANDRITSARA,1405,BETAFO,14,VAKINANKARATRA,1,Antananarivo,exact/district,
12607,SOAVINA,126,BETAFO,VAKINANKARATRA,140512,SOAVINA,1405,BETAFO,14,VAKINANKARATRA,1,Antananarivo,exact/district,
12608,ANTOHOBE,126,BETAFO,VAKINANKARATRA,140513,ANTOHOBE,1405,BETAFO,14,VAKINANKARATRA,1,Antananarivo,exact/district,
12609,INANANTONANA,126,BETAFO,VAKINANKARATRA,140518,INANANTONANA,1405,BETAFO,14,VAKINANKARATRA,1,Antananarivo,exact/district,
12610,AMBOHIMANAMBOLA,126,BETAFO,VAKINANKARATRA,140505,AMBOHIMANAMBOLA,1405,BETAFO,14,VAKINANKARATRA,1,Antananarivo,exact/district,
12611,ANDRANOMAFANA,126,BETAFO,VAKINANKARATRA,140507,ANDRANOMAFANA,1405,BETAFO,14,VAKINANKARATRA,1,Antananarivo,exact/district,
12612,ALAKAMISY ANATIVATO,126,BETAFO,VAKINANKARATRA,140501,ALAKAMISY ANATIVATO,1405,BETAFO,14,VAKINANKARATRA,1,Antananarivo,exact/district,
12613,MAHAIZA,126,BETAFO,VAKINANKARATRA,140517,MAHAIZA,1405,BETAFO,14,VAKINANKARATRA,1,Antananarivo,exact/district,
12614,TRITRIVA,126,BETAFO,VAKINANKARATRA,140516,TRITRIVA,1405,BETAFO,14,VAKINANKARATRA,1,Antananarivo,exact/district,
12615,ALAKAMISY MAROSOSONA,126,BETAFO,VAKINANKARATRA,140502,ALAKAMISY MAROSOSONA,1405,BETAFO,14,VAKINANKARATRA,1,Antananarivo,exact/district,
12616,ALAROBIA BEMAHA,126,BETAFO,VAKINANKARATRA,140503,ALAROBIA BEMAHA,1405,BETAFO,14,VAKINANKARATRA,1,Antananarivo,exact/district,
12617,ANOSIARIVO MANAPA,126,BETAFO,VAKINANKARATRA,140511,ANOSIARIVO MANAPA,1405,BETAFO,14,VAKINANKARATRA,1,Antananarivo,exact/district,
12618,ANDREMBESOA,126,BETAFO,VAKINANKARATRA,140508,ANDREMBESOA,1405,BETAFO,14,VAKINANKARATRA,1,Antananarivo,exact/district,
12701,ANDRANOMANELATRA,127,ANTSIRABE II,VAKINANKARATRA,140409,ANDRANOMANELATRA,1404,ANTSIRABE II,14,VAKINANKARATRA,1,Antananarivo,exact/district,
12702,MANDROSOHASINA,127,ANTSIRABE II,VAKINANKARATRA,140415,MANDROSOHASINA,1404,ANTSIRABE II,14,VAKINANKARATRA,1,Antananarivo,exact/district,
12703,AMBOHIBARY,127,ANTSIRABE II,VAKINANKARATRA,140405,AMBOHIBARY,1404,ANTSIRABE II,14,VAKINANKARATRA,1,Antananarivo,exact/district,
12704,ANTSOATANY,127,ANTSIRABE II,VAKINANKARATRA,140412,ANTSOANTANY,1404,ANTSIRABE II,14,VAKINANKARATRA,1,Antananarivo,flou/district,
12705,AMBANO,127,ANTSIRABE II,VAKINANKARATRA,140403,AMBANO,1404,ANTSIRABE II,14,VAKINANKARATRA,1,Antananarivo,exact/district,
12706,ALAKAMISY,127,ANTSIRABE II,VAKINANKARATRA,140401,ALAKAMISY,1404,ANTSIRABE II,14,VAKINANKARATRA,1,Antananarivo,exact/district,
12707,ANTANIMANDRY,127,ANTSIRABE II,VAKINANKARATRA,140411,ANTANIMANDRY,1404,ANTSIRABE II,14,VAKINANKARATRA,1,Antananarivo,exact/district,
12708,BELAZAO,127,ANTSIRABE II,VAKINANKARATRA,140413,BELAZAO,1404,ANTSIRABE II,14,VAKINANKARATRA,1,Antananarivo,exact/district,
12709,MANGARANO,127,ANTSIRABE II,VAKINANKARATRA,140416,MANGARANO,1404,ANTSIRABE II,14,VAKINANKARATRA,1,Antananarivo,exact/district,
12710,VINANINKARENA,127,ANTSIRABE II,VAKINANKARATRA,140420,VINANINKARENA,1404,ANTSIRABE II,14,VAKINANKARATRA,1,Antananarivo,exact/district,
12711,AMBOHITSIMANOVA,127,ANTSIRABE II,VAKINANKARATRA,140408,AMBOHITSIMANOVA,1404,ANTSIRABE II,14,VAKINANKARATRA,1,Antananarivo,exact/district,
12712,AMBOHIDRANANDRIANA,127,ANTSIRABE II,VAKINANKARATRA,140406,AMBOHIDRANANDRIANA,1404,ANTSIRABE II,14,VAKINANKARATRA,1,Antananarivo,exact/district,
12713,AMBOHIMIARIVO,127,ANTSIRABE II,VAKINANKARATRA,140407,AMBOHIMIARIVO,1404,ANTSIRABE II,14,VAKINANKARATRA,1,Antananarivo,exact/district,
12714,AMBATOMENA,127,ANTSIRABE II,VAKINANKARATRA,140404,AMBATOMENA,1404,ANTSIRABE II,14,VAKINANKARATRA,1,Antananarivo,exact/district,
12715,SOANINDRARINY,127,ANTSIRABE II,VAKINANKARATRA,140418,SOANINDRARINY,1404,ANTSIRABE II,14,VAKINANKARATRA,1,Antananarivo,exact/district,
12716,ANTANAMBAO,127,ANTSIRABE II,VAKINANKARATRA,140410,ANTANAMBAO,1404,ANTSIRABE II,14,VAKINANKARATRA,1,Antananarivo,exact/district,
12717,TSARAHONENANA SAHANIVOTRY,127,ANTSIRABE II,VAKINANKARATRA,140419,TSARAHONENANA SAHANIVOTRY,1404,ANTSIRABE II,14,VAKINANKARATRA,1,Antananarivo,exact/district,
12718,MANANDONA,127,ANTSIRABE II,VAKINANKARATRA,140414,MANANDONA,1404,ANTSIRABE II,14,VAKINANKARATRA,1,Antananarivo,exact/district,
12719,SAHANIVOTRY MANANDONA,127,ANTSIRABE II,VAKINANKARATRA,140417,SAHANIVOTRY MANANDONA,1404,ANTSIRABE II,14,VAKINANKARATRA,1,Antananarivo,exact/district,
12720,ALATSINAINY IBITY,127,ANTSIRABE II,VAKINANKARATRA,140402,ALATSINAINY IBITY,1404,ANTSIRABE II,14,VAKINANKARATRA,1,Antananarivo,exact/district,
13101,MIARINARIVO I,131,MIARINARIVO,ITASY,130209,MIARINARIVO,1302,MIARINARIVO,13,ITASY,1,Antananarivo,exact/district,
13102,MIARINARIVO II,131,MIARINARIVO,ITASY,130210,MIARINARIVO II,1302,MIARINARIVO,13,ITASY,1,Antananarivo,exact/district,
13103,AMBATOMANJAKA,131,MIARINARIVO,ITASY,130202,AMBATOMANJAKA,1302,MIARINARIVO,13,ITASY,1,Antananarivo,exact/district,
13104,MANAZARY,131,MIARINARIVO,ITASY,130207,MANAZARY,1302,MIARINARIVO,13,ITASY,1,Antananarivo,exact/district,
13105,ANTOBY EST,131,MIARINARIVO,ITASY,130206,ANTOBY EST,1302,MIARINARIVO,13,ITASY,1,Antananarivo,exact/district,
13106,SOAMAHAMANINA,131,MIARINARIVO,ITASY,130212,SOAMAHAMANINA,1302,MIARINARIVO,13,ITASY,1,Antananarivo,exact/district,
13107,ANALAVORY,131,MIARINARIVO,ITASY,130203,ANALAVORY,1302,MIARINARIVO,13,ITASY,1,Antananarivo,exact/district,
13108,ALATSINAINIKELY,131,MIARINARIVO,ITASY,130201,ALATSINAINIKELY,1302,MIARINARIVO,13,ITASY,1,Antananarivo,exact/district,
13109,MANDIAVATO,131,MIARINARIVO,ITASY,130208,MANDIAVATO,1302,MIARINARIVO,13,ITASY,1,Antananarivo,exact/district,
13110,ANOSIBE IFANJA,131,MIARINARIVO,ITASY,130205,ANOSIBE-IFANJA,1302,MIARINARIVO,13,ITASY,1,Antananarivo,exact/district,
13111,SAROBARATRA IFANJA,131,MIARINARIVO,ITASY,130211,SAROBARATRA,1302,MIARINARIVO,13,ITASY,1,Antananarivo,prefixe/district,
13112,ZOMA BEALOKA,131,MIARINARIVO,ITASY,130214,ZOMA BEALOKA,1302,MIARINARIVO,13,ITASY,1,Antananarivo,exact/district,
13113,SOAVIMBAZAHA,131,MIARINARIVO,ITASY,130213,SOAVIMBAZAHA,1302,MIARINARIVO,13,ITASY,1,Antananarivo,exact/district,
13114,ANDOLOFOTSY,131,MIARINARIVO,ITASY,130204,ANDOLOFOTSY,1302,MIARINARIVO,13,ITASY,1,Antananarivo,exact/district,
13201,ARIVONIMAMO I,132,ARIVONIMAMO,ITASY,130113,ARIVONIMAMO,1301,ARIVONIMAMO,13,ITASY,1,Antananarivo,exact/district,
13202,TALATA TSIMADILO,132,ARIVONIMAMO,ITASY,130123,TALATA TSIMADILO,1301,ARIVONIMAMO,13,ITASY,1,Antananarivo,exact/district,
13203,AMBATOMANGA,132,ARIVONIMAMO,ITASY,130102,AMBATOMANGA,1301,ARIVONIMAMO,13,ITASY,1,Antananarivo,exact/district,
13204,AMBOHIMASINA,132,ARIVONIMAMO,ITASY,130106,AMBOHIMASINA,1301,ARIVONIMAMO,13,ITASY,1,Antananarivo,exact/district,
13205,ANTAMBOLO,132,ARIVONIMAMO,ITASY,130111,ANTAMBOLO,1301,ARIVONIMAMO,13,ITASY,1,Antananarivo,exact/district,
13206,MORARANO,132,ARIVONIMAMO,ITASY,130122,MORARANO,1301,ARIVONIMAMO,13,ITASY,1,Antananarivo,exact/district,
13207,AMBOHITRAMBO,132,ARIVONIMAMO,ITASY,130108,AMBOHITRAMBO,1301,ARIVONIMAMO,13,ITASY,1,Antananarivo,exact/district,
13208,AMBATOMIRAHAVAVY,132,ARIVONIMAMO,ITASY,130103,AMBATOMIRAHAVAVY,1301,ARIVONIMAMO,13,ITASY,1,Antananarivo,exact/district,
13209,IMERINTSIATOSIKA,132,ARIVONIMAMO,ITASY,130115,IMERINTSIATOSIKA,1301,ARIVONIMAMO,13,ITASY,1,Antananarivo,exact/district,
13210,ARIVONIMAMO II,132,ARIVONIMAMO,ITASY,130114,ARIVONIMAMO II,1301,ARIVONIMAMO,13,ITASY,1,Antananarivo,exact/district,
13211,MORAFENO,132,ARIVONIMAMO,ITASY,130121,MORAFENO,1301,ARIVONIMAMO,13,ITASY,1,Antananarivo,exact/district,
13212,AMPAHIMANGA,132,ARIVONIMAMO,ITASY,130109,AMPAHIMANGA,1301,ARIVONIMAMO,13,ITASY,1,Antananarivo,exact/district,
13213,AMBOHIMANDRY,132,ARIVONIMAMO,ITASY,130105,AMBOHIMANDRY,1301,ARIVONIMAMO,13,ITASY,1,Antananarivo,exact/district,
13214,AMBOHIPANDRANO,132,ARIVONIMAMO,ITASY,130107,AMBOHIPANDRANO,1301,ARIVONIMAMO,13,ITASY,1,Antananarivo,exact/district,
13215,AMBOANANA,132,ARIVONIMAMO,ITASY,130104,AMBOANANA,1301,ARIVONIMAMO,13,ITASY,1,Antananarivo,exact/district,
13216,ANTENIMBE,132,ARIVONIMAMO,ITASY,130112,ANTENIMBE,1301,ARIVONIMAMO,13,ITASY,1,Antananarivo,exact/district,
13217,ALAKAMISIKELY,132,ARIVONIMAMO,ITASY,130101,ALAKAMISIKELY,1301,ARIVONIMAMO,13,ITASY,1,Antananarivo,exact/district,
13218,MIANDRANDRA,132,ARIVONIMAMO,ITASY,130119,MIANDRANDRA,1301,ARIVONIMAMO,13,ITASY,1,Antananarivo,exact/district,
13219,MIANTSOARIVO,132,ARIVONIMAMO,ITASY,130120,MIANTSOARIVO,1301,ARIVONIMAMO,13,ITASY,1,Antananarivo,exact/district,
13220,MAHATSINJO EST,132,ARIVONIMAMO,ITASY,130116,MAHATSINJO EST,1301,ARIVONIMAMO,13,ITASY,1,Antananarivo,exact/district,
13221,MANALALONDO,132,ARIVONIMAMO,ITASY,130117,MANALALONDO,1301,ARIVONIMAMO,13,ITASY,1,Antananarivo,exact/district,
13222,MAROFANGADY,132,ARIVONIMAMO,ITASY,130118,MAROFANGADY,1301,ARIVONIMAMO,13,ITASY,1,Antananarivo,exact/district,
13223,ANDRANOMIELY,132,ARIVONIMAMO,ITASY,130110,ANDRANOMIELY,1301,ARIVONIMAMO,13,ITASY,1,Antananarivo,exact/district,
13301,SOAVINANDRIANA,133,SOAVINANDRIANA,ITASY,130314,SOAVINANDRIANA,1303,SOAVINANDRIANA,13,ITASY,1,Antananarivo,exact/district,
13302,ANKARANANA,133,SOAVINANDRIANA,ITASY,130307,ANKARANANA,1303,SOAVINANDRIANA,13,ITASY,1,Antananarivo,exact/district,
13303,AMPEFY,133,SOAVINANDRIANA,ITASY,130306,AMPEFY,1303,SOAVINANDRIANA,13,ITASY,1,Antananarivo,exact/district,
13304,AMPARY,133,SOAVINANDRIANA,ITASY,130305,AMPARY,1303,SOAVINANDRIANA,13,ITASY,1,Antananarivo,exact/district,
13305,MANANASY,133,SOAVINANDRIANA,ITASY,130312,MANANASY,1303,SOAVINANDRIANA,13,ITASY,1,Antananarivo,exact/district,
13306,ANTANETIBE,133,SOAVINANDRIANA,ITASY,130309,ANTANETIBE,1303,SOAVINANDRIANA,13,ITASY,1,Antananarivo,exact/district,
13307,DONDONA,133,SOAVINANDRIANA,ITASY,130310,DONDONA,1303,SOAVINANDRIANA,13,ITASY,1,Antananarivo,exact/district,
13308,AMBOHIDANERANA,133,SOAVINANDRIANA,ITASY,130316,AMBOHIDANERANA,1303,SOAVINANDRIANA,13,ITASY,1,Antananarivo,exact/district,
13309,AMPARIBOHITRA,133,SOAVINANDRIANA,ITASY,130304,AMPARIBOHITRA,1303,SOAVINANDRIANA,13,ITASY,1,Antananarivo,exact/district,
13310,AMBEROMANGA,133,SOAVINANDRIANA,ITASY,130302,AMBEROMANGA,1303,SOAVINANDRIANA,13,ITASY,1,Antananarivo,exact/district,
13311,MAHAVELONA,133,SOAVINANDRIANA,ITASY,130311,MAHAVELONA,1303,SOAVINANDRIANA,13,ITASY,1,Antananarivo,exact/district,
13312,AMBATOASANA CENTRE,133,SOAVINANDRIANA,ITASY,130301,AMBATOASANA CENTRE,1303,SOAVINANDRIANA,13,ITASY,1,Antananarivo,exact/district,
13313,TAMPONALA,133,SOAVINANDRIANA,ITASY,130315,TAMPONALA,1303,SOAVINANDRIANA,13,ITASY,1,Antananarivo,exact/district,
13314,ANKISABE,133,SOAVINANDRIANA,ITASY,130308,ANKISABE,1303,SOAVINANDRIANA,13,ITASY,1,Antananarivo,exact/district,
13315,AMPARAKY,133,SOAVINANDRIANA,ITASY,130303,AMPARAKY,1303,SOAVINANDRIANA,13,ITASY,1,Antananarivo,exact/district,
13316,MASINDRAY,133,SOAVINANDRIANA,ITASY,130313,MASINDRAY,1303,SOAVINANDRIANA,13,ITASY,1,Antananarivo,exact/district,
14101,TSIROANOMANDIDY VILLE,141,TSIROANOMANDIDY,BONGOLAVA,120218,TSIROANOMANDIDY VILLE,1202,TSIROANOMANDIDY,12,BONGOLAVA,1,Antananarivo,exact/district,
14102,FIERENANA,141,TSIROANOMANDIDY,BONGOLAVA,120210,FIERENANA,1202,TSIROANOMANDIDY,12,BONGOLAVA,1,Antananarivo,exact/district,
14103,ANKERANA AVARATRA,141,TSIROANOMANDIDY,BONGOLAVA,120205,ANKERANA NORD,1202,TSIROANOMANDIDY,12,BONGOLAVA,1,Antananarivo,variante/district,
14104,SOANIERANA,141,TSIROANOMANDIDY,BONGOLAVA,120215,SOANIERANA,1202,TSIROANOMANDIDY,12,BONGOLAVA,1,Antananarivo,exact/district,
14105,BEVATO,141,TSIROANOMANDIDY,BONGOLAVA,120209,BEVATO,1202,TSIROANOMANDIDY,12,BONGOLAVA,1,Antananarivo,exact/district,
14106,ANOSY,141,TSIROANOMANDIDY,BONGOLAVA,120206,ANOSY,1202,TSIROANOMANDIDY,12,BONGOLAVA,1,Antananarivo,exact/district,
14107,AMBALANIRANA,141,TSIROANOMANDIDY,BONGOLAVA,120201,AMBALANIRANA,1202,TSIROANOMANDIDY,12,BONGOLAVA,1,Antananarivo,exact/district,
14108,TSIROANOMANDIDY FIHAONANA,141,TSIROANOMANDIDY,BONGOLAVA,120217,TSIROANOMANDIDY FIHAONANA,1202,TSIROANOMANDIDY,12,BONGOLAVA,1,Antananarivo,exact/district,
14109,AMBATOLAMPY,141,TSIROANOMANDIDY,BONGOLAVA,120203,AMBATOLAMPY,1202,TSIROANOMANDIDY,12,BONGOLAVA,1,Antananarivo,exact/district,
14110,TSINJOARIVO IMANGA,141,TSIROANOMANDIDY,BONGOLAVA,120216,TSINJOARIVO-IMANGA,1202,TSIROANOMANDIDY,12,BONGOLAVA,1,Antananarivo,exact/district,
14111,ANKADINONDRY SAKAY,141,TSIROANOMANDIDY,BONGOLAVA,120204,ANKADINONDRY SAKAY,1202,TSIROANOMANDIDY,12,BONGOLAVA,1,Antananarivo,exact/district,
14112,MAHASOLO,141,TSIROANOMANDIDY,BONGOLAVA,120211,MAHASOLO,1202,TSIROANOMANDIDY,12,BONGOLAVA,1,Antananarivo,exact/district,
14113,FIADANANTSOA,141,TSIROANOMANDIDY,BONGOLAVA,120220,FIADANANTSOA,1202,TSIROANOMANDIDY,12,BONGOLAVA,1,Antananarivo,exact/district,
14114,MAROHARONA,141,TSIROANOMANDIDY,BONGOLAVA,120212,MAROHARONA,1202,TSIROANOMANDIDY,12,BONGOLAVA,1,Antananarivo,exact/district,
14115,AMBARARATABE,141,TSIROANOMANDIDY,BONGOLAVA,120202,AMBARARATABE,1202,TSIROANOMANDIDY,12,BONGOLAVA,1,Antananarivo,exact/district,
14116,MARITAMPONA,141,TSIROANOMANDIDY,BONGOLAVA,120213,MARITAMPONA,1202,TSIROANOMANDIDY,12,BONGOLAVA,1,Antananarivo,exact/district,
14117,BEMAHATAZANA,141,TSIROANOMANDIDY,BONGOLAVA,120208,BEMAHATAZANA,1202,TSIROANOMANDIDY,12,BONGOLAVA,1,Antananarivo,exact/district,
14118,MIANDRARIVO,141,TSIROANOMANDIDY,BONGOLAVA,120214,MIANDRARIVO,1202,TSIROANOMANDIDY,12,BONGOLAVA,1,Antananarivo,exact/district,
14119,BELOBAKA,141,TSIROANOMANDIDY,BONGOLAVA,120207,BELOBAKA,1202,TSIROANOMANDIDY,12,BONGOLAVA,1,Antananarivo,exact/district,
14120,ANTSAHALAVA,141,TSIROANOMANDIDY,BONGOLAVA,120219,ANTSAHALAVA,1202,TSIROANOMANDIDY,12,BONGOLAVA,1,Antananarivo,exact/district,
14201,FENOARIVOBE,142,FENOARIVOBE,BONGOLAVA,120103,FENOARIVOBE,1201,FENOARIVOBE,12,BONGOLAVA,1,Antananarivo,exact/district,
14202,FIRAVAHANA,142,FENOARIVOBE,BONGOLAVA,120104,FIRAVAHANA,1201,FENOARIVOBE,12,BONGOLAVA,1,Antananarivo,exact/district,
14203,KIRANOMENA,142,FENOARIVOBE,BONGOLAVA,120105,KIRANOMENA,1201,FENOARIVOBE,12,BONGOLAVA,1,Antananarivo,exact/district,
14204,AMBOHITROMBY,142,FENOARIVOBE,BONGOLAVA,120102,AMBOHITROMBY,1201,FENOARIVOBE,12,BONGOLAVA,1,Antananarivo,exact/district,
14205,MORARANO MARITAMPONA,142,FENOARIVOBE,BONGOLAVA,120107,MORARANO MARITAMPONA,1201,FENOARIVOBE,12,BONGOLAVA,1,Antananarivo,exact/district,
14206,TSINJOARIVO 22,142,FENOARIVOBE,BONGOLAVA,120108,TSINJOARIVO 22,1201,FENOARIVOBE,12,BONGOLAVA,1,Antananarivo,exact/district,
14207,AMBATOMAINTY ATSIMO,142,FENOARIVOBE,BONGOLAVA,120101,AMBATOMAINTY SUD,1201,FENOARIVOBE,12,BONGOLAVA,1,Antananarivo,variante/district,
14208,MAHAJEBY,142,FENOARIVOBE,BONGOLAVA,120106,MAHAJEBY,1201,FENOARIVOBE,12,BONGOLAVA,1,Antananarivo,exact/district,
14209,ANDRIAMPOTSY,142,FENOARIVOBE,BONGOLAVA,120110,ANDRIAMPOTSY,1201,FENOARIVOBE,12,BONGOLAVA,1,Antananarivo,exact/district,
14210,MANGATANY,142,FENOARIVOBE,BONGOLAVA,120109,MANGATANY,1201,FENOARIVOBE,12,BONGOLAVA,1,Antananarivo,exact/district,
21101,TANANA AMBONY,211,FIANARANTSOA I,HAUTE MATSIATRA,330301,CU FIANARANTSOA,3303,FIANARANTSOA,33,HAUTE MATSIATRA,3,Fianarantsoa,fusion_urbaine,
21102,TANANA AMBANY,211,FIANARANTSOA I,HAUTE MATSIATRA,330301,CU FIANARANTSOA,3303,FIANARANTSOA,33,HAUTE MATSIATRA,3,Fianarantsoa,fusion_urbaine,
21103,ANDRAINJATO AVARATRA,211,FIANARANTSOA I,HAUTE MATSIATRA,330301,CU FIANARANTSOA,3303,FIANARANTSOA,33,HAUTE MATSIATRA,3,Fianarantsoa,fusion_urbaine,
21104,ANDRAINJATO ATSIMO,211,FIANARANTSOA I,HAUTE MATSIATRA,330301,CU FIANARANTSOA,3303,FIANARANTSOA,33,HAUTE MATSIATRA,3,Fianarantsoa,fusion_urbaine,
21105,MANOLAFAKA,211,FIANARANTSOA I,HAUTE MATSIATRA,330301,CU FIANARANTSOA,3303,FIANARANTSOA,33,HAUTE MATSIATRA,3,Fianarantsoa,fusion_urbaine,
21106,VATOSOLA,211,FIANARANTSOA I,HAUTE MATSIATRA,330301,CU FIANARANTSOA,3303,FIANARANTSOA,33,HAUTE MATSIATRA,3,Fianarantsoa,fusion_urbaine,
21107,LALAZANA,211,FIANARANTSOA I,HAUTE MATSIATRA,330301,CU FIANARANTSOA,3303,FIANARANTSOA,33,HAUTE MATSIATRA,3,Fianarantsoa,fusion_urbaine,
21201,AMBOHIMAHASOA,212,AMBOHIMAHASOA,HAUTE MATSIATRA,330203,AMBOHIMAHASOA,3302,AMBOHIMAHASOA,33,HAUTE MATSIATRA,3,Fianarantsoa,exact/district,
21202,AMPITANA,212,AMBOHIMAHASOA,HAUTE MATSIATRA,330205,AMPITANA,3302,AMBOHIMAHASOA,33,HAUTE MATSIATRA,3,Fianarantsoa,exact/district,
21203,ANKERANA,212,AMBOHIMAHASOA,HAUTE MATSIATRA,330207,ANKERANA,3302,AMBOHIMAHASOA,33,HAUTE MATSIATRA,3,Fianarantsoa,exact/district,
21204,MANANDROY,212,AMBOHIMAHASOA,HAUTE MATSIATRA,330213,MANANDROY,3302,AMBOHIMAHASOA,33,HAUTE MATSIATRA,3,Fianarantsoa,exact/district,
21205,AMBALAKINDRESY,212,AMBOHIMAHASOA,HAUTE MATSIATRA,330201,AMBALAKINDRESY,3302,AMBOHIMAHASOA,33,HAUTE MATSIATRA,3,Fianarantsoa,exact/district,
21206,ANKAFINA TSARAFIDY,212,AMBOHIMAHASOA,HAUTE MATSIATRA,330206,ANKAFINA TSARAFIDY,3302,AMBOHIMAHASOA,33,HAUTE MATSIATRA,3,Fianarantsoa,exact/district,
21207,SAHAVE,212,AMBOHIMAHASOA,HAUTE MATSIATRA,330216,SAHAVE,3302,AMBOHIMAHASOA,33,HAUTE MATSIATRA,3,Fianarantsoa,exact/district,
21208,MORAFENO,212,AMBOHIMAHASOA,HAUTE MATSIATRA,330214,MORAFENO,3302,AMBOHIMAHASOA,33,HAUTE MATSIATRA,3,Fianarantsoa,exact/district,
21209,IKALALAO,212,AMBOHIMAHASOA,HAUTE MATSIATRA,330212,IKALALAO,3302,AMBOHIMAHASOA,33,HAUTE MATSIATRA,3,Fianarantsoa,exact/district,
21210,VOHIPOSA,212,AMBOHIMAHASOA,HAUTE MATSIATRA,330217,VOHIPOSA,3302,AMBOHIMAHASOA,33,HAUTE MATSIATRA,3,Fianarantsoa,exact/district,
21211,AMBATOSOA,212,AMBOHIMAHASOA,HAUTE MATSIATRA,330202,AMBATOSOA,3302,AMBOHIMAHASOA,33,HAUTE MATSIATRA,3,Fianarantsoa,exact/district,
21212,ISAKA,212,AMBOHIMAHASOA,HAUTE MATSIATRA,330211,ISAKA,3302,AMBOHIMAHASOA,33,HAUTE MATSIATRA,3,Fianarantsoa,exact/district,
21213,VOHITRARIVO,212,AMBOHIMAHASOA,HAUTE MATSIATRA,330218,VOHITRARIVO,3302,AMBOHIMAHASOA,33,HAUTE MATSIATRA,3,Fianarantsoa,exact/district,
21214,AMBOHINAMBOARINA,212,AMBOHIMAHASOA,HAUTE MATSIATRA,330204,AMBOHINAMBOARINA,3302,AMBOHIMAHASOA,33,HAUTE MATSIATRA,3,Fianarantsoa,exact/district,
21215,SAHATONA,212,AMBOHIMAHASOA,HAUTE MATSIATRA,330215,SAHATONA,3302,AMBOHIMAHASOA,33,HAUTE MATSIATRA,3,Fianarantsoa,exact/district,
21216,CAMP ROBIN,212,AMBOHIMAHASOA,HAUTE MATSIATRA,330209,CAMP ROBIN,3302,AMBOHIMAHASOA,33,HAUTE MATSIATRA,3,Fianarantsoa,exact/district,
21217,BEFETA,212,AMBOHIMAHASOA,HAUTE MATSIATRA,330208,BEFETA,3302,AMBOHIMAHASOA,33,HAUTE MATSIATRA,3,Fianarantsoa,exact/district,
21218,FIADANANA,212,AMBOHIMAHASOA,HAUTE MATSIATRA,330210,FIADANANA,3302,AMBOHIMAHASOA,33,HAUTE MATSIATRA,3,Fianarantsoa,exact/district,
21301,IKALAMAVONY,213,IKALAMAVONY,HAUTE MATSIATRA,330503,IKALAMAVONY,3305,IKALAMAVONY,33,HAUTE MATSIATRA,3,Fianarantsoa,exact/district,
21302,AMBATOMAINTY,213,IKALAMAVONY,HAUTE MATSIATRA,330501,AMBATOMAINTY,3305,IKALAMAVONY,33,HAUTE MATSIATRA,3,Fianarantsoa,exact/district,
21303,FITAMPITO,213,IKALAMAVONY,HAUTE MATSIATRA,330502,FITAMPITO,3305,IKALAMAVONY,33,HAUTE MATSIATRA,3,Fianarantsoa,exact/district,
21304,TSITONDROINA,213,IKALAMAVONY,HAUTE MATSIATRA,330508,TSITONDROINA,3305,IKALAMAVONY,33,HAUTE MATSIATRA,3,Fianarantsoa,exact/district,
21305,TANAMARINA BEKISOPA,213,IKALAMAVONY,HAUTE MATSIATRA,330507,TANAMARINA BEKISOPA,3305,IKALAMAVONY,33,HAUTE MATSIATRA,3,Fianarantsoa,exact/district,
21306,TANAMARINA SAKAY,213,IKALAMAVONY,HAUTE MATSIATRA,330505,TANAMARINA SAKAY,3305,IKALAMAVONY,33,HAUTE MATSIATRA,3,Fianarantsoa,exact/district,
21307,SOLILA,213,IKALAMAVONY,HAUTE MATSIATRA,330506,SOLILA,3305,IKALAMAVONY,33,HAUTE MATSIATRA,3,Fianarantsoa,exact/district,
21308,MANGIDY,213,IKALAMAVONY,HAUTE MATSIATRA,330504,MANGIDY,3305,IKALAMAVONY,33,HAUTE MATSIATRA,3,Fianarantsoa,exact/district,
21401,ISORANA,214,ISANDRA,HAUTE MATSIATRA,330408,ISORANA,3304,ISANDRA,33,HAUTE MATSIATRA,3,Fianarantsoa,exact/district,
21402,FANJAKANA,214,ISANDRA,HAUTE MATSIATRA,330406,FANJAKANA,3304,ISANDRA,33,HAUTE MATSIATRA,3,Fianarantsoa,exact/district,
21403,ANJOMA ITSARA,214,ISANDRA,HAUTE MATSIATRA,330404,ANJOMA ITSARA,3304,ISANDRA,33,HAUTE MATSIATRA,3,Fianarantsoa,exact/district,
21404,AMBONDRONA,214,ISANDRA,HAUTE MATSIATRA,330402,AMBONDRONA,3304,ISANDRA,33,HAUTE MATSIATRA,3,Fianarantsoa,exact/district,
21405,AMBALAMIDERA II,214,ISANDRA,HAUTE MATSIATRA,330401,AMBALAMIDERA II,3304,ISANDRA,33,HAUTE MATSIATRA,3,Fianarantsoa,exact/district,
21406,SOATANANA,214,ISANDRA,HAUTE MATSIATRA,330411,SOATANANA,3304,ISANDRA,33,HAUTE MATSIATRA,3,Fianarantsoa,exact/district,
21407,MAHAZOARIVO,214,ISANDRA,HAUTE MATSIATRA,330409,MAHAZOARIVO,3304,ISANDRA,33,HAUTE MATSIATRA,3,Fianarantsoa,exact/district,
21408,ANDOHARANOMAITSO,214,ISANDRA,HAUTE MATSIATRA,330403,ANDOHARANOMAITSO,3304,ISANDRA,33,HAUTE MATSIATRA,3,Fianarantsoa,exact/district,
21409,ANKARINARIVO MANIRISOA,214,ISANDRA,HAUTE MATSIATRA,330405,ANKARINARIVO MANIRISOA,3304,ISANDRA,33,HAUTE MATSIATRA,3,Fianarantsoa,exact/district,
21410,IAVONOMBY VOHIBOLA,214,ISANDRA,HAUTE MATSIATRA,330407,IAVINOMBY VOHIBOLA,3304,ISANDRA,33,HAUTE MATSIATRA,3,Fianarantsoa,flou/district,
21411,NASANDRATRONY,214,ISANDRA,HAUTE MATSIATRA,330410,NASANDRATRONY,3304,ISANDRA,33,HAUTE MATSIATRA,3,Fianarantsoa,exact/district,
21412,ANDREAMALAMA,214,ISANDRA,HAUTE MATSIATRA,330412,ANDREAMALAMA,3304,ISANDRA,33,HAUTE MATSIATRA,3,Fianarantsoa,exact/district,
21413,AMBALAMIDERA AMBOHIMANANA,214,ISANDRA,HAUTE MATSIATRA,330413,AMBALAMIDERA AMBOHIMANANA,3304,ISANDRA,33,HAUTE MATSIATRA,3,Fianarantsoa,exact/district,
21501,AMBALAKELY,215,LALANGINA,HAUTE MATSIATRA,330703,AMBALAKELY,3307,LALANGINA,33,HAUTE MATSIATRA,3,Fianarantsoa,exact/district,
21502,ANDRAINJATO CENTRE,215,LALANGINA,HAUTE MATSIATRA,330705,ANDRAINJATO CENTRE,3307,LALANGINA,33,HAUTE MATSIATRA,3,Fianarantsoa,exact/district,
21503,ANDRAINJATO EST,215,LALANGINA,HAUTE MATSIATRA,330706,ANDRAINJATO EST,3307,LALANGINA,33,HAUTE MATSIATRA,3,Fianarantsoa,exact/district,
21504,ALAKAMISY AMBOHIMAHA,215,LALANGINA,HAUTE MATSIATRA,330701,ALAKAMISY AMBOHIMAHA,3307,LALANGINA,33,HAUTE MATSIATRA,3,Fianarantsoa,exact/district,
21505,IVOAMBA,215,LALANGINA,HAUTE MATSIATRA,330710,IVOAMBA,3307,LALANGINA,33,HAUTE MATSIATRA,3,Fianarantsoa,exact/district,
21506,TAINDAMBO,215,LALANGINA,HAUTE MATSIATRA,330713,TAINDAMBO,3307,LALANGINA,33,HAUTE MATSIATRA,3,Fianarantsoa,exact/district,
21507,MAHATSINJONY,215,LALANGINA,HAUTE MATSIATRA,330711,MAHATSINJONY,3307,LALANGINA,33,HAUTE MATSIATRA,3,Fianarantsoa,exact/district,
21508,SAHAMBAVY,215,LALANGINA,HAUTE MATSIATRA,330712,SAHAMBAVY,3307,LALANGINA,33,HAUTE MATSIATRA,3,Fianarantsoa,exact/district,
21509,AMBALAMAHASOA,215,LALANGINA,HAUTE MATSIATRA,330704,AMBALAMAHASOA,3307,LALANGINA,33,HAUTE MATSIATRA,3,Fianarantsoa,exact/district,
21510,ANDROY,215,LALANGINA,HAUTE MATSIATRA,330707,ANDROY,3307,LALANGINA,33,HAUTE MATSIATRA,3,Fianarantsoa,exact/district,
21511,ALATSINAINY IALAMARINA,215,LALANGINA,HAUTE MATSIATRA,330702,ALATSINAINY IALAMARINA,3307,LALANGINA,33,HAUTE MATSIATRA,3,Fianarantsoa,exact/district,
21512,FANDRANDAVA,215,LALANGINA,HAUTE MATSIATRA,330708,FANDRANDAVA,3307,LALANGINA,33,HAUTE MATSIATRA,3,Fianarantsoa,exact/district,
21513,IALANANINDRO,215,LALANGINA,HAUTE MATSIATRA,330709,IALANANINDRO,3307,LALANGINA,33,HAUTE MATSIATRA,3,Fianarantsoa,exact/district,
21514,SAFATA,215,LALANGINA,HAUTE MATSIATRA,330714,SAHAFATA,3307,LALANGINA,33,HAUTE MATSIATRA,3,Fianarantsoa,flou/district,
21515,VINANINORO ANDREFANA,215,LALANGINA,HAUTE MATSIATRA,330716,VINANINORO ANDREFANA,3307,LALANGINA,33,HAUTE MATSIATRA,3,Fianarantsoa,exact/district,
21516,AMPATSY AMPANGABE,215,LALANGINA,HAUTE MATSIATRA,330715,AMPATSY AMPANGABE,3307,LALANGINA,33,HAUTE MATSIATRA,3,Fianarantsoa,exact/district,
21601,ALAKAMISY ITENINA,216,VOHIBATO,HAUTE MATSIATRA,330601,ALAKAMISY ITENINA,3306,VOHIBATO,33,HAUTE MATSIATRA,3,Fianarantsoa,exact/district,
21602,MAHASOABE,216,VOHIBATO,HAUTE MATSIATRA,330605,MAHASOABE,3306,VOHIBATO,33,HAUTE MATSIATRA,3,Fianarantsoa,exact/district,
21603,VINANITELO,216,VOHIBATO,HAUTE MATSIATRA,330609,VINANITELO,3306,VOHIBATO,33,HAUTE MATSIATRA,3,Fianarantsoa,exact/district,
21604,TALATA AMPANO,216,VOHIBATO,HAUTE MATSIATRA,330608,TALATA AMPANO,3306,VOHIBATO,33,HAUTE MATSIATRA,3,Fianarantsoa,exact/district,
21605,IHAZOARA,216,VOHIBATO,HAUTE MATSIATRA,330612,IHAZOARA,3306,VOHIBATO,33,HAUTE MATSIATRA,3,Fianarantsoa,exact/district,
21606,ANKAROMALAZA MIFANASOA,216,VOHIBATO,HAUTE MATSIATRA,330613,ANKAROMALAZA MIFANASOA,3306,VOHIBATO,33,HAUTE MATSIATRA,3,Fianarantsoa,exact/district,
21607,VOHIMARINA,216,VOHIBATO,HAUTE MATSIATRA,330610,VOHIMARINA,3306,VOHIBATO,33,HAUTE MATSIATRA,3,Fianarantsoa,exact/district,
21608,MANEVA,216,VOHIBATO,HAUTE MATSIATRA,330606,MANEVA,3306,VOHIBATO,33,HAUTE MATSIATRA,3,Fianarantsoa,exact/district,
21609,VOHITRAFENO,216,VOHIBATO,HAUTE MATSIATRA,330611,VOHITRAFENO,3306,VOHIBATO,33,HAUTE MATSIATRA,3,Fianarantsoa,exact/district,
21610,ANDRANOVORIVATO,216,VOHIBATO,HAUTE MATSIATRA,330603,ANDRANOVORIVATO,3306,VOHIBATO,33,HAUTE MATSIATRA,3,Fianarantsoa,exact/district,
21611,VOHIBATO OUEST,216,VOHIBATO,HAUTE MATSIATRA,330614,VOHIBATO OUEST,3306,VOHIBATO,33,HAUTE MATSIATRA,3,Fianarantsoa,exact/district,
21612,ANDRANOMIDITRA,216,VOHIBATO,HAUTE MATSIATRA,330602,ANDRANOMIDITRA,3306,VOHIBATO,33,HAUTE MATSIATRA,3,Fianarantsoa,exact/district,
21613,SOAINDRANA,216,VOHIBATO,HAUTE MATSIATRA,330607,SOAINDRANA,3306,VOHIBATO,33,HAUTE MATSIATRA,3,Fianarantsoa,exact/district,
21614,MAHADITRA,216,VOHIBATO,HAUTE MATSIATRA,330604,MAHADITRA,3306,VOHIBATO,33,HAUTE MATSIATRA,3,Fianarantsoa,exact/district,
21615,ANJANOMANANA,216,VOHIBATO,HAUTE MATSIATRA,330616,ANJANOMANONA TSIMIAVAKA,3306,VOHIBATO,33,HAUTE MATSIATRA,3,Fianarantsoa,exception,ANJANOMANANA -> ANJANOMANONA TSIMIAVAKA
21616,LAMOSINA,216,VOHIBATO,HAUTE MATSIATRA,330615,LAMOSINA,3306,VOHIBATO,33,HAUTE MATSIATRA,3,Fianarantsoa,exact/district,
21701,AMBALAVAO,217,AMBALAVAO,HAUTE MATSIATRA,330101,AMBALAVAO,3301,AMBALAVAO,33,HAUTE MATSIATRA,3,Fianarantsoa,exact/district,
21702,AMBOHIMAHAMASINA,217,AMBALAVAO,HAUTE MATSIATRA,330104,AMBOHIMAHAMASINA,3301,AMBALAVAO,33,HAUTE MATSIATRA,3,Fianarantsoa,exact/district,
21703,AMBINANINDOVOKA,217,AMBALAVAO,HAUTE MATSIATRA,330102,AMBINANINDOVOKA,3301,AMBALAVAO,33,HAUTE MATSIATRA,3,Fianarantsoa,exact/district,
21704,ANJOMA,217,AMBALAVAO,HAUTE MATSIATRA,330107,ANJOMA,3301,AMBALAVAO,33,HAUTE MATSIATRA,3,Fianarantsoa,exact/district,
21705,MIARINARIVO,217,AMBALAVAO,HAUTE MATSIATRA,330115,MIARINARIVO,3301,AMBALAVAO,33,HAUTE MATSIATRA,3,Fianarantsoa,exact/district,
21706,MAHAZOMY,217,AMBALAVAO,HAUTE MATSIATRA,330113,MAHAZONY,3301,AMBALAVAO,33,HAUTE MATSIATRA,3,Fianarantsoa,flou/district,
21707,ANDRAINJATO,217,AMBALAVAO,HAUTE MATSIATRA,330106,ANDRAINJATO,3301,AMBALAVAO,33,HAUTE MATSIATRA,3,Fianarantsoa,exact/district,
21708,AMBOHIMANDROSO,217,AMBALAVAO,HAUTE MATSIATRA,330105,AMBOHIMANDROSO,3301,AMBALAVAO,33,HAUTE MATSIATRA,3,Fianarantsoa,exact/district,
21709,SENDRISOA,217,AMBALAVAO,HAUTE MATSIATRA,330116,SENDRISOA,3301,AMBALAVAO,33,HAUTE MATSIATRA,3,Fianarantsoa,exact/district,
21710,NAMOLY,217,AMBALAVAO,HAUTE MATSIATRA,330118,NAMOLY,3301,AMBALAVAO,33,HAUTE MATSIATRA,3,Fianarantsoa,exact/district,
21711,IARINTSENA,217,AMBALAVAO,HAUTE MATSIATRA,330111,IARINTSENA,3301,AMBALAVAO,33,HAUTE MATSIATRA,3,Fianarantsoa,exact/district,
21712,BESOA,217,AMBALAVAO,HAUTE MATSIATRA,330109,BESOA,3301,AMBALAVAO,33,HAUTE MATSIATRA,3,Fianarantsoa,exact/district,
21713,VOLAMENA,217,AMBALAVAO,HAUTE MATSIATRA,330119,VOLAMENA,3301,AMBALAVAO,33,HAUTE MATSIATRA,3,Fianarantsoa,exact/district,
21714,ANKARAMENA,217,AMBALAVAO,HAUTE MATSIATRA,330108,ANKARAMENA,3301,AMBALAVAO,33,HAUTE MATSIATRA,3,Fianarantsoa,exact/district,
21715,VOHITSAOKA,217,AMBALAVAO,HAUTE MATSIATRA,330117,VOHITSAOKA,3301,AMBALAVAO,33,HAUTE MATSIATRA,3,Fianarantsoa,exact/district,
21716,AMBINANIROA,217,AMBALAVAO,HAUTE MATSIATRA,330103,AMBINANIROA,3301,AMBALAVAO,33,HAUTE MATSIATRA,3,Fianarantsoa,exact/district,
21717,MANAMISOA,217,AMBALAVAO,HAUTE MATSIATRA,330114,MANAMISOA,3301,AMBALAVAO,33,HAUTE MATSIATRA,3,Fianarantsoa,exact/district,
21718,FENOARIVO,217,AMBALAVAO,HAUTE MATSIATRA,330110,FENOARIVO,3301,AMBALAVAO,33,HAUTE MATSIATRA,3,Fianarantsoa,exact/district,
21719,KIRANO,217,AMBALAVAO,HAUTE MATSIATRA,330112,KIRANO,3301,AMBALAVAO,33,HAUTE MATSIATRA,3,Fianarantsoa,exact/district,
22101,AMBOSITRA I,221,AMBOSITRA,AMORON I MANIA,310207,AMBOSITRA,3102,AMBOSITRA,31,AMORON'I MANIA,3,Fianarantsoa,exact/district,
22102,SAHATSIHO AMBOHIMANJAKA,221,AMBOSITRA,AMORON I MANIA,310221,SAHATSIHO AMBOHIMANJAKA,3102,AMBOSITRA,31,AMORON'I MANIA,3,Fianarantsoa,exact/district,
22103,ILAKA CENTRE,221,AMBOSITRA,AMORON I MANIA,310214,ILAKA CENTRE,3102,AMBOSITRA,31,AMORON'I MANIA,3,Fianarantsoa,exact/district,
22104,AMBOHIPERIVOANA,221,AMBOSITRA,AMORON I MANIA,310224,AMBOHIPERIVOANA,3102,AMBOSITRA,31,AMORON'I MANIA,3,Fianarantsoa,exact/district,
22105,MAHAZINA AMBOHIPIERENANA,221,AMBOSITRA,AMORON I MANIA,310219,MAHAZINA AMBOHIPIERENANA,3102,AMBOSITRA,31,AMORON'I MANIA,3,Fianarantsoa,exact/district,
22106,TSARASAOTRA,221,AMBOSITRA,AMORON I MANIA,310222,TSARASAOTRA,3102,AMBOSITRA,31,AMORON'I MANIA,3,Fianarantsoa,exact/district,
22107,IHADILANANA,221,AMBOSITRA,AMORON I MANIA,310213,IHADILANANA AMBOHINAMBOARINA,3102,AMBOSITRA,31,AMORON'I MANIA,3,Fianarantsoa,prefixe/district,
22108,ANDINA,221,AMBOSITRA,AMORON I MANIA,310209,ANDINA,3102,AMBOSITRA,31,AMORON'I MANIA,3,Fianarantsoa,exact/district,
22109,AMBOSITRA II,221,AMBOSITRA,AMORON I MANIA,310208,AMBOSITRA BANLIEUE,3102,AMBOSITRA,31,AMORON'I MANIA,3,Fianarantsoa,exception,AMBOSITRA II -> AMBOSITRA BANLIEUE (peripherie urbaine)
22110,IVONY MIARAMIASA,221,AMBOSITRA,AMORON I MANIA,310217,IVONY MIARAMIASA,3102,AMBOSITRA,31,AMORON'I MANIA,3,Fianarantsoa,exact/district,
22111,MAROSOA,221,AMBOSITRA,AMORON I MANIA,310220,MAROSOA,3102,AMBOSITRA,31,AMORON'I MANIA,3,Fianarantsoa,exact/district,
22112,FAHIZAY,221,AMBOSITRA,AMORON I MANIA,310212,FAHIZAY,3102,AMBOSITRA,31,AMORON'I MANIA,3,Fianarantsoa,exact/district,
22113,IMERINA IMADY,221,AMBOSITRA,AMORON I MANIA,310215,IMERINA IMADY,3102,AMBOSITRA,31,AMORON'I MANIA,3,Fianarantsoa,exact/district,
22114,ANKAZOAMBO,221,AMBOSITRA,AMORON I MANIA,310210,ANKAZOAMBO,3102,AMBOSITRA,31,AMORON'I MANIA,3,Fianarantsoa,exact/district,
22115,ALAKAMISY AMBOHIJATO,221,AMBOSITRA,AMORON I MANIA,310201,ALAKAMISY AMBOHIJATO,3102,AMBOSITRA,31,AMORON'I MANIA,3,Fianarantsoa,exact/district,
22116,KIANJANDRAKEFINA,221,AMBOSITRA,AMORON I MANIA,310218,KIANJANDRAKEFINA,3102,AMBOSITRA,31,AMORON'I MANIA,3,Fianarantsoa,exact/district,
22117,AMBOHIMITOMBO II,221,AMBOSITRA,AMORON I MANIA,310206,AMBOHIMITOMBO II,3102,AMBOSITRA,31,AMORON'I MANIA,3,Fianarantsoa,exact/district,
22118,ANKAZOTSARARAVINA,221,AMBOSITRA,AMORON I MANIA,310225,ANKAZOTSARARAVINA,3102,AMBOSITRA,31,AMORON'I MANIA,3,Fianarantsoa,exact/district,
22119,AMBINANINDRANO,221,AMBOSITRA,AMORON I MANIA,310204,AMBINANINDRANO,3102,AMBOSITRA,31,AMORON'I MANIA,3,Fianarantsoa,exact/district,
22120,AMBOHIMITOMBO I,221,AMBOSITRA,AMORON I MANIA,310205,AMBOHIMITOMBO I,3102,AMBOSITRA,31,AMORON'I MANIA,3,Fianarantsoa,exact/district,
22121,IVATO CENTRE,221,AMBOSITRA,AMORON I MANIA,310216,IVATO CENTRE,3102,AMBOSITRA,31,AMORON'I MANIA,3,Fianarantsoa,exact/district,
22122,VOHIDAHY,221,AMBOSITRA,AMORON I MANIA,310223,VOHIDAHY,3102,AMBOSITRA,31,AMORON'I MANIA,3,Fianarantsoa,exact/district,
22123,AMBALAMANAKANA,221,AMBOSITRA,AMORON I MANIA,310202,AMBALAMANAKANA,3102,AMBOSITRA,31,AMORON'I MANIA,3,Fianarantsoa,exact/district,
22124,AMBATOFITORAHANA,221,AMBOSITRA,AMORON I MANIA,310203,AMBATOFITORAHANA,3102,AMBOSITRA,31,AMORON'I MANIA,3,Fianarantsoa,exact/district,
22125,ANTOETRA,221,AMBOSITRA,AMORON I MANIA,310211,ANTOETRA,3102,AMBOSITRA,31,AMORON'I MANIA,3,Fianarantsoa,exact/district,
22201,FANDRIANA,222,FANDRIANA,AMORON I MANIA,310304,FANDRIANA,3103,FANDRIANA,31,AMORON'I MANIA,3,Fianarantsoa,exact/district,
22202,TSARAZAZA,222,FANDRIANA,AMORON I MANIA,310313,TSARAZAZA,3103,FANDRIANA,31,AMORON'I MANIA,3,Fianarantsoa,exact/district,
22203,TATAMALAZA,222,FANDRIANA,AMORON I MANIA,310312,TATAMALAZA,3103,FANDRIANA,31,AMORON'I MANIA,3,Fianarantsoa,exact/district,
22204,SOANAKAMBANA,222,FANDRIANA,AMORON I MANIA,310314,SOANAKAMBANA,3103,FANDRIANA,31,AMORON'I MANIA,3,Fianarantsoa,exact/district,
22205,MIARINAVARATRA,222,FANDRIANA,AMORON I MANIA,310308,MIARINAVARATRA,3103,FANDRIANA,31,AMORON'I MANIA,3,Fianarantsoa,exact/district,
22206,BETSIMISOTRA,222,FANDRIANA,AMORON I MANIA,310303,BETSIMISOTRA,3103,FANDRIANA,31,AMORON'I MANIA,3,Fianarantsoa,exact/district,
22207,MILAMAINA,222,FANDRIANA,AMORON I MANIA,310309,MILAMAINA,3103,FANDRIANA,31,AMORON'I MANIA,3,Fianarantsoa,exact/district,
22208,SANDRANDAHY,222,FANDRIANA,AMORON I MANIA,310311,SANDRANDAHY,3103,FANDRIANA,31,AMORON'I MANIA,3,Fianarantsoa,exact/district,
22209,SAHAMADIO FISAKANA,222,FANDRIANA,AMORON I MANIA,310310,SAHAMADIO FISAKANA,3103,FANDRIANA,31,AMORON'I MANIA,3,Fianarantsoa,exact/district,
22210,ANKARINORO,222,FANDRIANA,AMORON I MANIA,310302,ANKARINORO,3103,FANDRIANA,31,AMORON'I MANIA,3,Fianarantsoa,exact/district,
22211,FIADANANA,222,FANDRIANA,AMORON I MANIA,310305,FIADANANA,3103,FANDRIANA,31,AMORON'I MANIA,3,Fianarantsoa,exact/district,
22212,MAHAZOARIVO,222,FANDRIANA,AMORON I MANIA,310307,MAHAZOARIVO,3103,FANDRIANA,31,AMORON'I MANIA,3,Fianarantsoa,exact/district,
22213,ISANDRANDAHY AMBONY,222,FANDRIANA,AMORON I MANIA,310315,ISANDRANDAHY AMBONY,3103,FANDRIANA,31,AMORON'I MANIA,3,Fianarantsoa,exact/district,
22214,IMITO,222,FANDRIANA,AMORON I MANIA,310306,IMITO,3103,FANDRIANA,31,AMORON'I MANIA,3,Fianarantsoa,exact/district,
22215,ALAKAMISY AMBOHIMAHAZO,222,FANDRIANA,AMORON I MANIA,310301,ALAKAMISY AMBOHIMAHAZO,3103,FANDRIANA,31,AMORON'I MANIA,3,Fianarantsoa,exact/district,
22301,AMBATOFINANDRAHANA,223,AMBATOFINANDRAHANA,AMORON I MANIA,310101,AMBATOFINANDRAHANA,3101,AMBATOFINANDRAHANA,31,AMORON'I MANIA,3,Fianarantsoa,exact/district,
22302,MANGATABOAHANGY,223,AMBATOFINANDRAHANA,AMORON I MANIA,310108,MANGATABOAHANGY,3101,AMBATOFINANDRAHANA,31,AMORON'I MANIA,3,Fianarantsoa,exact/district,
22303,MANDROSONORO,223,AMBATOFINANDRAHANA,AMORON I MANIA,310107,MANDROSONORO,3101,AMBATOFINANDRAHANA,31,AMORON'I MANIA,3,Fianarantsoa,exact/district,
22304,AMBOROMPOTSY,223,AMBATOFINANDRAHANA,AMORON I MANIA,310104,AMBOROMPOTSY,3101,AMBATOFINANDRAHANA,31,AMORON'I MANIA,3,Fianarantsoa,exact/district,
22305,ITREMO,223,AMBATOFINANDRAHANA,AMORON I MANIA,310106,ITREMO,3101,AMBATOFINANDRAHANA,31,AMORON'I MANIA,3,Fianarantsoa,exact/district,
22306,AMBATOMIFANONGOA,223,AMBATOFINANDRAHANA,AMORON I MANIA,310102,AMBATOMIFANONGOA,3101,AMBATOFINANDRAHANA,31,AMORON'I MANIA,3,Fianarantsoa,exact/district,
22307,AMBONDROMISOTRA,223,AMBATOFINANDRAHANA,AMORON I MANIA,310103,AMBONDROMISOTRA,3101,AMBATOFINANDRAHANA,31,AMORON'I MANIA,3,Fianarantsoa,exact/district,
22308,SOAVINA,223,AMBATOFINANDRAHANA,AMORON I MANIA,310109,SOAVINA,3101,AMBATOFINANDRAHANA,31,AMORON'I MANIA,3,Fianarantsoa,exact/district,
22309,FENOARIVO,223,AMBATOFINANDRAHANA,AMORON I MANIA,310105,FENOARIVO,3101,AMBATOFINANDRAHANA,31,AMORON'I MANIA,3,Fianarantsoa,exact/district,
22401,AMBOVOMBE CENTRE,224,MANANDRIANA,AMORON I MANIA,310405,AMBOVOMBE CENTRE,3104,MANANDRIANA,31,AMORON'I MANIA,3,Fianarantsoa,exact/district,
22402,ANDAKATANY,224,MANANDRIANA,AMORON I MANIA,310406,ANDAKATANY,3104,MANANDRIANA,31,AMORON'I MANIA,3,Fianarantsoa,exact/district,
22403,AMBATOMARINA,224,MANANDRIANA,AMORON I MANIA,310401,AMBATOMARINA,3104,MANANDRIANA,31,AMORON'I MANIA,3,Fianarantsoa,exact/district,
22404,ILANJANA,224,MANANDRIANA,AMORON I MANIA,310412,ILANJANA,3104,MANANDRIANA,31,AMORON'I MANIA,3,Fianarantsoa,exact/district,
22405,VINANY ANDAKATANIKELY,224,MANANDRIANA,AMORON I MANIA,310410,VINANY ANDAKATANIKELY,3104,MANANDRIANA,31,AMORON'I MANIA,3,Fianarantsoa,exact/district,
22406,ANJOMAN'ANKONA,224,MANANDRIANA,AMORON I MANIA,310408,ANJOMAN ' ANKONA,3104,MANANDRIANA,31,AMORON'I MANIA,3,Fianarantsoa,exact/district,
22407,AMBOHIMAHAZO,224,MANANDRIANA,AMORON I MANIA,310402,AMBOHIMAHAZO,3104,MANANDRIANA,31,AMORON'I MANIA,3,Fianarantsoa,exact/district,
22408,SOATANANA,224,MANANDRIANA,AMORON I MANIA,310411,SOATANANA,3104,MANANDRIANA,31,AMORON'I MANIA,3,Fianarantsoa,exact/district,
22409,AMBOHIMILANJA,224,MANANDRIANA,AMORON I MANIA,310403,AMBOHIMILANJA,3104,MANANDRIANA,31,AMORON'I MANIA,3,Fianarantsoa,exact/district,
22410,ANJOMA NANDIHIZANA,224,MANANDRIANA,AMORON I MANIA,310407,ANJOMA NANDIHIZANA,3104,MANANDRIANA,31,AMORON'I MANIA,3,Fianarantsoa,exact/district,
22411,AMBOHIPO,224,MANANDRIANA,AMORON I MANIA,310404,AMBOHIPO,3104,MANANDRIANA,31,AMORON'I MANIA,3,Fianarantsoa,exact/district,
22412,TALATA VOHIMENA,224,MANANDRIANA,AMORON I MANIA,310409,TALATA VOHIMENA,3104,MANANDRIANA,31,AMORON'I MANIA,3,Fianarantsoa,exact/district,
23101,MANAKARA,231,MANAKARA ATSIMO,VATOVAVY FITOVINANY,350224,MANAKARA,3502,MANAKARA,35,FITOVINANY,3,Fianarantsoa,exact/district,
23102,TATAHO,231,MANAKARA ATSIMO,VATOVAVY FITOVINANY,350238,TATAHO,3502,MANAKARA,35,FITOVINANY,3,Fianarantsoa,exact/district,
23103,MANGATSIOTRA,231,MANAKARA ATSIMO,VATOVAVY FITOVINANY,350225,MANGATSIOTRA,3502,MANAKARA,35,FITOVINANY,3,Fianarantsoa,exact/district,
23104,MAROFARIHY,231,MANAKARA ATSIMO,VATOVAVY FITOVINANY,350226,MAROFARIHY,3502,MANAKARA,35,FITOVINANY,3,Fianarantsoa,exact/district,
23105,ANOSIALA,231,MANAKARA ATSIMO,VATOVAVY FITOVINANY,350231,NOSIALA,3502,MANAKARA,35,FITOVINANY,3,Fianarantsoa,flou/district,
23106,AMBILA,231,MANAKARA ATSIMO,VATOVAVY FITOVINANY,350206,AMBILA,3502,MANAKARA,35,FITOVINANY,3,Fianarantsoa,exact/district,
23107,SOROMBO,231,MANAKARA ATSIMO,VATOVAVY FITOVINANY,350237,SOROMBO,3502,MANAKARA,35,FITOVINANY,3,Fianarantsoa,exact/district,
23108,MIZILO GARA,231,MANAKARA ATSIMO,VATOVAVY FITOVINANY,350229,MIZILO GARE,3502,MANAKARA,35,FITOVINANY,3,Fianarantsoa,flou/district,
23109,AMBOHITSARA M,231,MANAKARA ATSIMO,VATOVAVY FITOVINANY,350208,AMBOHITSARA-M,3502,MANAKARA,35,FITOVINANY,3,Fianarantsoa,exact/district,
23110,SAHASINAKA,231,MANAKARA ATSIMO,VATOVAVY FITOVINANY,350235,SAHASINAKA,3502,MANAKARA,35,FITOVINANY,3,Fianarantsoa,exact/district,
23111,SAHANAMBOHITRA,231,MANAKARA ATSIMO,VATOVAVY FITOVINANY,350233,SAHANAMBOHITRA,3502,MANAKARA,35,FITOVINANY,3,Fianarantsoa,exact/district,
23112,AMBAHATRAZO,231,MANAKARA ATSIMO,VATOVAVY FITOVINANY,350201,AMBAHATRAZO,3502,MANAKARA,35,FITOVINANY,3,Fianarantsoa,exact/district,
23113,AMBOANJO,231,MANAKARA ATSIMO,VATOVAVY FITOVINANY,350207,AMBOANJO,3502,MANAKARA,35,FITOVINANY,3,Fianarantsoa,exact/district,
23114,ANOROMBATO,231,MANAKARA ATSIMO,VATOVAVY FITOVINANY,350215,ANOROMBATO,3502,MANAKARA,35,FITOVINANY,3,Fianarantsoa,exact/district,
23115,VOHIMASY,231,MANAKARA ATSIMO,VATOVAVY FITOVINANY,350245,VOHIMASY,3502,MANAKARA,35,FITOVINANY,3,Fianarantsoa,exact/district,
23116,LOKOMBY,231,MANAKARA ATSIMO,VATOVAVY FITOVINANY,350221,LOKOMBY,3502,MANAKARA,35,FITOVINANY,3,Fianarantsoa,exact/district,
23117,VATANA,231,MANAKARA ATSIMO,VATOVAVY FITOVINANY,350239,VATANA,3502,MANAKARA,35,FITOVINANY,3,Fianarantsoa,exact/district,
23118,SAKOANA,231,MANAKARA ATSIMO,VATOVAVY FITOVINANY,350236,SAKOANA,3502,MANAKARA,35,FITOVINANY,3,Fianarantsoa,exact/district,
23119,AMBAHIVE,231,MANAKARA ATSIMO,VATOVAVY FITOVINANY,350202,AMBAHIVE,3502,MANAKARA,35,FITOVINANY,3,Fianarantsoa,exact/district,
23120,AMBANDRIKA,231,MANAKARA ATSIMO,VATOVAVY FITOVINANY,350205,AMBANDRIKA,3502,MANAKARA,35,FITOVINANY,3,Fianarantsoa,exact/district,
23121,AMBALAROKA,231,MANAKARA ATSIMO,VATOVAVY FITOVINANY,350203,AMBALAROKA,3502,MANAKARA,35,FITOVINANY,3,Fianarantsoa,exact/district,
23122,VOHIMANITRA,231,MANAKARA ATSIMO,VATOVAVY FITOVINANY,350242,VOHIMANITRA,3502,MANAKARA,35,FITOVINANY,3,Fianarantsoa,exact/district,
23123,MITANTY,231,MANAKARA ATSIMO,VATOVAVY FITOVINANY,350228,MITANTY,3502,MANAKARA,35,FITOVINANY,3,Fianarantsoa,exact/district,
23124,ANALAVORY,231,MANAKARA ATSIMO,VATOVAVY FITOVINANY,350214,ANALAVORY,3502,MANAKARA,35,FITOVINANY,3,Fianarantsoa,exact/district,
23125,BEKATRA,231,MANAKARA ATSIMO,VATOVAVY FITOVINANY,350217,BEKATRA,3502,MANAKARA,35,FITOVINANY,3,Fianarantsoa,exact/district,
23126,VINANITELO,231,MANAKARA ATSIMO,VATOVAVY FITOVINANY,350240,VINANITELO,3502,MANAKARA,35,FITOVINANY,3,Fianarantsoa,exact/district,
23127,AMPASIMANJEVA,231,MANAKARA ATSIMO,VATOVAVY FITOVINANY,350211,AMPASIMANJEVA,3502,MANAKARA,35,FITOVINANY,3,Fianarantsoa,exact/district,
23128,AMBOTAKA,231,MANAKARA ATSIMO,VATOVAVY FITOVINANY,350210,AMBOTAKA,3502,MANAKARA,35,FITOVINANY,3,Fianarantsoa,exact/district,
23129,NIHAONANA,231,MANAKARA ATSIMO,VATOVAVY FITOVINANY,350230,NIHAONANA AMBANY,3502,MANAKARA,35,FITOVINANY,3,Fianarantsoa,prefixe/district,
23130,MAVORANO,231,MANAKARA ATSIMO,VATOVAVY FITOVINANY,350227,MAVORANO,3502,MANAKARA,35,FITOVINANY,3,Fianarantsoa,exact/district,
23131,VOHIMASINA NORD,231,MANAKARA ATSIMO,VATOVAVY FITOVINANY,350243,VOHIMASINA NORD,3502,MANAKARA,35,FITOVINANY,3,Fianarantsoa,exact/district,
23132,VOHIMASINA SUD,231,MANAKARA ATSIMO,VATOVAVY FITOVINANY,350244,VOHIMASINA SUD,3502,MANAKARA,35,FITOVINANY,3,Fianarantsoa,exact/district,
23133,BETAMPONA,231,MANAKARA ATSIMO,VATOVAVY FITOVINANY,350218,BETAMPONA,3502,MANAKARA,35,FITOVINANY,3,Fianarantsoa,exact/district,
23134,VOHILAVA,231,MANAKARA ATSIMO,VATOVAVY FITOVINANY,350241,VOHILAVA SAHASONDRY,3502,MANAKARA,35,FITOVINANY,3,Fianarantsoa,prefixe/district,
23135,FENOMBY,231,MANAKARA ATSIMO,VATOVAVY FITOVINANY,350219,FENOMBY,3502,MANAKARA,35,FITOVINANY,3,Fianarantsoa,exact/district,
23136,AMBALAVERO,231,MANAKARA ATSIMO,VATOVAVY FITOVINANY,350204,AMBALAVERO,3502,MANAKARA,35,FITOVINANY,3,Fianarantsoa,exact/district,
23137,AMBORONDRA,231,MANAKARA ATSIMO,VATOVAVY FITOVINANY,350209,AMBORONDRA,3502,MANAKARA,35,FITOVINANY,3,Fianarantsoa,exact/district,
23138,MAHABAKO,231,MANAKARA ATSIMO,VATOVAVY FITOVINANY,350222,MAHABAKO,3502,MANAKARA,35,FITOVINANY,3,Fianarantsoa,exact/district,
23139,ONILAHY,231,MANAKARA ATSIMO,VATOVAVY FITOVINANY,350232,ONILAHY,3502,MANAKARA,35,FITOVINANY,3,Fianarantsoa,exact/district,
23140,MAHAMAIBE,231,MANAKARA ATSIMO,VATOVAVY FITOVINANY,350223,MAHAMAIBE,3502,MANAKARA,35,FITOVINANY,3,Fianarantsoa,exact/district,
23141,KIANJANOMBY,231,MANAKARA ATSIMO,VATOVAVY FITOVINANY,350220,KIANJANOMBY,3502,MANAKARA,35,FITOVINANY,3,Fianarantsoa,exact/district,
23142,AMPASIMPOTSY SUD,231,MANAKARA ATSIMO,VATOVAVY FITOVINANY,350213,AMPASIPOTSY SUD,3502,MANAKARA,35,FITOVINANY,3,Fianarantsoa,flou/district,
23143,ANTEZA,231,MANAKARA ATSIMO,VATOVAVY FITOVINANY,350216,ANTEZA,3502,MANAKARA,35,FITOVINANY,3,Fianarantsoa,exact/district,
23144,SAHAREFO,231,MANAKARA ATSIMO,VATOVAVY FITOVINANY,350234,SAHAREFO,3502,MANAKARA,35,FITOVINANY,3,Fianarantsoa,exact/district,
23145,AMPASIMBORAKA,231,MANAKARA ATSIMO,VATOVAVY FITOVINANY,350212,AMPASIMBORAKA,3502,MANAKARA,35,FITOVINANY,3,Fianarantsoa,exact/district,
23146,AMBOHITROVA,231,MANAKARA ATSIMO,VATOVAVY FITOVINANY,350246,AMBOHITROVA,3502,MANAKARA,35,FITOVINANY,3,Fianarantsoa,exact/district,
23147,MANJARIVO,231,MANAKARA ATSIMO,VATOVAVY FITOVINANY,350247,MANJARIVO,3502,MANAKARA,35,FITOVINANY,3,Fianarantsoa,exact/district,
23201,NOSY VARIKA,232,NOSY-VARIKA,VATOVAVY FITOVINANY,360313,NOSY VARIKA,3603,NOSY VARIKA,36,VATOVAVY,3,Fianarantsoa,exact/district,
23202,SOAVINA,232,NOSY-VARIKA,VATOVAVY FITOVINANY,360315,SOAVINA,3603,NOSY VARIKA,36,VATOVAVY,3,Fianarantsoa,exact/district,
23203,FIADANANA,232,NOSY-VARIKA,VATOVAVY FITOVINANY,360312,FIADANANA,3603,NOSY VARIKA,36,VATOVAVY,3,Fianarantsoa,exact/district,
23204,AMBODIRIAN I SAHAFARY,232,NOSY-VARIKA,VATOVAVY FITOVINANY,360305,AMBODIRIAN'I SAHAFARY,3603,NOSY VARIKA,36,VATOVAVY,3,Fianarantsoa,exact/district,
23205,ANDRORANGAVOLA,232,NOSY-VARIKA,VATOVAVY FITOVINANY,360308,ANDRORANGAVOLA,3603,NOSY VARIKA,36,VATOVAVY,3,Fianarantsoa,exact/district,
23206,AMBODILAFA,232,NOSY-VARIKA,VATOVAVY FITOVINANY,360304,AMBODILAFA,3603,NOSY VARIKA,36,VATOVAVY,3,Fianarantsoa,exact/district,
23207,AMPASINAMBO,232,NOSY-VARIKA,VATOVAVY FITOVINANY,360306,AMPASINAMBO,3603,NOSY VARIKA,36,VATOVAVY,3,Fianarantsoa,exact/district,
23208,ANTANAMBAO,232,NOSY-VARIKA,VATOVAVY FITOVINANY,360310,ANTANAMBAO,3603,NOSY VARIKA,36,VATOVAVY,3,Fianarantsoa,exact/district,
23209,ANGODOGODONA,232,NOSY-VARIKA,VATOVAVY FITOVINANY,360309,ANGODONGODONA,3603,NOSY VARIKA,36,VATOVAVY,3,Fianarantsoa,flou/district,
23210,AMBODIARA,232,NOSY-VARIKA,VATOVAVY FITOVINANY,360303,AMBODIARA,3603,NOSY VARIKA,36,VATOVAVY,3,Fianarantsoa,exact/district,
23211,AMBAKOBE,232,NOSY-VARIKA,VATOVAVY FITOVINANY,360302,AMBAKOBE,3603,NOSY VARIKA,36,VATOVAVY,3,Fianarantsoa,exact/district,
23212,VOHIDROA,232,NOSY-VARIKA,VATOVAVY FITOVINANY,360316,VOHIDROA,3603,NOSY VARIKA,36,VATOVAVY,3,Fianarantsoa,exact/district,
23213,SAHAVATO,232,NOSY-VARIKA,VATOVAVY FITOVINANY,360314,SAHAVATO,3603,NOSY VARIKA,36,VATOVAVY,3,Fianarantsoa,exact/district,
23214,VOHILAVA,232,NOSY-VARIKA,VATOVAVY FITOVINANY,360317,VOHILAVA,3603,NOSY VARIKA,36,VATOVAVY,3,Fianarantsoa,exact/district,
23215,AMBAHY,232,NOSY-VARIKA,VATOVAVY FITOVINANY,360301,AMBAHY,3603,NOSY VARIKA,36,VATOVAVY,3,Fianarantsoa,exact/district,
23216,ANDARA,232,NOSY-VARIKA,VATOVAVY FITOVINANY,360307,ANDARA,3603,NOSY VARIKA,36,VATOVAVY,3,Fianarantsoa,exact/district,
23217,VOHITRANDRIANA,232,NOSY-VARIKA,VATOVAVY FITOVINANY,360318,VOHITRANDRIANA,3603,NOSY VARIKA,36,VATOVAVY,3,Fianarantsoa,exact/district,
23218,BEFODY,232,NOSY-VARIKA,VATOVAVY FITOVINANY,360311,BEFODY,3603,NOSY VARIKA,36,VATOVAVY,3,Fianarantsoa,exact/district,
23219,FANIVELONA,232,NOSY-VARIKA,VATOVAVY FITOVINANY,360319,FANIVELONA,3603,NOSY VARIKA,36,VATOVAVY,3,Fianarantsoa,exact/district,
23301,MANANJARY,233,MANANJARY,VATOVAVY FITOVINANY,360219,MANANJARY,3602,MANANJARY,36,VATOVAVY,3,Fianarantsoa,exact/district,
23302,MAROFOTOTRA,233,MANANJARY,VATOVAVY FITOVINANY,360220,MAROFOTOTRA,3602,MANANJARY,36,VATOVAVY,3,Fianarantsoa,exact/district,
23303,MAHAVOKY NORD,233,MANANJARY,VATOVAVY FITOVINANY,360216,MAHAVOKY NORD,3602,MANANJARY,36,VATOVAVY,3,Fianarantsoa,exact/district,
23304,AMBOHITSARA EST,233,MANANJARY,VATOVAVY FITOVINANY,360205,AMBOHITSARA EST,3602,MANANJARY,36,VATOVAVY,3,Fianarantsoa,exact/district,
23305,MAHELA,233,MANANJARY,VATOVAVY FITOVINANY,360217,MAHELA,3602,MANANJARY,36,VATOVAVY,3,Fianarantsoa,exact/district,
23306,ANDRANAMBOLAVA,233,MANANJARY,VATOVAVY FITOVINANY,360207,ANDRANAMBOLAVA,3602,MANANJARY,36,VATOVAVY,3,Fianarantsoa,exact/district,
23307,ANDRANOMAVO,233,MANANJARY,VATOVAVY FITOVINANY,360208,ANDRANOMAVO,3602,MANANJARY,36,VATOVAVY,3,Fianarantsoa,exact/district,
23308,VOHILAVA,233,MANANJARY,VATOVAVY FITOVINANY,360229,VOHILAVA,3602,MANANJARY,36,VATOVAVY,3,Fianarantsoa,exact/district,
23309,AMBODINONOKA,233,MANANJARY,VATOVAVY FITOVINANY,360202,AMBODINONOKA,3602,MANANJARY,36,VATOVAVY,3,Fianarantsoa,exact/district,
23310,ANTARETRA,233,MANANJARY,VATOVAVY FITOVINANY,360211,ANTARETRA,3602,MANANJARY,36,VATOVAVY,3,Fianarantsoa,exact/district,
23311,MORAFENO,233,MANANJARY,VATOVAVY FITOVINANY,360223,MORAFENO,3602,MANANJARY,36,VATOVAVY,3,Fianarantsoa,exact/district,
23312,MAROSANGY,233,MANANJARY,VATOVAVY FITOVINANY,360222,MAROSANGY,3602,MANANJARY,36,VATOVAVY,3,Fianarantsoa,exact/district,
23313,MAHATSARA ILEFAKA,233,MANANJARY,VATOVAVY FITOVINANY,360214,MAHATSARA IEFAKA,3602,MANANJARY,36,VATOVAVY,3,Fianarantsoa,flou/district,
23314,MAHATSARA SUD,233,MANANJARY,VATOVAVY FITOVINANY,360215,MAHATSARA SUD,3602,MANANJARY,36,VATOVAVY,3,Fianarantsoa,exact/district,
23315,TSIATOSIKA,233,MANANJARY,VATOVAVY FITOVINANY,360227,TSIATOSIKA,3602,MANANJARY,36,VATOVAVY,3,Fianarantsoa,exact/district,
23316,MAROKARIMA,233,MANANJARY,VATOVAVY FITOVINANY,360221,MAROKARIMA,3602,MANANJARY,36,VATOVAVY,3,Fianarantsoa,exact/district,
23317,AMBOHINIHAONANA,233,MANANJARY,VATOVAVY FITOVINANY,360204,AMBOHINIHAONANA,3602,MANANJARY,36,VATOVAVY,3,Fianarantsoa,exact/district,
23318,AMBALAHOSY NORD,233,MANANJARY,VATOVAVY FITOVINANY,360201,AMBALAHOSY NORD,3602,MANANJARY,36,VATOVAVY,3,Fianarantsoa,exact/district,
23319,MANAKANA NORD,233,MANANJARY,VATOVAVY FITOVINANY,360218,MANAKANA NORD,3602,MANANJARY,36,VATOVAVY,3,Fianarantsoa,exact/district,
23320,KIANJAVATO,233,MANANJARY,VATOVAVY FITOVINANY,360213,KIANJAVATO,3602,MANANJARY,36,VATOVAVY,3,Fianarantsoa,exact/district,
23321,AMBOHIMIARINA II,233,MANANJARY,VATOVAVY FITOVINANY,360203,AMBOHIMIARINA II,3602,MANANJARY,36,VATOVAVY,3,Fianarantsoa,exact/district,
23322,ANTSENAVOLO,233,MANANJARY,VATOVAVY FITOVINANY,360212,ANTSENAVOLO,3602,MANANJARY,36,VATOVAVY,3,Fianarantsoa,exact/district,
23323,ANKATAFANA,233,MANANJARY,VATOVAVY FITOVINANY,360209,ANKATAFANA,3602,MANANJARY,36,VATOVAVY,3,Fianarantsoa,exact/district,
23324,NAMORONA,233,MANANJARY,VATOVAVY FITOVINANY,350248,NAMORONA,3502,MANAKARA,35,FITOVINANY,3,Fianarantsoa,exception,NAMORONA : district MANANJARY (2018) -> MANAKARA (actuel)
23325,ANOSIMPARIHY,233,MANANJARY,VATOVAVY FITOVINANY,360210,ANOSIMPARIHY,3602,MANANJARY,36,VATOVAVY,3,Fianarantsoa,exact/district,
23326,ANDONABE,233,MANANJARY,VATOVAVY FITOVINANY,360206,ANDONABE,3602,MANANJARY,36,VATOVAVY,3,Fianarantsoa,exact/district,
23327,VATOHANDRINA,233,MANANJARY,VATOVAVY FITOVINANY,360228,VATOHANDRINA,3602,MANANJARY,36,VATOVAVY,3,Fianarantsoa,exact/district,
23328,SANDROHY,233,MANANJARY,VATOVAVY FITOVINANY,360225,SANDROHY,3602,MANANJARY,36,VATOVAVY,3,Fianarantsoa,exact/district,
23329,TSARAVARY,233,MANANJARY,VATOVAVY FITOVINANY,360226,TSARAVARY,3602,MANANJARY,36,VATOVAVY,3,Fianarantsoa,exact/district,
23330,TSARAHAFATRA,233,MANANJARY,VATOVAVY FITOVINANY,360230,TSARAHAFATRA,3602,MANANJARY,36,VATOVAVY,3,Fianarantsoa,exact/district,
23331,MAROFODY,233,MANANJARY,VATOVAVY FITOVINANY,360231,MAROFODY,3602,MANANJARY,36,VATOVAVY,3,Fianarantsoa,exact/district,
23401,IFANADIANA,234,IFANADIANA,VATOVAVY FITOVINANY,360108,IFANADIANA,3601,IFANADIANA,36,VATOVAVY,3,Fianarantsoa,exact/district,
23402,AMPASINAMBO,234,IFANADIANA,VATOVAVY FITOVINANY,360114,AMPASINAMBO,3601,IFANADIANA,36,VATOVAVY,3,Fianarantsoa,exact/district,
23403,FASINTSARA,234,IFANADIANA,VATOVAVY FITOVINANY,360107,FASINTSARA,3601,IFANADIANA,36,VATOVAVY,3,Fianarantsoa,exact/district,
23404,MAROHARATRA,234,IFANADIANA,VATOVAVY FITOVINANY,360110,MAROHARATRA,3601,IFANADIANA,36,VATOVAVY,3,Fianarantsoa,exact/district,
23405,ANALAMPASINA,234,IFANADIANA,VATOVAVY FITOVINANY,360103,ANALAMPASINA,3601,IFANADIANA,36,VATOVAVY,3,Fianarantsoa,exact/district,
23406,AMBOHIMANGA DU SUD,234,IFANADIANA,VATOVAVY FITOVINANY,360101,AMBOHIMANGA SUD,3601,IFANADIANA,36,VATOVAVY,3,Fianarantsoa,flou/district,
23407,ANTSINDRA,234,IFANADIANA,VATOVAVY FITOVINANY,360106,ANTSINDRA,3601,IFANADIANA,36,VATOVAVY,3,Fianarantsoa,exact/district,
23408,AMBOHIMERA,234,IFANADIANA,VATOVAVY FITOVINANY,360102,AMBOHIMIERA,3601,IFANADIANA,36,VATOVAVY,3,Fianarantsoa,flou/district,
23409,TSARATANANA,234,IFANADIANA,VATOVAVY FITOVINANY,360113,TSARATANANA,3601,IFANADIANA,36,VATOVAVY,3,Fianarantsoa,exact/district,
23410,RANOMAFANA,234,IFANADIANA,VATOVAVY FITOVINANY,360112,RANOMAFANA,3601,IFANADIANA,36,VATOVAVY,3,Fianarantsoa,exact/district,
23411,KELILALINA,234,IFANADIANA,VATOVAVY FITOVINANY,360109,KELILALINA,3601,IFANADIANA,36,VATOVAVY,3,Fianarantsoa,exact/district,
23412,ANDRORANGAVOLA,234,IFANADIANA,VATOVAVY FITOVINANY,360104,ANDRORANGAVOLA,3601,IFANADIANA,36,VATOVAVY,3,Fianarantsoa,exact/district,
23413,MAROTOKO,234,IFANADIANA,VATOVAVY FITOVINANY,360111,MAROTOKO,3601,IFANADIANA,36,VATOVAVY,3,Fianarantsoa,exact/district,
23414,ANTARETRA,234,IFANADIANA,VATOVAVY FITOVINANY,360105,ANTARETRA,3601,IFANADIANA,36,VATOVAVY,3,Fianarantsoa,exact/district,
23415,AMBIABE,234,IFANADIANA,VATOVAVY FITOVINANY,360115,AMBIABE,3601,IFANADIANA,36,VATOVAVY,3,Fianarantsoa,exact/district,
23501,IKONGO,235,IKONGO,VATOVAVY FITOVINANY,350109,IKONGO,3501,IKONGO,35,FITOVINANY,3,Fianarantsoa,exact/district,
23502,ANDEFAPONY,235,IKONGO,VATOVAVY FITOVINANY,350117,ANDEFAMPONY,3501,IKONGO,35,FITOVINANY,3,Fianarantsoa,flou/district,
23503,AMBOHIMISAFY,235,IKONGO,VATOVAVY FITOVINANY,350103,AMBOHIMISAFY,3501,IKONGO,35,FITOVINANY,3,Fianarantsoa,exact/district,
23504,TOLONGOINA,235,IKONGO,VATOVAVY FITOVINANY,350115,TOLONGOINA,3501,IKONGO,35,FITOVINANY,3,Fianarantsoa,exact/district,
23505,MANAMPATRANA,235,IKONGO,VATOVAVY FITOVINANY,350111,MANAMPATRANA,3501,IKONGO,35,FITOVINANY,3,Fianarantsoa,exact/district,
23506,AMBINANITROMBY,235,IKONGO,VATOVAVY FITOVINANY,350102,AMBINANITROMBY,3501,IKONGO,35,FITOVINANY,3,Fianarantsoa,exact/district,
23507,MAROMIANDRA,235,IKONGO,VATOVAVY FITOVINANY,350112,MAROMIANDRA,3501,IKONGO,35,FITOVINANY,3,Fianarantsoa,exact/district,
23508,AMBATOFOTSY,235,IKONGO,VATOVAVY FITOVINANY,350101,AMBATOFOTSY,3501,IKONGO,35,FITOVINANY,3,Fianarantsoa,exact/district,
23509,BELEMOKA,235,IKONGO,VATOVAVY FITOVINANY,350107,BELEMOKA,3501,IKONGO,35,FITOVINANY,3,Fianarantsoa,exact/district,
23510,TSIFENOKATAKA,235,IKONGO,VATOVAVY FITOVINANY,350116,TSIFENOKATAKA,3501,IKONGO,35,FITOVINANY,3,Fianarantsoa,exact/district,
23511,AMBOLOMADINIKA,235,IKONGO,VATOVAVY FITOVINANY,350104,AMBOLOMADINIKA,3501,IKONGO,35,FITOVINANY,3,Fianarantsoa,exact/district,
23512,TANAKAMBANA,235,IKONGO,VATOVAVY FITOVINANY,350114,TANAKAMBANA,3501,IKONGO,35,FITOVINANY,3,Fianarantsoa,exact/district,
23513,SAHALANONA,235,IKONGO,VATOVAVY FITOVINANY,350113,SAHALANONA,3501,IKONGO,35,FITOVINANY,3,Fianarantsoa,exact/district,
23514,IFANIREA,235,IKONGO,VATOVAVY FITOVINANY,350108,IFANIREA,3501,IKONGO,35,FITOVINANY,3,Fianarantsoa,exact/district,
23515,ANTODINGA,235,IKONGO,VATOVAVY FITOVINANY,350106,ANTODINGA,3501,IKONGO,35,FITOVINANY,3,Fianarantsoa,exact/district,
23516,ANKARIMBELO,235,IKONGO,VATOVAVY FITOVINANY,350105,ANKARIMBELO,3501,IKONGO,35,FITOVINANY,3,Fianarantsoa,exact/district,
23517,KALAFOTSY,235,IKONGO,VATOVAVY FITOVINANY,350110,KALAFOTSY,3501,IKONGO,35,FITOVINANY,3,Fianarantsoa,exact/district,
23601,VOHIPENO,236,VOHIPENO,VATOVAVY FITOVINANY,350318,VOHIPENO,3503,VOHIPENO,35,FITOVINANY,3,Fianarantsoa,exact/district,
23602,AMBOROBE,236,VOHIPENO,VATOVAVY FITOVINANY,350321,AMBOROBE,3503,VOHIPENO,35,FITOVINANY,3,Fianarantsoa,exact/district,
23603,NATO,236,VOHIPENO,VATOVAVY FITOVINANY,350312,NATO,3503,VOHIPENO,35,FITOVINANY,3,Fianarantsoa,exact/district,
23604,LANIVO,236,VOHIPENO,VATOVAVY FITOVINANY,350308,LANIVO,3503,VOHIPENO,35,FITOVINANY,3,Fianarantsoa,exact/district,
23605,MAHASOABE,236,VOHIPENO,VATOVAVY FITOVINANY,350310,MAHASOABE,3503,VOHIPENO,35,FITOVINANY,3,Fianarantsoa,exact/district,
23606,ANDEMAKA,236,VOHIPENO,VATOVAVY FITOVINANY,350301,ANDEMAKA,3503,VOHIPENO,35,FITOVINANY,3,Fianarantsoa,exact/district,
23607,SAHALAVA,236,VOHIPENO,VATOVAVY FITOVINANY,350314,SAHALAVA,3503,VOHIPENO,35,FITOVINANY,3,Fianarantsoa,exact/district,
23608,MAHAZOARIVO,236,VOHIPENO,VATOVAVY FITOVINANY,350311,MAHAZOARIVO,3503,VOHIPENO,35,FITOVINANY,3,Fianarantsoa,exact/district,
23609,ZAFINDRAFADY,236,VOHIPENO,VATOVAVY FITOVINANY,350320,ZAFINDRAFADY,3503,VOHIPENO,35,FITOVINANY,3,Fianarantsoa,exact/district,
23610,ILAKATRA,236,VOHIPENO,VATOVAVY FITOVINANY,350306,ILAKATRA,3503,VOHIPENO,35,FITOVINANY,3,Fianarantsoa,exact/district,
23611,ANKARIMBARY,236,VOHIPENO,VATOVAVY FITOVINANY,350302,ANKARIMBARY,3503,VOHIPENO,35,FITOVINANY,3,Fianarantsoa,exact/district,
23612,MAHABO,236,VOHIPENO,VATOVAVY FITOVINANY,350309,MAHABO,3503,VOHIPENO,35,FITOVINANY,3,Fianarantsoa,exact/district,
23613,ANOLOKA,236,VOHIPENO,VATOVAVY FITOVINANY,350303,ANOLOKA,3503,VOHIPENO,35,FITOVINANY,3,Fianarantsoa,exact/district,
23614,SAVANA,236,VOHIPENO,VATOVAVY FITOVINANY,350315,SAVANA,3503,VOHIPENO,35,FITOVINANY,3,Fianarantsoa,exact/district,
23615,IVATO,236,VOHIPENO,VATOVAVY FITOVINANY,350307,IVATO,3503,VOHIPENO,35,FITOVINANY,3,Fianarantsoa,exact/district,
23616,VOHITRINDRY,236,VOHIPENO,VATOVAVY FITOVINANY,350319,VOHITRINDRY,3503,VOHIPENO,35,FITOVINANY,3,Fianarantsoa,exact/district,
23617,IFATSY,236,VOHIPENO,VATOVAVY FITOVINANY,350305,IFATSY,3503,VOHIPENO,35,FITOVINANY,3,Fianarantsoa,exact/district,
23618,ANTANANABO,236,VOHIPENO,VATOVAVY FITOVINANY,350304,ANTANANABO,3503,VOHIPENO,35,FITOVINANY,3,Fianarantsoa,exact/district,
23619,VOHINDAVA,236,VOHIPENO,VATOVAVY FITOVINANY,350317,VOHINDAVA,3503,VOHIPENO,35,FITOVINANY,3,Fianarantsoa,exact/district,
23620,VOHILANY,236,VOHIPENO,VATOVAVY FITOVINANY,350316,VOHILANY,3503,VOHIPENO,35,FITOVINANY,3,Fianarantsoa,exact/district,
23621,ONJATSY,236,VOHIPENO,VATOVAVY FITOVINANY,350313,ONJATSY,3503,VOHIPENO,35,FITOVINANY,3,Fianarantsoa,exact/district,
24101,IHOSY,241,IHOSY,IHOROMBE,340208,IHOSY,3402,IHOSY,34,IHOROMBE,3,Fianarantsoa,exact/district,
24102,ZAZAFOTSY,241,IHOSY,IHOROMBE,340219,ZAZAFOTSY,3402,IHOSY,34,IHOROMBE,3,Fianarantsoa,exact/district,
24103,AMBIA,241,IHOSY,IHOROMBE,340202,AMBIA,3402,IHOSY,34,IHOROMBE,3,Fianarantsoa,exact/district,
24104,SAKALALINA,241,IHOSY,IHOROMBE,340215,SAKALALINA,3402,IHOSY,34,IHOROMBE,3,Fianarantsoa,exact/district,
24105,SAHAMBANO,241,IHOSY,IHOROMBE,340214,SAHAMBANO,3402,IHOSY,34,IHOROMBE,3,Fianarantsoa,exact/district,
24106,ANALAVOKA,241,IHOSY,IHOROMBE,340204,ANALAVOKA,3402,IHOSY,34,IHOROMBE,3,Fianarantsoa,exact/district,
24107,TOLOHOMIADY,241,IHOSY,IHOROMBE,340218,TOLOHOMIADY,3402,IHOSY,34,IHOROMBE,3,Fianarantsoa,exact/district,
24108,ANALALIRY,241,IHOSY,IHOROMBE,340203,ANALALIRY,3402,IHOSY,34,IHOROMBE,3,Fianarantsoa,exact/district,
24109,ANKILY,241,IHOSY,IHOROMBE,340206,ANKILY,3402,IHOSY,34,IHOROMBE,3,Fianarantsoa,exact/district,
24110,IRINA,241,IHOSY,IHOROMBE,340211,IRINA,3402,IHOSY,34,IHOROMBE,3,Fianarantsoa,exact/district,
24111,MAHASOA,241,IHOSY,IHOROMBE,340212,MAHASOA,3402,IHOSY,34,IHOROMBE,3,Fianarantsoa,exact/district,
24112,AMBATOLAHY,241,IHOSY,IHOROMBE,340201,AMBATOLAHY,3402,IHOSY,34,IHOROMBE,3,Fianarantsoa,exact/district,
24113,SATROKALA,241,IHOSY,IHOROMBE,340216,SATROKALA,3402,IHOSY,34,IHOROMBE,3,Fianarantsoa,exact/district,
24114,ANDIOLAVA,241,IHOSY,IHOROMBE,340205,ANDIOLAVA,3402,IHOSY,34,IHOROMBE,3,Fianarantsoa,exact/district,
24115,RANOHIRA,241,IHOSY,IHOROMBE,340213,RANOHIRA,3402,IHOSY,34,IHOROMBE,3,Fianarantsoa,exact/district,
24116,MENAMATY ILOTO,241,IHOSY,IHOROMBE,340210,MENAMATY-ILOTO,3402,IHOSY,34,IHOROMBE,3,Fianarantsoa,exact/district,
24117,ILAKAKA,241,IHOSY,IHOROMBE,340209,ILAKAKA-BE,3402,IHOSY,34,IHOROMBE,3,Fianarantsoa,flou/district,
24118,ANDOHAN'ILAKAKA,241,IHOSY,IHOROMBE,340220,ANDOHAN'ILAKAKA,3402,IHOSY,34,IHOROMBE,3,Fianarantsoa,exact/district,
24119,ANTSOHA,241,IHOSY,IHOROMBE,340207,ANTSOHA,3402,IHOSY,34,IHOROMBE,3,Fianarantsoa,exact/district,
24120,SOAMATASY,241,IHOSY,IHOROMBE,340217,SOAMATASY,3402,IHOSY,34,IHOROMBE,3,Fianarantsoa,exact/district,
24201,IVOHIBE,242,IVOHIBE,IHOROMBE,340302,IVOHIBE,3403,IVOHIBE,34,IHOROMBE,3,Fianarantsoa,exact/district,
24202,ANTAMBOHOBE,242,IVOHIBE,IHOROMBE,340301,ANTAMBOHOBE,3403,IVOHIBE,34,IHOROMBE,3,Fianarantsoa,exact/district,
24203,MAROPAIKA,242,IVOHIBE,IHOROMBE,340304,MAROPAIKA,3403,IVOHIBE,34,IHOROMBE,3,Fianarantsoa,exact/district,
24204,IVONGO,242,IVOHIBE,IHOROMBE,340303,IVONGO,3403,IVOHIBE,34,IHOROMBE,3,Fianarantsoa,exact/district,
24205,ANTARAMENA,242,IVOHIBE,IHOROMBE,340306,ANTARAMENA,3403,IVOHIBE,34,IHOROMBE,3,Fianarantsoa,exact/district,
24206,KOTIPA,242,IVOHIBE,IHOROMBE,340305,KOTIPA,3403,IVOHIBE,34,IHOROMBE,3,Fianarantsoa,exact/district,
24301,IAKORA,243,IAKORA,IHOROMBE,340102,IAKORA,3401,IAKORA,34,IHOROMBE,3,Fianarantsoa,exact/district,
24302,RANOTSARA NORD,243,IAKORA,IHOROMBE,340103,RANOTSARA NORD,3401,IAKORA,34,IHOROMBE,3,Fianarantsoa,exact/district,
24303,VOLAMBITA,243,IAKORA,IHOROMBE,340105,VOLAMBITA,3401,IAKORA,34,IHOROMBE,3,Fianarantsoa,exact/district,
24304,ANDRANOMBAO,243,IAKORA,IHOROMBE,340104,ANDRANOMBAO,3401,IAKORA,34,IHOROMBE,3,Fianarantsoa,exact/district,
24305,BEGOGO,243,IAKORA,IHOROMBE,340101,BEGOGO,3401,IAKORA,34,IHOROMBE,3,Fianarantsoa,exact/district,
25101,FARAFANGANA,251,FARAFANGANA,ATSIMO ATSINANANA,320215,FARAFANGANA,3202,FARAFANGANA,32,ATSIMO-ATSINANANA,3,Fianarantsoa,exact/district,
25102,AMPOROFORO,251,FARAFANGANA,ATSIMO ATSINANANA,320206,AMPOROFORO,3202,FARAFANGANA,32,ATSIMO-ATSINANANA,3,Fianarantsoa,exact/district,
25103,VOHILENGO,251,FARAFANGANA,ATSIMO ATSINANANA,320230,VOHILENGO,3202,FARAFANGANA,32,ATSIMO-ATSINANANA,3,Fianarantsoa,exact/district,
25104,MAROVANDRIKA,251,FARAFANGANA,ATSIMO ATSINANANA,320225,MAROVANDRIKA,3202,FARAFANGANA,32,ATSIMO-ATSINANANA,3,Fianarantsoa,exact/district,
25105,SAHAMADIO,251,FARAFANGANA,ATSIMO ATSINANANA,320227,SAHAMADIO,3202,FARAFANGANA,32,ATSIMO-ATSINANANA,3,Fianarantsoa,exact/district,
25106,AMBALATANY,251,FARAFANGANA,ATSIMO ATSINANANA,320201,AMBALATANY,3202,FARAFANGANA,32,ATSIMO-ATSINANANA,3,Fianarantsoa,exact/district,
25107,NAMOHORA IABORANO,251,FARAFANGANA,ATSIMO ATSINANANA,320226,NAMOHORA IABORANO,3202,FARAFANGANA,32,ATSIMO-ATSINANANA,3,Fianarantsoa,exact/district,
25108,EVATO,251,FARAFANGANA,ATSIMO ATSINANANA,320214,EVATO,3202,FARAFANGANA,32,ATSIMO-ATSINANANA,3,Fianarantsoa,exact/district,
25109,TAGAINONY,251,FARAFANGANA,ATSIMO ATSINANANA,320228,TANGAINONY,3202,FARAFANGANA,32,ATSIMO-ATSINANANA,3,Fianarantsoa,flou/district,
25110,ANOSY TSARAFARA,251,FARAFANGANA,ATSIMO ATSINANANA,320209,ANOSY TSARARAFA,3202,FARAFANGANA,32,ATSIMO-ATSINANANA,3,Fianarantsoa,flou/district,
25111,MAHAVELO,251,FARAFANGANA,ATSIMO ATSINANANA,320222,MAHAVELO,3202,FARAFANGANA,32,ATSIMO-ATSINANANA,3,Fianarantsoa,exact/district,
25112,MAHAFASA CENTRE,251,FARAFANGANA,ATSIMO ATSINANANA,320221,MAHAFASA CENTRE,3202,FARAFANGANA,32,ATSIMO-ATSINANANA,3,Fianarantsoa,exact/district,
25113,AMBALAVATO  NORD,251,FARAFANGANA,ATSIMO ATSINANANA,320202,AMBALAVATO NORD,3202,FARAFANGANA,32,ATSIMO-ATSINANANA,3,Fianarantsoa,exact/district,
25114,BERETRA BEVOAY,251,FARAFANGANA,ATSIMO ATSINANANA,320211,BEVOAY BERETRA,3202,FARAFANGANA,32,ATSIMO-ATSINANANA,3,Fianarantsoa,tokens/district,
25115,AMBOHIMANDROSO,251,FARAFANGANA,ATSIMO ATSINANANA,320205,AMBOHIMANDROSO,3202,FARAFANGANA,32,ATSIMO-ATSINANANA,3,Fianarantsoa,exact/district,
25116,AMBOHIGOGO,251,FARAFANGANA,ATSIMO ATSINANANA,320204,AMBOHIGOGO,3202,FARAFANGANA,32,ATSIMO-ATSINANANA,3,Fianarantsoa,exact/district,
25117,MAHERIRATY,251,FARAFANGANA,ATSIMO ATSINANANA,320223,MAHERIRATY,3202,FARAFANGANA,32,ATSIMO-ATSINANANA,3,Fianarantsoa,exact/district,
25118,VOHIMASY,251,FARAFANGANA,ATSIMO ATSINANANA,320231,VOHIMASY,3202,FARAFANGANA,32,ATSIMO-ATSINANANA,3,Fianarantsoa,exact/district,
25119,ANOSIVELO,251,FARAFANGANA,ATSIMO ATSINANANA,320208,ANOSIVELO,3202,FARAFANGANA,32,ATSIMO-ATSINANANA,3,Fianarantsoa,exact/district,
25120,VOHILAVA MANAPATRANA,251,FARAFANGANA,ATSIMO ATSINANANA,320233,VOHILAVAN'I MANAMPATRANA,3202,FARAFANGANA,32,ATSIMO-ATSINANANA,3,Fianarantsoa,flou/district,
25121,VOHITROMBY,251,FARAFANGANA,ATSIMO ATSINANANA,320232,VOHITROMBY,3202,FARAFANGANA,32,ATSIMO-ATSINANANA,3,Fianarantsoa,exact/district,
25122,MANAMBOTRA ATSIMO,251,FARAFANGANA,ATSIMO ATSINANANA,320224,MANAMBOTRA SUD,3202,FARAFANGANA,32,ATSIMO-ATSINANANA,3,Fianarantsoa,variante/district,
25123,IABOHAZO,251,FARAFANGANA,ATSIMO ATSINANANA,320217,IABOHAZO,3202,FARAFANGANA,32,ATSIMO-ATSINANANA,3,Fianarantsoa,exact/district,
25124,IVANDRIKA,251,FARAFANGANA,ATSIMO ATSINANANA,320219,IVANDRIKA,3202,FARAFANGANA,32,ATSIMO-ATSINANANA,3,Fianarantsoa,exact/district,
25125,TOVONA,251,FARAFANGANA,ATSIMO ATSINANANA,320229,TOVONA,3202,FARAFANGANA,32,ATSIMO-ATSINANANA,3,Fianarantsoa,exact/district,
25126,ETROTROKA ATSIMO,251,FARAFANGANA,ATSIMO ATSINANANA,320213,ETROTROKA,3202,FARAFANGANA,32,ATSIMO-ATSINANANA,3,Fianarantsoa,variante2/district,
25127,AMBALAVATO ANTEVATO,251,FARAFANGANA,ATSIMO ATSINANANA,320203,AMBALAVATO/ANTEVATO,3202,FARAFANGANA,32,ATSIMO-ATSINANANA,3,Fianarantsoa,exact/district,
25128,IHOROMBE,251,FARAFANGANA,ATSIMO ATSINANANA,320218,IHOROMBE,3202,FARAFANGANA,32,ATSIMO-ATSINANANA,3,Fianarantsoa,exact/district,
25129,ANKARANA MIRAIHINA,251,FARAFANGANA,ATSIMO ATSINANANA,320207,ANKARANA MIRAIHINA,3202,FARAFANGANA,32,ATSIMO-ATSINANANA,3,Fianarantsoa,exact/district,
25130,MAHABO MANANIVO,251,FARAFANGANA,ATSIMO ATSINANANA,320220,MAHABO MANANIVO,3202,FARAFANGANA,32,ATSIMO-ATSINANANA,3,Fianarantsoa,exact/district,
25131,ANTSERANAMBE,251,FARAFANGANA,ATSIMO ATSINANANA,320210,ANTSERANAMBE,3202,FARAFANGANA,32,ATSIMO-ATSINANANA,3,Fianarantsoa,exact/district,
25132,EFATSY,251,FARAFANGANA,ATSIMO ATSINANANA,320212,EFATSY ANANDROZA,3202,FARAFANGANA,32,ATSIMO-ATSINANANA,3,Fianarantsoa,prefixe/district,
25133,FENOARIVO,251,FARAFANGANA,ATSIMO ATSINANANA,320216,FENOARIVO,3202,FARAFANGANA,32,ATSIMO-ATSINANANA,3,Fianarantsoa,exact/district,
25201,VONDROZO,252,VONDROZO,ATSIMO ATSINANANA,320516,VONDROZO,3205,VONDROZO,32,ATSIMO-ATSINANANA,3,Fianarantsoa,exact/district,
25203,VOHIBOREKA,252,VONDROZO,ATSIMO ATSINANANA,320514,VOHIBOREKA,3205,VONDROZO,32,ATSIMO-ATSINANANA,3,Fianarantsoa,exact/district,
25204,MAHAVELO,252,VONDROZO,ATSIMO ATSINANANA,320509,MAHAVELO,3205,VONDROZO,32,ATSIMO-ATSINANANA,3,Fianarantsoa,exact/district,
25205,IVATO,252,VONDROZO,ATSIMO ATSINANANA,320506,IVATO,3205,VONDROZO,32,ATSIMO-ATSINANANA,3,Fianarantsoa,exact/district,
25206,KARIANGA,252,VONDROZO,ATSIMO ATSINANANA,320507,KARIANGA,3205,VONDROZO,32,ATSIMO-ATSINANANA,3,Fianarantsoa,exact/district,
25207,AMBOHIMANA,252,VONDROZO,ATSIMO ATSINANANA,320501,AMBOHIMANA,3205,VONDROZO,32,ATSIMO-ATSINANANA,3,Fianarantsoa,exact/district,
25208,ANDAKANA,252,VONDROZO,ATSIMO ATSINANANA,320503,ANDAKANA,3205,VONDROZO,32,ATSIMO-ATSINANANA,3,Fianarantsoa,exact/district,
25209,MANATO,252,VONDROZO,ATSIMO ATSINANANA,320512,MANATO,3205,VONDROZO,32,ATSIMO-ATSINANANA,3,Fianarantsoa,exact/district,
25210,MAHAZOARIVO,252,VONDROZO,ATSIMO ATSINANANA,320510,MAHAZOARIVO,3205,VONDROZO,32,ATSIMO-ATSINANANA,3,Fianarantsoa,exact/district,
25211,ANDOHARANO,252,VONDROZO,ATSIMO ATSINANANA,320518,ANDOHARANO,3205,VONDROZO,32,ATSIMO-ATSINANANA,3,Fianarantsoa,exact/district,
25212,MANAMBIDALA,252,VONDROZO,ATSIMO ATSINANANA,320511,MANAMBIDALA,3205,VONDROZO,32,ATSIMO-ATSINANANA,3,Fianarantsoa,exact/district,
25213,IAMONTA,252,VONDROZO,ATSIMO ATSINANANA,320505,IAMONTA,3205,VONDROZO,32,ATSIMO-ATSINANANA,3,Fianarantsoa,exact/district,
25214,AMBODIRANO,252,VONDROZO,ATSIMO ATSINANANA,320517,AMBODIRANO,3205,VONDROZO,32,ATSIMO-ATSINANANA,3,Fianarantsoa,exact/district,
25215,MAHATSINJO,252,VONDROZO,ATSIMO ATSINANANA,320508,MAHATSINJO,3205,VONDROZO,32,ATSIMO-ATSINANANA,3,Fianarantsoa,exact/district,
25216,VOHIMARY,252,VONDROZO,ATSIMO ATSINANANA,320515,VOHIMARY,3205,VONDROZO,32,ATSIMO-ATSINANANA,3,Fianarantsoa,exact/district,
25217,ANANDRAVY,252,VONDROZO,ATSIMO ATSINANANA,320502,ANANDRAVY,3205,VONDROZO,32,ATSIMO-ATSINANANA,3,Fianarantsoa,exact/district,
25218,ANTOKONALA,252,VONDROZO,ATSIMO ATSINANANA,320504,ANTOKONALA,3205,VONDROZO,32,ATSIMO-ATSINANANA,3,Fianarantsoa,exact/district,
25219,MOROTEZA,252,VONDROZO,ATSIMO ATSINANANA,320513,MOROTEZA,3205,VONDROZO,32,ATSIMO-ATSINANANA,3,Fianarantsoa,exact/district,
25301,VANGAINDRANO,253,VANGAINDRANO,ATSIMO ATSINANANA,320426,VANGAINDRANO,3204,VANGAINDRANO,32,ATSIMO-ATSINANANA,3,Fianarantsoa,exact/district,
25302,IARA,253,VANGAINDRANO,ATSIMO ATSINANANA,320412,IARA,3204,VANGAINDRANO,32,ATSIMO-ATSINANANA,3,Fianarantsoa,exact/district,
25303,BEMA,253,VANGAINDRANO,ATSIMO ATSINANANA,320408,BEMA,3204,VANGAINDRANO,32,ATSIMO-ATSINANANA,3,Fianarantsoa,exact/district,
25304,KARIMBARY,253,VANGAINDRANO,ATSIMO ATSINANANA,320414,KARIMBARY,3204,VANGAINDRANO,32,ATSIMO-ATSINANANA,3,Fianarantsoa,exact/district,
25305,LOHAFARY,253,VANGAINDRANO,ATSIMO ATSINANANA,320415,LOHAFARY,3204,VANGAINDRANO,32,ATSIMO-ATSINANANA,3,Fianarantsoa,exact/district,
25306,ANILOBE,253,VANGAINDRANO,ATSIMO ATSINANANA,320406,ANILOBE,3204,VANGAINDRANO,32,ATSIMO-ATSINANANA,3,Fianarantsoa,exact/district,
25307,VAHITRAMBO,253,VANGAINDRANO,ATSIMO ATSINANANA,320429,VOHITRAMBO,3204,VANGAINDRANO,32,ATSIMO-ATSINANANA,3,Fianarantsoa,flou/district,
25308,FONILAZA,253,VANGAINDRANO,ATSIMO ATSINANANA,320431,FONILAZA,3204,VANGAINDRANO,32,ATSIMO-ATSINANANA,3,Fianarantsoa,exact/district,
25309,SOAMANOVA,253,VANGAINDRANO,ATSIMO ATSINANANA,320423,SOAMANOVA,3204,VANGAINDRANO,32,ATSIMO-ATSINANANA,3,Fianarantsoa,exact/district,
25310,LOPARY,253,VANGAINDRANO,ATSIMO ATSINANANA,320416,LOPARY,3204,VANGAINDRANO,32,ATSIMO-ATSINANANA,3,Fianarantsoa,exact/district,
25311,TSIATELY,253,VANGAINDRANO,ATSIMO ATSINANANA,320425,TSIATELY,3204,VANGAINDRANO,32,ATSIMO-ATSINANANA,3,Fianarantsoa,exact/district,
25312,AMPASIMALEMY,253,VANGAINDRANO,ATSIMO ATSINANANA,320404,AMPASIMALEMY,3204,VANGAINDRANO,32,ATSIMO-ATSINANANA,3,Fianarantsoa,exact/district,
25313,AMPATAKA,253,VANGAINDRANO,ATSIMO ATSINANANA,320405,AMPATAKA,3204,VANGAINDRANO,32,ATSIMO-ATSINANANA,3,Fianarantsoa,exact/district,
25314,BEVATA,253,VANGAINDRANO,ATSIMO ATSINANANA,320409,BEVATA,3204,VANGAINDRANO,32,ATSIMO-ATSINANANA,3,Fianarantsoa,exact/district,
25315,RANOMENA,253,VANGAINDRANO,ATSIMO ATSINANANA,320421,RANOMENA,3204,VANGAINDRANO,32,ATSIMO-ATSINANANA,3,Fianarantsoa,exact/district,
25316,AMBONGO,253,VANGAINDRANO,ATSIMO ATSINANANA,320402,AMBONGO,3204,VANGAINDRANO,32,ATSIMO-ATSINANANA,3,Fianarantsoa,exact/district,
25317,TSIANOFANA,253,VANGAINDRANO,ATSIMO ATSINANANA,320424,TSIANOFANA,3204,VANGAINDRANO,32,ATSIMO-ATSINANANA,3,Fianarantsoa,exact/district,
25318,BEKARAOKY,253,VANGAINDRANO,ATSIMO ATSINANANA,320407,BEKARAOKY,3204,VANGAINDRANO,32,ATSIMO-ATSINANANA,3,Fianarantsoa,exact/district,
25319,MATANGA,253,VANGAINDRANO,ATSIMO ATSINANANA,320420,MATANGA,3204,VANGAINDRANO,32,ATSIMO-ATSINANANA,3,Fianarantsoa,exact/district,
25320,MASIANAKA,253,VANGAINDRANO,ATSIMO ATSINANANA,320419,MASIANAKA,3204,VANGAINDRANO,32,ATSIMO-ATSINANANA,3,Fianarantsoa,exact/district,
25321,VOHIPAHO,253,VANGAINDRANO,ATSIMO ATSINANANA,320410,VOHIPAHO,3204,VANGAINDRANO,32,ATSIMO-ATSINANANA,3,Fianarantsoa,exact/district,
25322,AMBATOLAVA,253,VANGAINDRANO,ATSIMO ATSINANANA,320401,AMBATOLAVA,3204,VANGAINDRANO,32,ATSIMO-ATSINANANA,3,Fianarantsoa,exact/district,
25323,VATANATO,253,VANGAINDRANO,ATSIMO ATSINANANA,320427,VATANATO,3204,VANGAINDRANO,32,ATSIMO-ATSINANANA,3,Fianarantsoa,exact/district,
25324,ISAHARA,253,VANGAINDRANO,ATSIMO ATSINANANA,320413,ISAHARA,3204,VANGAINDRANO,32,ATSIMO-ATSINANANA,3,Fianarantsoa,exact/district,
25325,VOHIMALAZA,253,VANGAINDRANO,ATSIMO ATSINANANA,320428,VOHIMALAZA,3204,VANGAINDRANO,32,ATSIMO-ATSINANANA,3,Fianarantsoa,exact/district,
25326,MAROKIBO,253,VANGAINDRANO,ATSIMO ATSINANANA,320418,MAROKIBO,3204,VANGAINDRANO,32,ATSIMO-ATSINANANA,3,Fianarantsoa,exact/district,
25327,MANAMBONDRO,253,VANGAINDRANO,ATSIMO ATSINANANA,320417,MANAMBONDRO,3204,VANGAINDRANO,32,ATSIMO-ATSINANANA,3,Fianarantsoa,exact/district,
25328,MAHABE,253,VANGAINDRANO,ATSIMO ATSINANANA,320430,MAHABE,3204,VANGAINDRANO,32,ATSIMO-ATSINANANA,3,Fianarantsoa,exact/district,
25329,FENOAMBANY,253,VANGAINDRANO,ATSIMO ATSINANANA,320411,FENOAMBANY,3204,VANGAINDRANO,32,ATSIMO-ATSINANANA,3,Fianarantsoa,exact/district,
25330,SANDRAVINANY,253,VANGAINDRANO,ATSIMO ATSINANANA,320422,SANDRAVINANY,3204,VANGAINDRANO,32,ATSIMO-ATSINANANA,3,Fianarantsoa,exact/district,
25331,AMPARIHY EST,253,VANGAINDRANO,ATSIMO ATSINANANA,320403,AMPARIHY EST,3204,VANGAINDRANO,32,ATSIMO-ATSINANANA,3,Fianarantsoa,exact/district,
25401,NOSIFENO,254,MIDONGY-ATSIMO,ATSIMO ATSINANANA,320304,NOSIFENO,3203,MIDONGY SUD,32,ATSIMO-ATSINANANA,3,Fianarantsoa,exact/district,
25402,SOAKIBANY,254,MIDONGY-ATSIMO,ATSIMO ATSINANANA,320305,SOAKIBANY,3203,MIDONGY SUD,32,ATSIMO-ATSINANANA,3,Fianarantsoa,exact/district,
25403,IVONDRO,254,MIDONGY-ATSIMO,ATSIMO ATSINANANA,320303,IVONDRO EX-LAVARATY,3203,MIDONGY SUD,32,ATSIMO-ATSINANANA,3,Fianarantsoa,prefixe/district,
25404,MALIORANO,254,MIDONGY-ATSIMO,ATSIMO ATSINANANA,320306,ZARA EX-MALIORANO,3203,MIDONGY SUD,32,ATSIMO-ATSINANANA,3,Fianarantsoa,exception,MALIORANO -> ZARA EX-MALIORANO
25405,BEVAHO,254,MIDONGY-ATSIMO,ATSIMO ATSINANANA,320307,BEVAHO,3203,MIDONGY SUD,32,ATSIMO-ATSINANANA,3,Fianarantsoa,exact/district,
25406,ANDRANOLALINA,254,MIDONGY-ATSIMO,ATSIMO ATSINANANA,320301,ANDRANOLALINA,3203,MIDONGY SUD,32,ATSIMO-ATSINANANA,3,Fianarantsoa,exact/district,
25407,ANKAZOVELO,254,MIDONGY-ATSIMO,ATSIMO ATSINANANA,320302,ANKAZOVELO,3203,MIDONGY SUD,32,ATSIMO-ATSINANANA,3,Fianarantsoa,exact/district,
25501,BEFOTAKA SUD,255,BEFOTAKA,ATSIMO ATSINANANA,320103,BEFOTAKA SUD,3201,BEFOTAKA ATSIMO,32,ATSIMO-ATSINANANA,3,Fianarantsoa,exact/district,
25502,NOSY,255,BEFOTAKA,ATSIMO ATSINANANA,320109,INOSY,3201,BEFOTAKA ATSIMO,32,ATSIMO-ATSINANANA,3,Fianarantsoa,flou/district,
25503,RANOTSARA SUD,255,BEFOTAKA,ATSIMO ATSINANANA,320107,RANOTSARA SUD,3201,BEFOTAKA ATSIMO,32,ATSIMO-ATSINANANA,3,Fianarantsoa,exact/district,
25504,BEKOFAFA SUD,255,BEFOTAKA,ATSIMO ATSINANANA,320105,BEKOFAFA SUD,3201,BEFOTAKA ATSIMO,32,ATSIMO-ATSINANANA,3,Fianarantsoa,exact/district,
25505,BEHARENA,255,BEFOTAKA,ATSIMO ATSINANANA,320104,BEHARENA,3201,BEFOTAKA ATSIMO,32,ATSIMO-ATSINANANA,3,Fianarantsoa,exact/district,
25506,ANTONDABE,255,BEFOTAKA,ATSIMO ATSINANANA,320102,ANTONDABE,3201,BEFOTAKA ATSIMO,32,ATSIMO-ATSINANANA,3,Fianarantsoa,exact/district,
25507,ANTANINARENINA,255,BEFOTAKA,ATSIMO ATSINANANA,320101,ANTANINARENINA,3201,BEFOTAKA ATSIMO,32,ATSIMO-ATSINANANA,3,Fianarantsoa,exact/district,
25508,MAROVITSIKA SUD,255,BEFOTAKA,ATSIMO ATSINANANA,320106,MAROVITSIKA SUD,3201,BEFOTAKA ATSIMO,32,ATSIMO-ATSINANANA,3,Fianarantsoa,exact/district,
25509,ANTOKOBORITELO,255,BEFOTAKA,ATSIMO ATSINANANA,320108,ANTOKOBORITELO,3201,BEFOTAKA ATSIMO,32,ATSIMO-ATSINANANA,3,Fianarantsoa,exact/district,
31101,ANKIRIHIRY,311,TOAMASINA I,ATSINANANA,530503,CU TOAMASINA arr. ANKIRIHIRY,5305,TOAMASINA I,53,ATSINANANA,5,Toamasina,arrondissement_ville,
31102,TANAMBAO V,311,TOAMASINA I,ATSINANANA,530505,CU TOAMASINA arr. TANAMBAO V,5305,TOAMASINA I,53,ATSINANANA,5,Toamasina,arrondissement_ville,
31103,MORARANO,311,TOAMASINA I,ATSINANANA,530504,CU TOAMASINA arr. MORARANO,5305,TOAMASINA I,53,ATSINANANA,5,Toamasina,arrondissement_ville,
31104,AMBODIMANGA,311,TOAMASINA I,ATSINANANA,530501,CU TOAMASINA,5305,TOAMASINA I,53,ATSINANANA,5,Toamasina,fusion_urbaine,
31105,ANJOMA,311,TOAMASINA I,ATSINANANA,530502,CU TOAMASINA arr. ANJOMA,5305,TOAMASINA I,53,ATSINANANA,5,Toamasina,arrondissement_ville,
31201,TOAMASINA SUBURBAINE,312,TOAMASINA II,ATSINANANA,530617,TOAMASINA SUBURBAINE,5306,TOAMASINA II,53,ATSINANANA,5,Toamasina,exact/district,
31202,AMPASIMBE ONIBE,312,TOAMASINA II,ATSINANANA,530605,AMPASIMBE ONIBE,5306,TOAMASINA II,53,ATSINANANA,5,Toamasina,exact/district,
31203,MAHAVELONA (FOULPOINTE),312,TOAMASINA II,ATSINANANA,530614,FOULPOINTE,5306,TOAMASINA II,53,ATSINANANA,5,Toamasina,exception,MAHAVELONA (FOULPOINTE) -> FOULPOINTE (nom entre parentheses retenu)
31204,ANDONDABE,312,TOAMASINA II,ATSINANANA,530608,ANDONDABE,5306,TOAMASINA II,53,ATSINANANA,5,Toamasina,exact/district,
31205,AMPISOKINA,312,TOAMASINA II,ATSINANANA,530606,AMPISOKINA,5306,TOAMASINA II,53,ATSINANANA,5,Toamasina,exact/district,
31206,MANGABE,312,TOAMASINA II,ATSINANANA,530615,MANGABE,5306,TOAMASINA II,53,ATSINANANA,5,Toamasina,exact/district,
31207,AMPOROFORO,312,TOAMASINA II,ATSINANANA,530607,AMPOROFORO,5306,TOAMASINA II,53,ATSINANANA,5,Toamasina,exact/district,
31208,ANTENINA,312,TOAMASINA II,ATSINANANA,530610,ANTENINA,5306,TOAMASINA II,53,ATSINANANA,5,Toamasina,exact/district,
31209,FITO,312,TOAMASINA II,ATSINANANA,530613,FITO,5306,TOAMASINA II,53,ATSINANANA,5,Toamasina,exact/district,
31210,SAHAMBALA,312,TOAMASINA II,ATSINANANA,530616,SAHAMBALA,5306,TOAMASINA II,53,ATSINANANA,5,Toamasina,exact/district,
31211,AMBODIRIANA,312,TOAMASINA II,ATSINANANA,530602,AMBODIRIANA,5306,TOAMASINA II,53,ATSINANANA,5,Toamasina,exact/district,
31212,ANTETEZAMBARO,312,TOAMASINA II,ATSINANANA,530611,ANTETEZAMBARO,5306,TOAMASINA II,53,ATSINANANA,5,Toamasina,exact/district,
31213,AMBODILAZANA,312,TOAMASINA II,ATSINANANA,530601,AMBODILAZANA,5306,TOAMASINA II,53,ATSINANANA,5,Toamasina,exact/district,
31214,ANDRANOBOLAHA,312,TOAMASINA II,ATSINANANA,530609,ANDRANOBOLAHA,5306,TOAMASINA II,53,ATSINANANA,5,Toamasina,exact/district,
31215,FANANDRANA,312,TOAMASINA II,ATSINANANA,530612,FANANDRANA,5306,TOAMASINA II,53,ATSINANANA,5,Toamasina,exact/district,
31216,AMBODITANDROROHO,312,TOAMASINA II,ATSINANANA,530603,AMBODITANDROHO,5306,TOAMASINA II,53,ATSINANANA,5,Toamasina,flou/district,
31217,AMPASIMADINIKA MANAMBOLO,312,TOAMASINA II,ATSINANANA,530604,AMPASIMADINIKA,5306,TOAMASINA II,53,ATSINANANA,5,Toamasina,prefixe/district,
31218,SATRANDROY,312,TOAMASINA II,ATSINANANA,530618,SATRANDROY,5306,TOAMASINA II,53,ATSINANANA,5,Toamasina,exact/district,
31301,BRICKAVILLE,313,BRICKAVILLE,ATSINANANA,530209,BRICKAVILLE,5302,BRICKAVILLE,53,ATSINANANA,5,Toamasina,exact/district,
31302,ANJAHAMANA,313,BRICKAVILLE,ATSINANANA,530208,ANJAHAMANA,5302,BRICKAVILLE,53,ATSINANANA,5,Toamasina,exact/district,
31303,AMBALARONDRA,313,BRICKAVILLE,ATSINANANA,530201,AMBALARONDRA,5302,BRICKAVILLE,53,ATSINANANA,5,Toamasina,exact/district,
31304,MAROSERANANA,313,BRICKAVILLE,ATSINANANA,530214,MAROSERANANA,5302,BRICKAVILLE,53,ATSINANANA,5,Toamasina,exact/district,
31305,AMBOHIMANANA,313,BRICKAVILLE,ATSINANANA,530203,AMBOHIMANANA,5302,BRICKAVILLE,53,ATSINANANA,5,Toamasina,exact/district,
31306,AMBINANINONY,313,BRICKAVILLE,ATSINANANA,530202,AMBINANINONY,5302,BRICKAVILLE,53,ATSINANANA,5,Toamasina,exact/district,
31307,FETRAOMBY,313,BRICKAVILLE,ATSINANANA,530211,FETRAOMBY,5302,BRICKAVILLE,53,ATSINANANA,5,Toamasina,exact/district,
31308,ANIVORANO EST,313,BRICKAVILLE,ATSINANANA,530207,ANIVORANO EST,5302,BRICKAVILLE,53,ATSINANANA,5,Toamasina,exact/district,
31309,VOHITRANIVONA,313,BRICKAVILLE,ATSINANANA,530217,VOHITRANIVONA,5302,BRICKAVILLE,53,ATSINANANA,5,Toamasina,exact/district,
31310,VOHIPENO RAZANAKA,313,BRICKAVILLE,ATSINANANA,530216,RAZANAKA,5302,BRICKAVILLE,53,ATSINANANA,5,Toamasina,exception,VOHIPENO RAZANAKA -> RAZANAKA
31311,FANASANA,313,BRICKAVILLE,ATSINANANA,530210,FANASANA,5302,BRICKAVILLE,53,ATSINANANA,5,Toamasina,exact/district,
31312,LOHARIANDAVA,313,BRICKAVILLE,ATSINANANA,530212,LOHARIANDAVA,5302,BRICKAVILLE,53,ATSINANANA,5,Toamasina,exact/district,
31313,ANDEKALEKA,313,BRICKAVILLE,ATSINANANA,530205,ANDEKALEKA,5302,BRICKAVILLE,53,ATSINANANA,5,Toamasina,exact/district,
31314,AMPASIMBE,313,BRICKAVILLE,ATSINANANA,530204,AMPASIMBE,5302,BRICKAVILLE,53,ATSINANANA,5,Toamasina,exact/district,
31315,RANOMAFANA EST,313,BRICKAVILLE,ATSINANANA,530215,RANOMAFANA EST,5302,BRICKAVILLE,53,ATSINANANA,5,Toamasina,exact/district,
31316,MAHATSARA,313,BRICKAVILLE,ATSINANANA,530213,MAHATSARA,5302,BRICKAVILLE,53,ATSINANANA,5,Toamasina,exact/district,
31317,ANDOVORANTO,313,BRICKAVILLE,ATSINANANA,530206,ANDOVORANTO,5302,BRICKAVILLE,53,ATSINANANA,5,Toamasina,exact/district,
31318,ANTSAPANANA,313,BRICKAVILLE,ATSINANANA,530218,ANTSAMPANANA,5302,BRICKAVILLE,53,ATSINANANA,5,Toamasina,flou/district,
31401,VATOMANDRY,314,VATOMANDRY,ATSINANANA,530719,VATOMANDRY,5307,VATOMANDRY,53,ATSINANANA,5,Toamasina,exact/district,
31402,NIHERENANA,314,VATOMANDRY,ATSINANANA,530714,NIHERENANA,5307,VATOMANDRY,53,ATSINANANA,5,Toamasina,exact/district,
31403,AMBODITAVOLO,314,VATOMANDRY,ATSINANANA,530703,AMBODITAVOLO,5307,VATOMANDRY,53,ATSINANANA,5,Toamasina,exact/district,
31404,AMBALABE,314,VATOMANDRY,ATSINANANA,530701,AMBALABE,5307,VATOMANDRY,53,ATSINANANA,5,Toamasina,exact/district,
31405,AMBALAVOLO,314,VATOMANDRY,ATSINANANA,530702,AMBALAVOLO,5307,VATOMANDRY,53,ATSINANANA,5,Toamasina,exact/district,
31406,SAHAMATEVINA,314,VATOMANDRY,ATSINANANA,530715,SAHAMATEVINA,5307,VATOMANDRY,53,ATSINANANA,5,Toamasina,exact/district,
31407,AMBODIVOANANTO,314,VATOMANDRY,ATSINANANA,530704,AMBODIVOANANTO,5307,VATOMANDRY,53,ATSINANANA,5,Toamasina,exact/district,
31408,ANTANAMBAO MAHATSARA,314,VATOMANDRY,ATSINANANA,530707,ANTANAMBAO MAHATSARA,5307,VATOMANDRY,53,ATSINANANA,5,Toamasina,exact/district,
31409,IFASINA II,314,VATOMANDRY,ATSINANANA,530710,IFASINA II,5307,VATOMANDRY,53,ATSINANANA,5,Toamasina,exact/district,
31410,IFASINA III,314,VATOMANDRY,ATSINANANA,530720,IFASINA III,5307,VATOMANDRY,53,ATSINANANA,5,Toamasina,exact/district,
31411,IFASINA I,314,VATOMANDRY,ATSINANANA,530709,IFASINA I,5307,VATOMANDRY,53,ATSINANANA,5,Toamasina,exact/district,
31412,IAMBORANO,314,VATOMANDRY,ATSINANANA,530708,IAMBORANO,5307,VATOMANDRY,53,ATSINANANA,5,Toamasina,exact/district,
31413,TANAMBAO VAHATRAKAKA,314,VATOMANDRY,ATSINANANA,530716,TANAMBAO VAHATRAKAKA,5307,VATOMANDRY,53,ATSINANANA,5,Toamasina,exact/district,
31414,TSARASAMBO,314,VATOMANDRY,ATSINANANA,530717,TSARASAMBO,5307,VATOMANDRY,53,ATSINANANA,5,Toamasina,exact/district,
31415,MAINTINANDRY,314,VATOMANDRY,ATSINANANA,530712,MAINTINANDRY,5307,VATOMANDRY,53,ATSINANANA,5,Toamasina,exact/district,
31416,ILAKA EST,314,VATOMANDRY,ATSINANANA,530711,ILAKA EST,5307,VATOMANDRY,53,ATSINANANA,5,Toamasina,exact/district,
31417,AMBODINONOKA RANGALANA,314,VATOMANDRY,ATSINANANA,530721,AMBODINONOKA RANGALANA,5307,VATOMANDRY,53,ATSINANANA,5,Toamasina,exact/district,
31418,NIAROVANA CAROLINE,314,VATOMANDRY,ATSINANANA,530713,NIAROVANA CAROLINE,5307,VATOMANDRY,53,ATSINANANA,5,Toamasina,exact/district,
31419,AMPASIMADINIKA,314,VATOMANDRY,ATSINANANA,530705,AMPASIMADINIKA,5307,VATOMANDRY,53,ATSINANANA,5,Toamasina,exact/district,
31420,AMPASIMAZAVA,314,VATOMANDRY,ATSINANANA,530706,AMPASIMAZAVA,5307,VATOMANDRY,53,ATSINANANA,5,Toamasina,exact/district,
31421,TSIVANGIANA,314,VATOMANDRY,ATSINANANA,530718,TSIVANGIANA,5307,VATOMANDRY,53,ATSINANANA,5,Toamasina,exact/district,
31501,ANTANAMBAO MANAMPONTSY,315,ANTANAMBAO MANAMPONTSY,ATSINANANA,530101,ANTANAMBAO MANAMPOTSY,5301,ANTANAMBAO MANAMPONTSY,53,ATSINANANA,5,Toamasina,flou/district,
31502,MANARATSANDRY,315,ANTANAMBAO MANAMPONTSY,ATSINANANA,530106,MANARATSANDRY,5301,ANTANAMBAO MANAMPONTSY,53,ATSINANANA,5,Toamasina,exact/district,
31503,MAHELA,315,ANTANAMBAO MANAMPONTSY,ATSINANANA,530103,MAHELA,5301,ANTANAMBAO MANAMPONTSY,53,ATSINANANA,5,Toamasina,exact/district,
31504,ANTANANDEHIBE,315,ANTANAMBAO MANAMPONTSY,ATSINANANA,530102,ANTANANDEHIBE,5301,ANTANAMBAO MANAMPONTSY,53,ATSINANANA,5,Toamasina,exact/district,
31505,SAIVAZA,315,ANTANAMBAO MANAMPONTSY,ATSINANANA,530105,SAIVAZA,5301,ANTANAMBAO MANAMPONTSY,53,ATSINANANA,5,Toamasina,exact/district,
31506,MANAKANA,315,ANTANAMBAO MANAMPONTSY,ATSINANANA,530104,MANAKANA,5301,ANTANAMBAO MANAMPONTSY,53,ATSINANANA,5,Toamasina,exact/district,
31601,MAHANORO,316,MAHANORO,ATSINANANA,530308,MAHANORO,5303,MAHANORO,53,ATSINANANA,5,Toamasina,exact/district,
31602,TSARAVINANY,316,MAHANORO,ATSINANANA,530311,TSARAVINANY,5303,MAHANORO,53,ATSINANANA,5,Toamasina,exact/district,
31603,MANJAKANDRIANA,316,MAHANORO,ATSINANANA,530309,MANJAKANDRIANA,5303,MAHANORO,53,ATSINANANA,5,Toamasina,exact/district,
31604,AMBINANIDILANA,316,MAHANORO,ATSINANANA,530301,AMBINANIDILANA,5303,MAHANORO,53,ATSINANANA,5,Toamasina,exact/district,
31605,ANKAZOTSIFANTATRA,316,MAHANORO,ATSINANANA,530305,ANKAZOTSIFANTATRA,5303,MAHANORO,53,ATSINANANA,5,Toamasina,exact/district,
31606,BETSIZARAINA,316,MAHANORO,ATSINANANA,530307,BETSIZARAINA,5303,MAHANORO,53,ATSINANANA,5,Toamasina,exact/district,
31607,AMBODIHARINA,316,MAHANORO,ATSINANANA,530304,AMBODIHARINA,5303,MAHANORO,53,ATSINANANA,5,Toamasina,exact/district,
31608,ANDRANAMBOMARO,316,MAHANORO,ATSINANANA,530312,ANDRANAMBOMARO,5303,MAHANORO,53,ATSINANANA,5,Toamasina,exact/district,
31609,AMBINANINDRANO,316,MAHANORO,ATSINANANA,530302,AMBINANINDRANO,5303,MAHANORO,53,ATSINANANA,5,Toamasina,exact/district,
31610,MASOMELOKA,316,MAHANORO,ATSINANANA,530310,MASOMELOKA,5303,MAHANORO,53,ATSINANANA,5,Toamasina,exact/district,
31611,BEFOTAKA,316,MAHANORO,ATSINANANA,530306,BEFOTAKA,5303,MAHANORO,53,ATSINANANA,5,Toamasina,exact/district,
31612,AMBODIBONARA,316,MAHANORO,ATSINANANA,530303,AMBODIBONARA,5303,MAHANORO,53,ATSINANANA,5,Toamasina,exact/district,
31701,MAROLAMBO,317,MAROLAMBO,ATSINANANA,530412,MAROLAMBO,5304,MAROLAMBO,53,ATSINANANA,5,Toamasina,exact/district,
31702,BETAMPONA,317,MAROLAMBO,ATSINANANA,530410,BETAMPONA,5304,MAROLAMBO,53,ATSINANANA,5,Toamasina,exact/district,
31703,TANAMBAO RABEMANANA,317,MAROLAMBO,ATSINANANA,530414,TANAMBAO RABEMANANA,5304,MAROLAMBO,53,ATSINANANA,5,Toamasina,exact/district,
31704,ANDONABE SUD,317,MAROLAMBO,ATSINANANA,530407,ANDONABE SUD,5304,MAROLAMBO,53,ATSINANANA,5,Toamasina,exact/district,
31705,AMBALAPAISO II,317,MAROLAMBO,ATSINANANA,530401,AMBALAPAISO II,5304,MAROLAMBO,53,ATSINANANA,5,Toamasina,exact/district,
31706,AMBODIVOANGY,317,MAROLAMBO,ATSINANANA,530405,AMBODIVOAHANGY,5304,MAROLAMBO,53,ATSINANANA,5,Toamasina,flou/district,
31707,AMBOHIMILANJA,317,MAROLAMBO,ATSINANANA,530406,AMBOHIMILANJA,5304,MAROLAMBO,53,ATSINANANA,5,Toamasina,exact/district,
31708,AMBATOFISAKA II,317,MAROLAMBO,ATSINANANA,530402,AMBATOFISAKA II,5304,MAROLAMBO,53,ATSINANANA,5,Toamasina,exact/district,
31709,ANDRORANGAVOLA,317,MAROLAMBO,ATSINANANA,530408,ANDRORANGAVOLA,5304,MAROLAMBO,53,ATSINANANA,5,Toamasina,exact/district,
31710,ANOSIARIVO I,317,MAROLAMBO,ATSINANANA,530409,ANOSIARIVO,5304,MAROLAMBO,53,ATSINANANA,5,Toamasina,exact/district,
31711,AMBOASARY,317,MAROLAMBO,ATSINANANA,530403,AMBOASARY,5304,MAROLAMBO,53,ATSINANANA,5,Toamasina,exact/district,
31712,LOHAVANANA,317,MAROLAMBO,ATSINANANA,530411,LOHAVANANA,5304,MAROLAMBO,53,ATSINANANA,5,Toamasina,exact/district,
31713,AMBODINONOKA,317,MAROLAMBO,ATSINANANA,530404,AMBODINONOKA,5304,MAROLAMBO,53,ATSINANANA,5,Toamasina,exact/district,
31714,SAHAKEVO,317,MAROLAMBO,ATSINANANA,530413,SAHAKEVO,5304,MAROLAMBO,53,ATSINANANA,5,Toamasina,exact/district,
31715,MAROMITETY I,317,MAROLAMBO,ATSINANANA,530415,MAROMITETY I,5304,MAROLAMBO,53,ATSINANANA,5,Toamasina,exact/district,
32101,FENERIVE EST,321,FENERIVE EST,ANALANJIROFO,520106,FENERIVE VILLE,5201,FENERIVE EST,52,ANALANJIROFO,5,Toamasina,exception,FENERIVE EST (commune) -> FENERIVE VILLE
32102,ANTSIATSIAKA,321,FENERIVE EST,ANALANJIROFO,520105,ANTSIATSIAKA,5201,FENERIVE EST,52,ANALANJIROFO,5,Toamasina,exact/district,
32103,AMPASIMBE MANANTSATRANA,321,FENERIVE EST,ANALANJIROFO,520103,AMPASIMBE MANANTSANTRANA,5201,FENERIVE EST,52,ANALANJIROFO,5,Toamasina,flou/district,
32104,AMBANJAN'I SAHALAVA,321,FENERIVE EST,ANALANJIROFO,520113,AMBANJAN 'I SAHALAVA,5201,FENERIVE EST,52,ANALANJIROFO,5,Toamasina,exact/district,
32105,VOHIPENO,321,FENERIVE EST,ANALANJIROFO,520112,VOHIPENO,5201,FENERIVE EST,52,ANALANJIROFO,5,Toamasina,exact/district,
32106,AMPASINA MANINGORY,321,FENERIVE EST,ANALANJIROFO,520104,AMPASINA MANINGORY,5201,FENERIVE EST,52,ANALANJIROFO,5,Toamasina,exact/district,
32107,MIORIMIVALANA,321,FENERIVE EST,ANALANJIROFO,520109,MIORIMIVALANA,5201,FENERIVE EST,52,ANALANJIROFO,5,Toamasina,exact/district,
32108,SARANAMBANA,321,FENERIVE EST,ANALANJIROFO,520110,SARANAMBANA,5201,FENERIVE EST,52,ANALANJIROFO,5,Toamasina,exact/district,
32109,VOHILENGO,321,FENERIVE EST,ANALANJIROFO,520111,VOHILENGO,5201,FENERIVE EST,52,ANALANJIROFO,5,Toamasina,exact/district,
32110,AMBATOHARANANA,321,FENERIVE EST,ANALANJIROFO,520101,AMBATOHARANANA,5201,FENERIVE EST,52,ANALANJIROFO,5,Toamasina,exact/district,
32111,MAHANORO,321,FENERIVE EST,ANALANJIROFO,520108,MAHANORO,5201,FENERIVE EST,52,ANALANJIROFO,5,Toamasina,exact/district,
32112,AMBODIMANGA II,321,FENERIVE EST,ANALANJIROFO,520102,AMBODIMANGA II,5201,FENERIVE EST,52,ANALANJIROFO,5,Toamasina,exact/district,
32113,BETAMPONA,321,FENERIVE EST,ANALANJIROFO,520114,BETAMPONA,5201,FENERIVE EST,52,ANALANJIROFO,5,Toamasina,exact/district,
32114,MAHAMBO,321,FENERIVE EST,ANALANJIROFO,520107,MAHAMBO,5201,FENERIVE EST,52,ANALANJIROFO,5,Toamasina,exact/district,
32201,MAROANTSETRA,322,MAROANTSETRA,ANALANJIROFO,520315,MAROANTSETRA,5203,MAROANTSETRA,52,ANALANJIROFO,5,Toamasina,exact/district,
32202,ANJANAZANA,322,MAROANTSETRA,ANALANJIROFO,520308,ANJANAZANA,5203,MAROANTSETRA,52,ANALANJIROFO,5,Toamasina,exact/district,
32203,SAHASINDRO,322,MAROANTSETRA,ANALANJIROFO,520320,SAHASINDRO,5203,MAROANTSETRA,52,ANALANJIROFO,5,Toamasina,exact/district,
32204,MANAMBOLO,322,MAROANTSETRA,ANALANJIROFO,520314,MANAMBOLO,5203,MAROANTSETRA,52,ANALANJIROFO,5,Toamasina,exact/district,
32205,ANTAKOTAKO,322,MAROANTSETRA,ANALANJIROFO,520311,ANTAKOTAKO,5203,MAROANTSETRA,52,ANALANJIROFO,5,Toamasina,exact/district,
32206,ANKOFA,322,MAROANTSETRA,ANALANJIROFO,520309,ANKOFA,5203,MAROANTSETRA,52,ANALANJIROFO,5,Toamasina,exact/district,
32207,AMBINANITELO,322,MAROANTSETRA,ANALANJIROFO,520302,AMBINANITELO,5203,MAROANTSETRA,52,ANALANJIROFO,5,Toamasina,exact/district,
32208,MARIARANO,322,MAROANTSETRA,ANALANJIROFO,520319,MARIARANO,5203,MAROANTSETRA,52,ANALANJIROFO,5,Toamasina,exact/district,
32209,ANJAHANA,322,MAROANTSETRA,ANALANJIROFO,520307,ANJAHANA,5203,MAROANTSETRA,52,ANALANJIROFO,5,Toamasina,exact/district,
32210,AMBANIZANA,322,MAROANTSETRA,ANALANJIROFO,520301,AMBANIZANA,5203,MAROANTSETRA,52,ANALANJIROFO,5,Toamasina,exact/district,
32211,ANDRANOFOTSY,322,MAROANTSETRA,ANALANJIROFO,520305,ANDRANOFOTSY,5203,MAROANTSETRA,52,ANALANJIROFO,5,Toamasina,exact/district,
32212,MAHALEVONA,322,MAROANTSETRA,ANALANJIROFO,520313,MAHALEVONA,5203,MAROANTSETRA,52,ANALANJIROFO,5,Toamasina,exact/district,
32213,VOLOINA,322,MAROANTSETRA,ANALANJIROFO,520318,VOLOINA,5203,MAROANTSETRA,52,ANALANJIROFO,5,Toamasina,exact/district,
32214,ANKOFABE,322,MAROANTSETRA,ANALANJIROFO,520310,ANKOFABE,5203,MAROANTSETRA,52,ANALANJIROFO,5,Toamasina,exact/district,
32215,ANTSIRABE SAHATANY,322,MAROANTSETRA,ANALANJIROFO,520312,ANTSIRABE SAHATANY,5203,MAROANTSETRA,52,ANALANJIROFO,5,Toamasina,exact/district,
32216,RANTABE,322,MAROANTSETRA,ANALANJIROFO,520317,RANTABE,5203,MAROANTSETRA,52,ANALANJIROFO,5,Toamasina,exact/district,
32217,MORAFENO,322,MAROANTSETRA,ANALANJIROFO,520316,MORAFENO,5203,MAROANTSETRA,52,ANALANJIROFO,5,Toamasina,exact/district,
32218,ANDRONDRONO,322,MAROANTSETRA,ANALANJIROFO,520306,ANDRONDRONA,5203,MAROANTSETRA,52,ANALANJIROFO,5,Toamasina,flou/district,
32219,AMBODIMANGA RANTABE,322,MAROANTSETRA,ANALANJIROFO,520303,AMBODIMANGA RANTABE,5203,MAROANTSETRA,52,ANALANJIROFO,5,Toamasina,exact/district,
32220,ANANDRIVOLA,322,MAROANTSETRA,ANALANJIROFO,520304,ANANDRIVOLA,5203,MAROANTSETRA,52,ANALANJIROFO,5,Toamasina,exact/district,
32301,MANANARA AVARATRA,323,MANANARA-AVARATRA,ANALANJIROFO,520210,MANANARA NORD,5202,MANANARA-NORD,52,ANALANJIROFO,5,Toamasina,variante/district,
32302,VANONO,323,MANANARA-AVARATRA,ANALANJIROFO,520214,VANONO,5202,MANANARA-NORD,52,ANALANJIROFO,5,Toamasina,exact/district,
32303,MAHANORO,323,MANANARA-AVARATRA,ANALANJIROFO,520216,MAHANORO,5202,MANANARA-NORD,52,ANALANJIROFO,5,Toamasina,exact/district,
32304,MANAMBOLOSY,323,MANANARA-AVARATRA,ANALANJIROFO,520209,MANAMBOLOSY,5202,MANANARA-NORD,52,ANALANJIROFO,5,Toamasina,exact/district,
32305,ANDASIBE I,323,MANANARA-AVARATRA,ANALANJIROFO,520204,ANDASIBE,5202,MANANARA-NORD,52,ANALANJIROFO,5,Toamasina,exact/district,
32306,AMBODIAMPANA,323,MANANARA-AVARATRA,ANALANJIROFO,520202,AMBODIAMPANA,5202,MANANARA-NORD,52,ANALANJIROFO,5,Toamasina,exact/district,
32307,SAROMAONA,323,MANANARA-AVARATRA,ANALANJIROFO,520212,SAROMAONA,5202,MANANARA-NORD,52,ANALANJIROFO,5,Toamasina,exact/district,
32308,AMBODIVOANIO,323,MANANARA-AVARATRA,ANALANJIROFO,520203,AMBODIVOANIO,5202,MANANARA-NORD,52,ANALANJIROFO,5,Toamasina,exact/district,
32309,ANALANAMPOTSY,323,MANANARA-AVARATRA,ANALANJIROFO,520215,ANALANAMPOTSY,5202,MANANARA-NORD,52,ANALANJIROFO,5,Toamasina,exact/district,
32310,IMORONA,323,MANANARA-AVARATRA,ANALANJIROFO,520208,IMORONA,5202,MANANARA-NORD,52,ANALANJIROFO,5,Toamasina,exact/district,
32311,ANTANAMBAOBE,323,MANANARA-AVARATRA,ANALANJIROFO,520205,ANTANAMBAOBE,5202,MANANARA-NORD,52,ANALANJIROFO,5,Toamasina,exact/district,
32312,ANTANANANIVO,323,MANANARA-AVARATRA,ANALANJIROFO,520207,ANTANANANIVO,5202,MANANARA-NORD,52,ANALANJIROFO,5,Toamasina,exact/district,
32313,SANDRAKATSY,323,MANANARA-AVARATRA,ANALANJIROFO,520211,SANDRAKATSY,5202,MANANARA-NORD,52,ANALANJIROFO,5,Toamasina,exact/district,
32314,TANIBE,323,MANANARA-AVARATRA,ANALANJIROFO,520213,TANIBE,5202,MANANARA-NORD,52,ANALANJIROFO,5,Toamasina,exact/district,
32315,AMBATOHARANANA,323,MANANARA-AVARATRA,ANALANJIROFO,520201,AMBATOHARANANA,5202,MANANARA-NORD,52,ANALANJIROFO,5,Toamasina,exact/district,
32316,ANTANAMBE,323,MANANARA-AVARATRA,ANALANJIROFO,520206,ANTANAMBE,5202,MANANARA-NORD,52,ANALANJIROFO,5,Toamasina,exact/district,
32401,SOANIERANA IVONGO,324,SOANIERANA IVONGO,ANALANJIROFO,520508,SOANIERANA IVONGO,5205,SOANIERANA IVONGO,52,ANALANJIROFO,5,Toamasina,exact/district,
32402,AMBINANISAKANA,324,SOANIERANA IVONGO,ANALANJIROFO,520509,AMBINANISAKANA,5205,SOANIERANA IVONGO,52,ANALANJIROFO,5,Toamasina,exact/district,
32403,ANTANIFOTSY,324,SOANIERANA IVONGO,ANALANJIROFO,520504,ANTANIFOTSY,5205,SOANIERANA IVONGO,52,ANALANJIROFO,5,Toamasina,exact/district,
32404,FOTSIALANANA,324,SOANIERANA IVONGO,ANALANJIROFO,520506,FOTSIALANANA,5205,SOANIERANA IVONGO,52,ANALANJIROFO,5,Toamasina,exact/district,
32405,MANOMPANA,324,SOANIERANA IVONGO,ANALANJIROFO,520507,MANOMPANA,5205,SOANIERANA IVONGO,52,ANALANJIROFO,5,Toamasina,exact/district,
32406,AMBODIAMPANA,324,SOANIERANA IVONGO,ANALANJIROFO,520502,AMBODIAMPANA,5205,SOANIERANA IVONGO,52,ANALANJIROFO,5,Toamasina,exact/district,
32407,ANDAPAFITO,324,SOANIERANA IVONGO,ANALANJIROFO,520503,ANDAPAFITO,5205,SOANIERANA IVONGO,52,ANALANJIROFO,5,Toamasina,exact/district,
32408,AMBAHOABE,324,SOANIERANA IVONGO,ANALANJIROFO,520501,AMBAHOABE,5205,SOANIERANA IVONGO,52,ANALANJIROFO,5,Toamasina,exact/district,
32409,ANTENINA,324,SOANIERANA IVONGO,ANALANJIROFO,520505,ANTENINA,5205,SOANIERANA IVONGO,52,ANALANJIROFO,5,Toamasina,exact/district,
32501,SAINTE MARIE,325,SAINTE MARIE,ANALANJIROFO,520401,SAINTE MARIE,5204,SAINTE MARIE,52,ANALANJIROFO,5,Toamasina,exact/district,
32601,VAVATENINA,326,VAVATENINA,ANALANJIROFO,520610,VAVATENINA,5206,VAVATENINA,52,ANALANJIROFO,5,Toamasina,exact/district,
32602,TANAMARINA,326,VAVATENINA,ANALANJIROFO,520611,TANAMARINA,5206,VAVATENINA,52,ANALANJIROFO,5,Toamasina,exact/district,
32603,ANDASIBE,326,VAVATENINA,ANALANJIROFO,520605,ANDASIBE,5206,VAVATENINA,52,ANALANJIROFO,5,Toamasina,exact/district,
32604,AMBATOHARANANA I,326,VAVATENINA,ANALANJIROFO,520601,AMBATOHARANANA,5206,VAVATENINA,52,ANALANJIROFO,5,Toamasina,exact/district,
32605,AMPASIMAZAVA,326,VAVATENINA,ANALANJIROFO,520604,AMPASIMAZAVA,5206,VAVATENINA,52,ANALANJIROFO,5,Toamasina,exact/district,
32606,MAROMITETY,326,VAVATENINA,ANALANJIROFO,520607,MAROMITETY,5206,VAVATENINA,52,ANALANJIROFO,5,Toamasina,exact/district,
32607,SAHATAVY,326,VAVATENINA,ANALANJIROFO,520609,SAHATAVY,5206,VAVATENINA,52,ANALANJIROFO,5,Toamasina,exact/district,
32608,ANJAHAMBE,326,VAVATENINA,ANALANJIROFO,520606,ANJAHAMBE,5206,VAVATENINA,52,ANALANJIROFO,5,Toamasina,exact/district,
32609,AMBOHIBE,326,VAVATENINA,ANALANJIROFO,520603,AMBOHIBE,5206,VAVATENINA,52,ANALANJIROFO,5,Toamasina,exact/district,
32610,MIARINARIVO,326,VAVATENINA,ANALANJIROFO,520608,MIARINARIVO,5206,VAVATENINA,52,ANALANJIROFO,5,Toamasina,exact/district,
32611,AMBODIMANGAVALO,326,VAVATENINA,ANALANJIROFO,520602,AMBODIMANGAVALO,5206,VAVATENINA,52,ANALANJIROFO,5,Toamasina,exact/district,
33101,AMBATONDRAZAKA,331,AMBATONDRAZAKA,ALAOTRA MANGORO,510102,AMBATONDRAZAKA,5101,AMBATONDRAZAKA,51,ALAOTRA-MANGORO,5,Toamasina,exact/district,
33102,FERAMANGE NORD,331,AMBATONDRAZAKA,ALAOTRA MANGORO,510114,FERAMANGA NORD,5101,AMBATONDRAZAKA,51,ALAOTRA-MANGORO,5,Toamasina,flou/district,
33103,AMBATONDRAZAKA SUBURBAINE,331,AMBATONDRAZAKA,ALAOTRA MANGORO,510103,AMBATONDRAZAKA SUBURBAINE,5101,AMBATONDRAZAKA,51,ALAOTRA-MANGORO,5,Toamasina,exact/district,
33104,AMBANDRIKA,331,AMBATONDRAZAKA,ALAOTRA MANGORO,510101,AMBANDRIKA,5101,AMBATONDRAZAKA,51,ALAOTRA-MANGORO,5,Toamasina,exact/district,
33105,AMPITATSIMO,331,AMBATONDRAZAKA,ALAOTRA MANGORO,510107,AMPITATSIMO,5101,AMBATONDRAZAKA,51,ALAOTRA-MANGORO,5,Toamasina,exact/district,
33106,AMBOHITSILAOZANA,331,AMBATONDRAZAKA,ALAOTRA MANGORO,510105,AMBOHITSILAOZANA,5101,AMBATONDRAZAKA,51,ALAOTRA-MANGORO,5,Toamasina,exact/district,
33107,ILAFY,331,AMBATONDRAZAKA,ALAOTRA MANGORO,510115,ILAFY,5101,AMBATONDRAZAKA,51,ALAOTRA-MANGORO,5,Toamasina,exact/district,
33108,MANAKAMBAHINY ANDREFANA,331,AMBATONDRAZAKA,ALAOTRA MANGORO,510118,MANAKAMBAHINY OUEST,5101,AMBATONDRAZAKA,51,ALAOTRA-MANGORO,5,Toamasina,variante/district,
33109,ANTSANGASANGA,331,AMBATONDRAZAKA,ALAOTRA MANGORO,510111,ANTSANGASANGA,5101,AMBATONDRAZAKA,51,ALAOTRA-MANGORO,5,Toamasina,exact/district,
33110,AMBATOSORATRA,331,AMBATONDRAZAKA,ALAOTRA MANGORO,510104,AMBATOSORATRA,5101,AMBATONDRAZAKA,51,ALAOTRA-MANGORO,5,Toamasina,exact/district,
33111,ANDILANATOBY,331,AMBATONDRAZAKA,ALAOTRA MANGORO,510108,ANDILANATOBY,5101,AMBATONDRAZAKA,51,ALAOTRA-MANGORO,5,Toamasina,exact/district,
33112,BEJOFO,331,AMBATONDRAZAKA,ALAOTRA MANGORO,510112,BEJOFO,5101,AMBATONDRAZAKA,51,ALAOTRA-MANGORO,5,Toamasina,exact/district,
33113,DIDY,331,AMBATONDRAZAKA,ALAOTRA MANGORO,510113,DIDY,5101,AMBATONDRAZAKA,51,ALAOTRA-MANGORO,5,Toamasina,exact/district,
33114,IMERIMANDROSO,331,AMBATONDRAZAKA,ALAOTRA MANGORO,510116,IMERIMANDROSO,5101,AMBATONDRAZAKA,51,ALAOTRA-MANGORO,5,Toamasina,exact/district,
33115,AMPARIHINTSOKATRA,331,AMBATONDRAZAKA,ALAOTRA MANGORO,510106,AMPARIHINTSOKATRA,5101,AMBATONDRAZAKA,51,ALAOTRA-MANGORO,5,Toamasina,exact/district,
33116,ANTANANDAVA,331,AMBATONDRAZAKA,ALAOTRA MANGORO,510110,ANTANANDAVA,5101,AMBATONDRAZAKA,51,ALAOTRA-MANGORO,5,Toamasina,exact/district,
33117,ANDROMBA,331,AMBATONDRAZAKA,ALAOTRA MANGORO,510109,ANDROMBA,5101,AMBATONDRAZAKA,51,ALAOTRA-MANGORO,5,Toamasina,exact/district,
33118,MANAKAMBAHINY ANTSINANANA,331,AMBATONDRAZAKA,ALAOTRA MANGORO,510117,MANAKAMBAHINY EST,5101,AMBATONDRAZAKA,51,ALAOTRA-MANGORO,5,Toamasina,variante/district,
33119,SOALAZAINA,331,AMBATONDRAZAKA,ALAOTRA MANGORO,510119,SOALAZAINA,5101,AMBATONDRAZAKA,51,ALAOTRA-MANGORO,5,Toamasina,exact/district,
33120,TANAMBAO BESAKAY,331,AMBATONDRAZAKA,ALAOTRA MANGORO,510120,TANAMBAO BESAKAY,5101,AMBATONDRAZAKA,51,ALAOTRA-MANGORO,5,Toamasina,exact/district,
33121,AMBOHIDAVA,331,AMBATONDRAZAKA,ALAOTRA MANGORO,510121,AMBOHIDAVA,5101,AMBATONDRAZAKA,51,ALAOTRA-MANGORO,5,Toamasina,exact/district,
33122,AMBOHIBOROMANGA,331,AMBATONDRAZAKA,ALAOTRA MANGORO,510122,AMBOHIBOROMANGA,5101,AMBATONDRAZAKA,51,ALAOTRA-MANGORO,5,Toamasina,exact/district,
33201,ANDILAMENA,332,ANDILAMENA,ALAOTRA MANGORO,510301,ANDILAMENA,5103,ANDILAMENA,51,ALAOTRA-MANGORO,5,Toamasina,exact/district,
33202,MAITSOKELY,332,ANDILAMENA,ALAOTRA MANGORO,510304,MAITSOKELY,5103,ANDILAMENA,51,ALAOTRA-MANGORO,5,Toamasina,exact/district,
33203,AMPONDRABE,332,ANDILAMENA,ALAOTRA MANGORO,510309,AMPONDRABE,5103,ANDILAMENA,51,ALAOTRA-MANGORO,5,Toamasina,exact/district,
33204,MIARINARIVO,332,ANDILAMENA,ALAOTRA MANGORO,510307,MIARINARIVO,5103,ANDILAMENA,51,ALAOTRA-MANGORO,5,Toamasina,exact/district,
33205,MAROVATO,332,ANDILAMENA,ALAOTRA MANGORO,510306,MAROVATO,5103,ANDILAMENA,51,ALAOTRA-MANGORO,5,Toamasina,exact/district,
33206,MAROADABO,332,ANDILAMENA,ALAOTRA MANGORO,510305,MAROADABO,5103,ANDILAMENA,51,ALAOTRA-MANGORO,5,Toamasina,exact/district,
33207,TANANANIFOLAHY,332,ANDILAMENA,ALAOTRA MANGORO,510308,TANANANIFOLOLAHY,5103,ANDILAMENA,51,ALAOTRA-MANGORO,5,Toamasina,flou/district,
33208,ANTANIMENABAKA,332,ANDILAMENA,ALAOTRA MANGORO,510302,ANTANIMENABAKA,5103,ANDILAMENA,51,ALAOTRA-MANGORO,5,Toamasina,exact/district,
33209,BEMAITSO,332,ANDILAMENA,ALAOTRA MANGORO,510303,BEMAITSO,5103,ANDILAMENA,51,ALAOTRA-MANGORO,5,Toamasina,exact/district,
33301,AMPARAFARAVOLA,333,AMPARAFARAVOLA,ALAOTRA MANGORO,510207,AMPARAFARAVOLA,5102,AMPARAFARAVOLA,51,ALAOTRA-MANGORO,5,Toamasina,exact/district,
33302,ANDREBAKELY NORD,333,AMPARAFARAVOLA,ALAOTRA MANGORO,510211,ANDREBAKELY NORD,5102,AMPARAFARAVOLA,51,ALAOTRA-MANGORO,5,Toamasina,exact/district,
33303,VOHIMENA,333,AMPARAFARAVOLA,ALAOTRA MANGORO,510219,VOHIMENA,5102,AMPARAFARAVOLA,51,ALAOTRA-MANGORO,5,Toamasina,exact/district,
33304,ANDILANA NORD,333,AMPARAFARAVOLA,ALAOTRA MANGORO,510209,ANDILANA NORD,5102,AMPARAFARAVOLA,51,ALAOTRA-MANGORO,5,Toamasina,exact/district,
33305,AMBOAVORY,333,AMPARAFARAVOLA,ALAOTRA MANGORO,510202,AMBOAVORY,5102,AMPARAFARAVOLA,51,ALAOTRA-MANGORO,5,Toamasina,exact/district,
33306,AMBODIMANGA,333,AMPARAFARAVOLA,ALAOTRA MANGORO,510203,AMBODIMANGA,5102,AMPARAFARAVOLA,51,ALAOTRA-MANGORO,5,Toamasina,exact/district,
33307,TANAMBE,333,AMPARAFARAVOLA,ALAOTRA MANGORO,510218,TANAMBE,5102,AMPARAFARAVOLA,51,ALAOTRA-MANGORO,5,Toamasina,exact/district,
33308,VOHITSARA,333,AMPARAFARAVOLA,ALAOTRA MANGORO,510220,VOHITSARA,5102,AMPARAFARAVOLA,51,ALAOTRA-MANGORO,5,Toamasina,exact/district,
33309,BEANANA,333,AMPARAFARAVOLA,ALAOTRA MANGORO,510213,BEANANA,5102,AMPARAFARAVOLA,51,ALAOTRA-MANGORO,5,Toamasina,exact/district,
33310,AMBOHIJANAHARY,333,AMPARAFARAVOLA,ALAOTRA MANGORO,510204,AMBOHIJANAHARY,5102,AMPARAFARAVOLA,51,ALAOTRA-MANGORO,5,Toamasina,exact/district,
33311,AMBOHITRARIVO,333,AMPARAFARAVOLA,ALAOTRA MANGORO,510206,AMBOHITRARIVO,5102,AMPARAFARAVOLA,51,ALAOTRA-MANGORO,5,Toamasina,exact/district,
33312,ANORORO,333,AMPARAFARAVOLA,ALAOTRA MANGORO,510212,ANORORO,5102,AMPARAFARAVOLA,51,ALAOTRA-MANGORO,5,Toamasina,exact/district,
33313,SAHAMAMY,333,AMPARAFARAVOLA,ALAOTRA MANGORO,510217,SAHAMAMY,5102,AMPARAFARAVOLA,51,ALAOTRA-MANGORO,5,Toamasina,exact/district,
33314,AMBOHIMANDROSO,333,AMPARAFARAVOLA,ALAOTRA MANGORO,510205,AMBOHIMANDROSO,5102,AMPARAFARAVOLA,51,ALAOTRA-MANGORO,5,Toamasina,exact/district,
33315,BEDIDY,333,AMPARAFARAVOLA,ALAOTRA MANGORO,510214,BEDIDY,5102,AMPARAFARAVOLA,51,ALAOTRA-MANGORO,5,Toamasina,exact/district,
33316,AMBATOMAINTY,333,AMPARAFARAVOLA,ALAOTRA MANGORO,510201,AMBATOMAINTY,5102,AMPARAFARAVOLA,51,ALAOTRA-MANGORO,5,Toamasina,exact/district,
33317,AMPASIKELY,333,AMPARAFARAVOLA,ALAOTRA MANGORO,510208,AMPASIKELY,5102,AMPARAFARAVOLA,51,ALAOTRA-MANGORO,5,Toamasina,exact/district,
33318,ANDREBAKELY SUD,333,AMPARAFARAVOLA,ALAOTRA MANGORO,510210,ANDREBAKELY SUD,5102,AMPARAFARAVOLA,51,ALAOTRA-MANGORO,5,Toamasina,exact/district,
33319,MORARANO CHROME,333,AMPARAFARAVOLA,ALAOTRA MANGORO,510215,MORARANO CHROME,5102,AMPARAFARAVOLA,51,ALAOTRA-MANGORO,5,Toamasina,exact/district,
33320,RANOMAINTY,333,AMPARAFARAVOLA,ALAOTRA MANGORO,510216,RANOMAINTY,5102,AMPARAFARAVOLA,51,ALAOTRA-MANGORO,5,Toamasina,exact/district,
33321,ANDRANOBE,333,AMPARAFARAVOLA,ALAOTRA MANGORO,510221,ANDRANOBE,5102,AMPARAFARAVOLA,51,ALAOTRA-MANGORO,5,Toamasina,exact/district,
33322,AMBODIRANO,333,AMPARAFARAVOLA,ALAOTRA MANGORO,510222,AMBODIRANO,5102,AMPARAFARAVOLA,51,ALAOTRA-MANGORO,5,Toamasina,exact/district,
33401,MORAMANGA,334,MORAMANGA,ALAOTRA MANGORO,510518,MORAMANGA,5105,MORAMANGA,51,ALAOTRA-MANGORO,5,Toamasina,exact/district,
33402,ANDAINGO,334,MORAMANGA,ALAOTRA MANGORO,510507,ANDAINGO,5105,MORAMANGA,51,ALAOTRA-MANGORO,5,Toamasina,exact/district,
33403,BEMBARY,334,MORAMANGA,ALAOTRA MANGORO,510522,BEMBARY,5105,MORAMANGA,51,ALAOTRA-MANGORO,5,Toamasina,exact/district,
33404,AMBOASARY,334,MORAMANGA,ALAOTRA MANGORO,510502,AMBOASARY,5105,MORAMANGA,51,ALAOTRA-MANGORO,5,Toamasina,exact/district,
33405,ANALASOA,334,MORAMANGA,ALAOTRA MANGORO,510523,ANALASOA,5105,MORAMANGA,51,ALAOTRA-MANGORO,5,Toamasina,exact/district,
33406,FIERENANA,334,MORAMANGA,ALAOTRA MANGORO,510515,FIERENANA,5105,MORAMANGA,51,ALAOTRA-MANGORO,5,Toamasina,exact/district,
33407,ANTANIDITRA,334,MORAMANGA,ALAOTRA MANGORO,510511,ANTANIDITRA,5105,MORAMANGA,51,ALAOTRA-MANGORO,5,Toamasina,exact/district,
33408,MANDIALAZA,334,MORAMANGA,ALAOTRA MANGORO,510517,MANDIALAZA,5105,MORAMANGA,51,ALAOTRA-MANGORO,5,Toamasina,exact/district,
33409,MORARANO GARA,334,MORAMANGA,ALAOTRA MANGORO,510519,MORARANO GARE,5105,MORAMANGA,51,ALAOTRA-MANGORO,5,Toamasina,flou/district,
33410,AMPASIPOTSY MANDIALAZA,334,MORAMANGA,ALAOTRA MANGORO,510506,AMPASIPOTSY MANDIALAZA,5105,MORAMANGA,51,ALAOTRA-MANGORO,5,Toamasina,exact/district,
33411,AMBOHIDRONONO,334,MORAMANGA,ALAOTRA MANGORO,510504,AMBOHIDRONONO,5105,MORAMANGA,51,ALAOTRA-MANGORO,5,Toamasina,exact/district,
33412,AMBOHIBARY,334,MORAMANGA,ALAOTRA MANGORO,510503,AMBOHIBARY,5105,MORAMANGA,51,ALAOTRA-MANGORO,5,Toamasina,exact/district,
33413,BELAVABARY,334,MORAMANGA,ALAOTRA MANGORO,510513,BELAVABARY,5105,MORAMANGA,51,ALAOTRA-MANGORO,5,Toamasina,exact/district,
33414,ANOSIBE IFODY,334,MORAMANGA,ALAOTRA MANGORO,510509,ANOSIBE IFODY,5105,MORAMANGA,51,ALAOTRA-MANGORO,5,Toamasina,exact/district,
33415,SABOTSY ANJIRO,334,MORAMANGA,ALAOTRA MANGORO,510520,SABOTSY ANJIRO,5105,MORAMANGA,51,ALAOTRA-MANGORO,5,Toamasina,exact/district,
33416,VODIRIANA,334,MORAMANGA,ALAOTRA MANGORO,510521,VODIRIANA,5105,MORAMANGA,51,ALAOTRA-MANGORO,5,Toamasina,exact/district,
33417,ANTANANDAVA,334,MORAMANGA,ALAOTRA MANGORO,510510,ANTANANDAVA,5105,MORAMANGA,51,ALAOTRA-MANGORO,5,Toamasina,exact/district,
33418,MANGARIVOTRA,334,MORAMANGA,ALAOTRA MANGORO,510514,MANGARIVOTRA (EX  BEPARASY),5105,MORAMANGA,51,ALAOTRA-MANGORO,5,Toamasina,prefixe/district,
33419,AMBATOVOLA,334,MORAMANGA,ALAOTRA MANGORO,510501,AMBATOVOLA,5105,MORAMANGA,51,ALAOTRA-MANGORO,5,Toamasina,exact/district,
33420,ANDASIBE,334,MORAMANGA,ALAOTRA MANGORO,510508,ANDASIBE,5105,MORAMANGA,51,ALAOTRA-MANGORO,5,Toamasina,exact/district,
33421,AMPASIPOTSY GARA,334,MORAMANGA,ALAOTRA MANGORO,510505,AMPASIPOTSY GARE,5105,MORAMANGA,51,ALAOTRA-MANGORO,5,Toamasina,flou/district,
33422,BEFORONA,334,MORAMANGA,ALAOTRA MANGORO,510512,BEFORONA,5105,MORAMANGA,51,ALAOTRA-MANGORO,5,Toamasina,exact/district,
33423,LAKATO,334,MORAMANGA,ALAOTRA MANGORO,510516,LAKATO,5105,MORAMANGA,51,ALAOTRA-MANGORO,5,Toamasina,exact/district,
33501,ANOSIBE AN'ALA,335,ANOSIBE-AN'ALA,ALAOTRA MANGORO,510405,ANOSIBE AN'ALA,5104,ANOSIBE AN ALA,51,ALAOTRA-MANGORO,5,Toamasina,exact/district,
33502,AMPANDROANTRAKA,335,ANOSIBE-AN'ALA,ALAOTRA MANGORO,510403,AMPANDROANTRAKA,5104,ANOSIBE AN ALA,51,ALAOTRA-MANGORO,5,Toamasina,exact/district,
33503,TRATRAMARINA,335,ANOSIBE-AN'ALA,ALAOTRA MANGORO,510409,TRATRAMARINA,5104,ANOSIBE AN ALA,51,ALAOTRA-MANGORO,5,Toamasina,exact/district,
33504,AMBODIMERANA,335,ANOSIBE-AN'ALA,ALAOTRA MANGORO,510411,AMBODIMERANA,5104,ANOSIBE AN ALA,51,ALAOTRA-MANGORO,5,Toamasina,exact/district,
33505,AMBATOHARANANA,335,ANOSIBE-AN'ALA,ALAOTRA MANGORO,510402,AMBATOHARANANA,5104,ANOSIBE AN ALA,51,ALAOTRA-MANGORO,5,Toamasina,exact/district,
33506,NIAROVANA MAROSAMPANANA,335,ANOSIBE-AN'ALA,ALAOTRA MANGORO,510408,NIAROVANA,5104,ANOSIBE AN ALA,51,ALAOTRA-MANGORO,5,Toamasina,prefixe/district,
33507,AMPASIMANEVA,335,ANOSIBE-AN'ALA,ALAOTRA MANGORO,510404,AMPASIMANEVA,5104,ANOSIBE AN ALA,51,ALAOTRA-MANGORO,5,Toamasina,exact/district,
33508,TSARAVINANY,335,ANOSIBE-AN'ALA,ALAOTRA MANGORO,510410,TSARAVINANY,5104,ANOSIBE AN ALA,51,ALAOTRA-MANGORO,5,Toamasina,exact/district,
33509,ANTANDROKOMBY,335,ANOSIBE-AN'ALA,ALAOTRA MANGORO,510406,ANTANDROKOMBY,5104,ANOSIBE AN ALA,51,ALAOTRA-MANGORO,5,Toamasina,exact/district,
33510,AMBALAOMBY,335,ANOSIBE-AN'ALA,ALAOTRA MANGORO,510401,AMBALAOMBY,5104,ANOSIBE AN ALA,51,ALAOTRA-MANGORO,5,Toamasina,exact/district,
33511,LONGOZABE,335,ANOSIBE-AN'ALA,ALAOTRA MANGORO,510407,LONGOZABE,5104,ANOSIBE AN ALA,51,ALAOTRA-MANGORO,5,Toamasina,exact/district,
41101,MAHAJANGA VILLE,411,MAHAJANGA I,BOENY,420201,MAHAJANGA,4202,MAHAJANGA I,42,BOENY,4,Mahajanga,prefixe/district,
41102,MAHABIBO,411,MAHAJANGA I,BOENY,420201,MAHAJANGA,4202,MAHAJANGA I,42,BOENY,4,Mahajanga,fusion_urbaine,
41201,BELOBAKA,412,MAHAJANGA II,BOENY,420305,BELOBAKA,4203,MAHAJANGA II,42,BOENY,4,Mahajanga,exact/district,
41202,MARIARANO,412,MAHAJANGA II,BOENY,420309,MARIARANO,4203,MAHAJANGA II,42,BOENY,4,Mahajanga,exact/district,
41203,BETSAKO,412,MAHAJANGA II,BOENY,420306,BETSAKO,4203,MAHAJANGA II,42,BOENY,4,Mahajanga,exact/district,
41204,ANDRANOBOKA,412,MAHAJANGA II,BOENY,420303,ANDRANOBOKA,4203,MAHAJANGA II,42,BOENY,4,Mahajanga,exact/district,
41205,MAHAJAMBA USINE,412,MAHAJANGA II,BOENY,420308,MAHAJAMBA USINE,4203,MAHAJANGA II,42,BOENY,4,Mahajanga,exact/district,
41206,AMBALAKIDA,412,MAHAJANGA II,BOENY,420302,AMBALAKIDA,4203,MAHAJANGA II,42,BOENY,4,Mahajanga,exact/district,
41207,BEKOBAY,412,MAHAJANGA II,BOENY,420304,BEKOBAY CENTRE,4203,MAHAJANGA II,42,BOENY,4,Mahajanga,prefixe/district,
41208,AMBALABE BEFANJAVA,412,MAHAJANGA II,BOENY,420301,AMBALABE BEFANJAVA,4203,MAHAJANGA II,42,BOENY,4,Mahajanga,exact/district,
41209,BOANAMARY,412,MAHAJANGA II,BOENY,420307,BOANAMARY,4203,MAHAJANGA II,42,BOENY,4,Mahajanga,exact/district,
41301,MITSINJO,413,MITSINJO,BOENY,420507,MITSINJO,4205,MITSINJO,42,BOENY,4,Mahajanga,exact/district,
41302,ANTSEZA,413,MITSINJO,BOENY,420503,ANTSEZA,4205,MITSINJO,42,BOENY,4,Mahajanga,exact/district,
41303,ANTONGOMENA BEVARY,413,MITSINJO,BOENY,420502,ANTONGOMENA BEVARY,4205,MITSINJO,42,BOENY,4,Mahajanga,exact/district,
41304,MATSAKABANJA,413,MITSINJO,BOENY,420506,MATSAKABANJA,4205,MITSINJO,42,BOENY,4,Mahajanga,exact/district,
41305,KATSEPY,413,MITSINJO,BOENY,420505,KATSEPY,4205,MITSINJO,42,BOENY,4,Mahajanga,exact/district,
41306,BEKIPAY,413,MITSINJO,BOENY,420504,BEKIPAY,4205,MITSINJO,42,BOENY,4,Mahajanga,exact/district,
41307,AMBARIMANINGA,413,MITSINJO,BOENY,420501,AMBARIMANINGA,4205,MITSINJO,42,BOENY,4,Mahajanga,exact/district,
41401,MAROVOAY VILLE,414,MAROVOAY,BOENY,420410,MAROVOAY,4204,MAROVOAY,42,BOENY,4,Mahajanga,prefixe/district,
41402,ANTANAMBAO ANDRANOLAVA,414,MAROVOAY,BOENY,420405,ANTANAMBAO ANDRANOLAVA,4204,MAROVOAY,42,BOENY,4,Mahajanga,exact/district,
41403,MAROVOAY BANLIEUE,414,MAROVOAY,BOENY,420411,MAROVOAY BANLIEUE,4204,MAROVOAY,42,BOENY,4,Mahajanga,exact/district,
41404,ANKAZOMBORONA,414,MAROVOAY,BOENY,420403,ANKAZOMBORONA,4204,MAROVOAY,42,BOENY,4,Mahajanga,exact/district,
41405,MAROSAKOA,414,MAROVOAY,BOENY,420409,MAROSAKOA,4204,MAROVOAY,42,BOENY,4,Mahajanga,exact/district,
41406,AMBOLOMOTY,414,MAROVOAY,BOENY,420401,AMBOLOMOTY,4204,MAROVOAY,42,BOENY,4,Mahajanga,exact/district,
41407,MANARATSANDRY,414,MAROVOAY,BOENY,420408,MANARATSANDRY,4204,MAROVOAY,42,BOENY,4,Mahajanga,exact/district,
41408,TSARARANO,414,MAROVOAY,BOENY,420412,TSARARANO,4204,MAROVOAY,42,BOENY,4,Mahajanga,exact/district,
41409,ANOSINALAINOLONA,414,MAROVOAY,BOENY,420404,ANOSINALAINOLONA,4204,MAROVOAY,42,BOENY,4,Mahajanga,exact/district,
41410,ANTANIMASAKA,414,MAROVOAY,BOENY,420406,ANTANIMASAKA,4204,MAROVOAY,42,BOENY,4,Mahajanga,exact/district,
41411,ANKABOKA,414,MAROVOAY,BOENY,420413,ANKABOKA,4204,MAROVOAY,42,BOENY,4,Mahajanga,exact/district,
41412,BEMARIVO,414,MAROVOAY,BOENY,420407,BEMAHARIVO,4204,MAROVOAY,42,BOENY,4,Mahajanga,flou/district,
41413,ANKARAOBATO,414,MAROVOAY,BOENY,420402,ANKARAOBATO,4204,MAROVOAY,42,BOENY,4,Mahajanga,exact/district,
41501,SOALALA,415,SOALALA,BOENY,420603,SOALALA,4206,SOALALA,42,BOENY,4,Mahajanga,exact/district,
41502,ANTSAKOAMILEKA,415,SOALALA,BOENY,420604,ANTSAKOAMILEKA,4206,SOALALA,42,BOENY,4,Mahajanga,exact/district,
41503,AMBOHIPAKY,415,SOALALA,BOENY,420601,AMBOHIPAKY,4206,SOALALA,42,BOENY,4,Mahajanga,exact/district,
41504,ANDRANOMAVO,415,SOALALA,BOENY,420602,ANDRANOMAVO,4206,SOALALA,42,BOENY,4,Mahajanga,exact/district,
41601,AMBATOBOENY,416,AMBATO BOENI,BOENY,420101,AMBATOBOENY,4201,AMBATO BOENI,42,BOENY,4,Mahajanga,exact/district,
41602,MANERINERINA,416,AMBATO BOENI,BOENY,420109,MANERINERINA,4201,AMBATO BOENI,42,BOENY,4,Mahajanga,exact/district,
41603,AMBONDROMAMY,416,AMBATO BOENI,BOENY,420102,AMBONDROMAMY,4201,AMBATO BOENI,42,BOENY,4,Mahajanga,exact/district,
41604,ANDRANOMAMY,416,AMBATO BOENI,BOENY,420104,ANDRANOMAMY,4201,AMBATO BOENI,42,BOENY,4,Mahajanga,exact/district,
41605,TSARAMANDROSO,416,AMBATO BOENI,BOENY,420111,TSARAMANDROSO,4201,AMBATO BOENI,42,BOENY,4,Mahajanga,exact/district,
41606,ANJIAJIA,416,AMBATO BOENI,BOENY,420105,ANJIAJIA,4201,AMBATO BOENI,42,BOENY,4,Mahajanga,exact/district,
41607,ANDRANOFASIKA,416,AMBATO BOENI,BOENY,420103,ANDRANOFASIKA,4201,AMBATO BOENI,42,BOENY,4,Mahajanga,exact/district,
41608,ANKIJABE,416,AMBATO BOENI,BOENY,420106,ANKIJABE,4201,AMBATO BOENI,42,BOENY,4,Mahajanga,exact/district,
41609,AMBESISIKA,416,AMBATO BOENI,BOENY,420112,AMBESISIKA,4201,AMBATO BOENI,42,BOENY,4,Mahajanga,exact/district,
41610,ANKIRIHITRA,416,AMBATO BOENI,BOENY,420107,ANKIRIHITRA,4201,AMBATO BOENI,42,BOENY,4,Mahajanga,exact/district,
41611,MADIROVALO,416,AMBATO BOENI,BOENY,420108,MADIROVALO,4201,AMBATO BOENI,42,BOENY,4,Mahajanga,exact/district,
41612,SITAMPIKY,416,AMBATO BOENI,BOENY,420110,SITAMPIKY,4201,AMBATO BOENI,42,BOENY,4,Mahajanga,exact/district,
42101,ANTSOHIHY,421,ANTSOHIHY,SOFIA,440211,ANTSOHIHY,4402,ANTSOHIHY,44,SOFIA,4,Mahajanga,exact/district,
42102,AMBODIMADIRO,421,ANTSOHIHY,SOFIA,440201,AMBODIMADIRO,4402,ANTSOHIHY,44,SOFIA,4,Mahajanga,exact/district,
42103,ANDREBA,421,ANTSOHIHY,SOFIA,440206,ANDREBA,4402,ANTSOHIHY,44,SOFIA,4,Mahajanga,exact/district,
42104,ANTSAHABE,421,ANTSOHIHY,SOFIA,440210,ANTSAHABE,4402,ANTSOHIHY,44,SOFIA,4,Mahajanga,exact/district,
42105,AMBODIMANDRESY,421,ANTSOHIHY,SOFIA,440203,AMBODIMANDRESY,4402,ANTSOHIHY,44,SOFIA,4,Mahajanga,exact/district,
42106,ANKERIKA,421,ANTSOHIHY,SOFIA,440209,ANKERIKA,4402,ANTSOHIHY,44,SOFIA,4,Mahajanga,exact/district,
42107,AMPANDRIANKILANDY,421,ANTSOHIHY,SOFIA,440204,AMPANDRIANKILANDY,4402,ANTSOHIHY,44,SOFIA,4,Mahajanga,exact/district,
42108,ANJALAZALA,421,ANTSOHIHY,SOFIA,440207,ANJALAZALA,4402,ANTSOHIHY,44,SOFIA,4,Mahajanga,exact/district,
42109,AMBODIMANARY,421,ANTSOHIHY,SOFIA,440202,AMBODIMANARY,4402,ANTSOHIHY,44,SOFIA,4,Mahajanga,exact/district,
42110,ANAHIDRANO,421,ANTSOHIHY,SOFIA,440205,ANAHIDRANO,4402,ANTSOHIHY,44,SOFIA,4,Mahajanga,exact/district,
42111,ANJIAMANGIRANA,421,ANTSOHIHY,SOFIA,440208,ANJIAMANGIRANA,4402,ANTSOHIHY,44,SOFIA,4,Mahajanga,exact/district,
42112,MAROALA,421,ANTSOHIHY,SOFIA,440212,MAROALA,4402,ANTSOHIHY,44,SOFIA,4,Mahajanga,exact/district,
42113,AMBALAFAMINTY,421,ANTSOHIHY,SOFIA,440213,AMBALAFAMINTY,4402,ANTSOHIHY,44,SOFIA,4,Mahajanga,exact/district,
42201,ANALALAVA,422,ANALALAVA,SOFIA,440104,ANALALAVA,4401,ANALALAVA,44,SOFIA,4,Mahajanga,exact/district,
42202,AMBOLOBOZO,422,ANALALAVA,SOFIA,440103,AMBOLOBOZO,4401,ANALALAVA,44,SOFIA,4,Mahajanga,exact/district,
42203,AMBARIJEBY SUD,422,ANALALAVA,SOFIA,440102,AMBARIJEBY SUD,4401,ANALALAVA,44,SOFIA,4,Mahajanga,exact/district,
42204,BEFOTAKA NORD,422,ANALALAVA,SOFIA,440109,BEFOTAKA NORD,4401,ANALALAVA,44,SOFIA,4,Mahajanga,exact/district,
42205,MAROMANDIA,422,ANALALAVA,SOFIA,440111,MAROMANDIA,4401,ANALALAVA,44,SOFIA,4,Mahajanga,exact/district,
42206,ANKARAMIBE,422,ANALALAVA,SOFIA,440107,ANKARAMY,4401,ANALALAVA,44,SOFIA,4,Mahajanga,exception,ANKARAMIBE -> ANKARAMY
42207,AMBALIHA,422,ANALALAVA,SOFIA,440101,AMBALIHA,4401,ANALALAVA,44,SOFIA,4,Mahajanga,exact/district,
42208,MAROVANTAZA,422,ANALALAVA,SOFIA,440112,MAROVANTAZA,4401,ANALALAVA,44,SOFIA,4,Mahajanga,exact/district,
42209,ANDREVOREVO,422,ANALALAVA,SOFIA,440115,ANDREVOREVO,4401,ANALALAVA,44,SOFIA,4,Mahajanga,exact/district,
42210,MAROVATOLENA,422,ANALALAVA,SOFIA,440113,MAROVATOLENA,4401,ANALALAVA,44,SOFIA,4,Mahajanga,exact/district,
42211,MAHADRODROKA,422,ANALALAVA,SOFIA,440110,MAHADRODROKA,4401,ANALALAVA,44,SOFIA,4,Mahajanga,exact/district,
42212,ANGOAKA SUD,422,ANALALAVA,SOFIA,440106,ANGOAKA SUD,4401,ANALALAVA,44,SOFIA,4,Mahajanga,exact/district,
42213,BEJOFO,422,ANALALAVA,SOFIA,440114,BEJOFO,4401,ANALALAVA,44,SOFIA,4,Mahajanga,exact/district,
42214,ANTONIBE,422,ANALALAVA,SOFIA,440108,ANTONIBE,4401,ANALALAVA,44,SOFIA,4,Mahajanga,exact/district,
42215,ANDRIBAVONTSINA,422,ANALALAVA,SOFIA,440105,ANDRIBAVONTSINA,4401,ANALALAVA,44,SOFIA,4,Mahajanga,exact/district,
42301,BEALANANA,423,BEALANANA,SOFIA,440315,BEALALANA,4403,BEALANANA,44,SOFIA,4,Mahajanga,flou/district,
42302,BEANDRAREZONA,423,BEALANANA,SOFIA,440316,BEANDRAREZONA,4403,BEALANANA,44,SOFIA,4,Mahajanga,exact/district,
42303,ANTANANIVO HAUT,423,BEALANANA,SOFIA,440313,ANTANANIVO HAUT,4403,BEALANANA,44,SOFIA,4,Mahajanga,exact/district,
42304,ANTSAMAKA,423,BEALANANA,SOFIA,440314,ANTSAMAKA,4403,BEALANANA,44,SOFIA,4,Mahajanga,exact/district,
42305,AMBATOSIA,423,BEALANANA,SOFIA,440305,AMBATOSIA,4403,BEALANANA,44,SOFIA,4,Mahajanga,exact/district,
42306,AMBODIAMPANA,423,BEALANANA,SOFIA,440307,AMBODIAMPANA,4403,BEALANANA,44,SOFIA,4,Mahajanga,exact/district,
42307,AMBATORIHA EST,423,BEALANANA,SOFIA,440304,AMBATORIHA EST,4403,BEALANANA,44,SOFIA,4,Mahajanga,exact/district,
42308,AMBOVONOMBY,423,BEALANANA,SOFIA,440309,AMBOVONOMBY,4403,BEALANANA,44,SOFIA,4,Mahajanga,exact/district,
42309,ANALILA,423,BEALANANA,SOFIA,440310,ANALILA,4403,BEALANANA,44,SOFIA,4,Mahajanga,exact/district,
42310,ANJOZOROMADOSY,423,BEALANANA,SOFIA,440311,ANJOZOROMADOSY,4403,BEALANANA,44,SOFIA,4,Mahajanga,exact/district,
42311,MANGINDRANO,423,BEALANANA,SOFIA,440317,MANGINDRANO,4403,BEALANANA,44,SOFIA,4,Mahajanga,exact/district,
42312,AMBARARATABE NORD,423,BEALANANA,SOFIA,440303,AMBARARATABE NORD,4403,BEALANANA,44,SOFIA,4,Mahajanga,exact/district,
42313,AMBODISIKIDY,423,BEALANANA,SOFIA,440308,AMBODISIKIDY,4403,BEALANANA,44,SOFIA,4,Mahajanga,exact/district,
42314,AMBARARATA SOFIA,423,BEALANANA,SOFIA,440302,AMBARARATA SOFIA,4403,BEALANANA,44,SOFIA,4,Mahajanga,exact/district,
42315,MAROTOLANA,423,BEALANANA,SOFIA,440318,MAROTOLANA,4403,BEALANANA,44,SOFIA,4,Mahajanga,exact/district,
42316,AMBODIADABO M,423,BEALANANA,SOFIA,440306,AMBODIADABO M,4403,BEALANANA,44,SOFIA,4,Mahajanga,exact/district,
42317,ANKAZOTOKANA,423,BEALANANA,SOFIA,440312,ANKAZOTOKANA,4403,BEALANANA,44,SOFIA,4,Mahajanga,exact/district,
42318,AMBALAROMBA,423,BEALANANA,SOFIA,440301,AMBALAROMBA,4403,BEALANANA,44,SOFIA,4,Mahajanga,exact/district,
42319,AMBOHIMISONDROTRA,423,BEALANANA,SOFIA,440319,AMBOHIMISONDROTRA,4403,BEALANANA,44,SOFIA,4,Mahajanga,exact/district,
42320,ANTSIRANDAVA,423,BEALANANA,SOFIA,440320,ANTSIRADAVA,4403,BEALANANA,44,SOFIA,4,Mahajanga,flou/district,
42401,BEFANDRIANA NORD,424,BEFANDRIANA NORD,SOFIA,440407,BEFANDRIANA NORD,4404,BEFANDRIANA NORD,44,SOFIA,4,Mahajanga,exact/district,
42402,MORAFENO,424,BEFANDRIANA NORD,SOFIA,440410,MORAFENO,4404,BEFANDRIANA NORD,44,SOFIA,4,Mahajanga,exact/district,
42403,AMBODIMOTSO SUD,424,BEFANDRIANA NORD,SOFIA,440402,AMBODIMOTSO SUD,4404,BEFANDRIANA NORD,44,SOFIA,4,Mahajanga,exact/district,
42404,TSIAMALAO,424,BEFANDRIANA NORD,SOFIA,440412,TSIAMALAO,4404,BEFANDRIANA NORD,44,SOFIA,4,Mahajanga,exact/district,
42405,MAROAMALONA,424,BEFANDRIANA NORD,SOFIA,440408,MAROAMALONA,4404,BEFANDRIANA NORD,44,SOFIA,4,Mahajanga,exact/district,
42406,TSARAHONENANA,424,BEFANDRIANA NORD,SOFIA,440411,TSARAHONENANA,4404,BEFANDRIANA NORD,44,SOFIA,4,Mahajanga,exact/district,
42407,ANTSAKANALABE,424,BEFANDRIANA NORD,SOFIA,440406,ANTSAKANALABE,4404,BEFANDRIANA NORD,44,SOFIA,4,Mahajanga,exact/district,
42408,AMBARARATA,424,BEFANDRIANA NORD,SOFIA,440401,AMBARARATA,4404,BEFANDRIANA NORD,44,SOFIA,4,Mahajanga,exact/district,
42409,AMBOLIDIBE EST,424,BEFANDRIANA NORD,SOFIA,440403,AMBOLIDIBE EST,4404,BEFANDRIANA NORD,44,SOFIA,4,Mahajanga,exact/district,
42410,ANKARONGANA,424,BEFANDRIANA NORD,SOFIA,440404,ANKARONGANA,4404,BEFANDRIANA NORD,44,SOFIA,4,Mahajanga,exact/district,
42411,ANTSAKABARY,424,BEFANDRIANA NORD,SOFIA,440405,ANTSAKABARY,4404,BEFANDRIANA NORD,44,SOFIA,4,Mahajanga,exact/district,
42412,MATSONDAKANA,424,BEFANDRIANA NORD,SOFIA,440409,MATSONDAKANA,4404,BEFANDRIANA NORD,44,SOFIA,4,Mahajanga,exact/district,
42413,BELALONA,424,BEFANDRIANA NORD,SOFIA,440413,BELALONA,4404,BEFANDRIANA NORD,44,SOFIA,4,Mahajanga,exact/district,
42414,AMBODIMOTSO,424,BEFANDRIANA NORD,SOFIA,440414,AMBODIMOTSO-HAUT,4404,BEFANDRIANA NORD,44,SOFIA,4,Mahajanga,prefixe/district,
42501,PORT BERGE,425,PORT-BERGE(BORIZINY-VAOVAO),SOFIA,440711,PORT-BERGE,4407,PORT-BERGE,44,SOFIA,4,Mahajanga,exact/district,
42502,TSARAHASINA,425,PORT-BERGE(BORIZINY-VAOVAO),SOFIA,440712,TSARAHASINA,4407,PORT-BERGE,44,SOFIA,4,Mahajanga,exact/district,
42503,PORT BERGE II,425,PORT-BERGE(BORIZINY-VAOVAO),SOFIA,440710,PORT BERGE II,4407,PORT-BERGE,44,SOFIA,4,Mahajanga,exact/district,
42504,AMBODIVONGO,425,PORT-BERGE(BORIZINY-VAOVAO),SOFIA,440704,AMBODIVONGO,4407,PORT-BERGE,44,SOFIA,4,Mahajanga,exact/district,
42505,IHOBAKA,425,PORT-BERGE(BORIZINY-VAOVAO),SOFIA,440716,IHOBAKA,4407,PORT-BERGE,44,SOFIA,4,Mahajanga,exact/district,
42506,AMBODIMAHABIBO,425,PORT-BERGE(BORIZINY-VAOVAO),SOFIA,440702,AMBODIMAHABIBO,4407,PORT-BERGE,44,SOFIA,4,Mahajanga,exact/district,
42507,MAROVATO,425,PORT-BERGE(BORIZINY-VAOVAO),SOFIA,440709,MAROVATO,4407,PORT-BERGE,44,SOFIA,4,Mahajanga,exact/district,
42508,TSARATANANA I,425,PORT-BERGE(BORIZINY-VAOVAO),SOFIA,440713,TSARATANANA I,4407,PORT-BERGE,44,SOFIA,4,Mahajanga,exact/district,
42509,ANDRANOMEVA,425,PORT-BERGE(BORIZINY-VAOVAO),SOFIA,440706,ANDRANOMEVA,4407,PORT-BERGE,44,SOFIA,4,Mahajanga,exact/district,
42510,AMBATOMILAHATRANO,425,PORT-BERGE(BORIZINY-VAOVAO),SOFIA,440717,AMBATOMILAHATRANO,4407,PORT-BERGE,44,SOFIA,4,Mahajanga,exact/district,
42511,AMPARIHY,425,PORT-BERGE(BORIZINY-VAOVAO),SOFIA,440705,AMPARIHY,4407,PORT-BERGE,44,SOFIA,4,Mahajanga,exact/district,
42512,AMBANJABE,425,PORT-BERGE(BORIZINY-VAOVAO),SOFIA,440701,AMBANJABE,4407,PORT-BERGE,44,SOFIA,4,Mahajanga,exact/district,
42513,LEANJA,425,PORT-BERGE(BORIZINY-VAOVAO),SOFIA,440707,LEANJA,4407,PORT-BERGE,44,SOFIA,4,Mahajanga,exact/district,
42514,AMBODISAKOANA,425,PORT-BERGE(BORIZINY-VAOVAO),SOFIA,440703,AMBODISAKOANA,4407,PORT-BERGE,44,SOFIA,4,Mahajanga,exact/district,
42515,TSINJOMITONDRAKA,425,PORT-BERGE(BORIZINY-VAOVAO),SOFIA,440715,TSINJOMITONDRAKA,4407,PORT-BERGE,44,SOFIA,4,Mahajanga,exact/district,
42516,MAEVARANOHELY,425,PORT-BERGE(BORIZINY-VAOVAO),SOFIA,440708,MAEVARANOHELY,4407,PORT-BERGE,44,SOFIA,4,Mahajanga,exact/district,
42517,ANDRANOMENA I,425,PORT-BERGE(BORIZINY-VAOVAO),SOFIA,440718,ANDRANOMENA I,4407,PORT-BERGE,44,SOFIA,4,Mahajanga,exact/district,
42518,TSININGIA,425,PORT-BERGE(BORIZINY-VAOVAO),SOFIA,440714,TSININGIA,4407,PORT-BERGE,44,SOFIA,4,Mahajanga,exact/district,
42601,MANDRITSARA,426,MANDRITSARA,SOFIA,440624,MANDRITSARA,4406,MANDRITSARA,44,SOFIA,4,Mahajanga,exact/district,
42602,PONT SOFIA,426,MANDRITSARA,SOFIA,440626,PONT -  SOFIA,4406,MANDRITSARA,44,SOFIA,4,Mahajanga,exact/district,
42603,ANKIABE SALOHY,426,MANDRITSARA,SOFIA,440615,ANKIABE SALOHY,4406,MANDRITSARA,44,SOFIA,4,Mahajanga,exact/district,
42604,ANTSATRAMIDOLA,426,MANDRITSARA,SOFIA,440618,ANTSATRAMIDOLA,4406,MANDRITSARA,44,SOFIA,4,Mahajanga,exact/district,
42605,AMBILOMBE,426,MANDRITSARA,SOFIA,440604,AMBILOMBE,4406,MANDRITSARA,44,SOFIA,4,Mahajanga,exact/district,
42606,KALANDY,426,MANDRITSARA,SOFIA,440622,KALANDY,4406,MANDRITSARA,44,SOFIA,4,Mahajanga,exact/district,
42607,AMBINANIFANGO,426,MANDRITSARA,SOFIA,440629,AMBINANIFANGO,4406,MANDRITSARA,44,SOFIA,4,Mahajanga,exact/district,
42608,ANTSOHA,426,MANDRITSARA,SOFIA,440621,ANTSOHA,4406,MANDRITSARA,44,SOFIA,4,Mahajanga,exact/district,
42609,AMBODIAMONTANA KIANGA,426,MANDRITSARA,SOFIA,440607,AMBODIAMONTANA KIANGA,4406,MANDRITSARA,44,SOFIA,4,Mahajanga,exact/district,
42610,ANKIAKABE FONOKO,426,MANDRITSARA,SOFIA,440614,ANKIAKABE FONOKO,4406,MANDRITSARA,44,SOFIA,4,Mahajanga,exact/district,
42611,AMBARIPAIKA,426,MANDRITSARA,SOFIA,440603,AMBARIPAIKA,4406,MANDRITSARA,44,SOFIA,4,Mahajanga,exact/district,
42612,ANJIABE,426,MANDRITSARA,SOFIA,440613,ANJIABE,4406,MANDRITSARA,44,SOFIA,4,Mahajanga,exact/district,
42613,AMBALAKIRAJY,426,MANDRITSARA,SOFIA,440601,AMBALAKIRAJY,4406,MANDRITSARA,44,SOFIA,4,Mahajanga,exact/district,
42614,TSARAJOMOKA,426,MANDRITSARA,SOFIA,440627,TSARAJOMOKA,4406,MANDRITSARA,44,SOFIA,4,Mahajanga,exact/district,
42615,AMBOABOA,426,MANDRITSARA,SOFIA,440605,AMBOABOA,4406,MANDRITSARA,44,SOFIA,4,Mahajanga,exact/district,
42616,ANTANANDAVA,426,MANDRITSARA,SOFIA,440617,ANTANANDAVA,4406,MANDRITSARA,44,SOFIA,4,Mahajanga,exact/district,
42617,AMBARIKORANO,426,MANDRITSARA,SOFIA,440602,AMBARIKORANO,4406,MANDRITSARA,44,SOFIA,4,Mahajanga,exact/district,
42618,ANDRATAMARINA,426,MANDRITSARA,SOFIA,440612,ANDRATAMARINA,4406,MANDRITSARA,44,SOFIA,4,Mahajanga,exact/district,
42619,MANAMPANEVA,426,MANDRITSARA,SOFIA,440623,MANAMPANEVA,4406,MANDRITSARA,44,SOFIA,4,Mahajanga,exact/district,
42620,TSARATANANA,426,MANDRITSARA,SOFIA,440628,TSARATANANA,4406,MANDRITSARA,44,SOFIA,4,Mahajanga,exact/district,
42621,ANTSIRABE CENTRE,426,MANDRITSARA,SOFIA,440620,ANTSIRABE CENTRE,4406,MANDRITSARA,44,SOFIA,4,Mahajanga,exact/district,
42622,ANTSIATSIAKA,426,MANDRITSARA,SOFIA,440619,ANTSIATSIAKA,4406,MANDRITSARA,44,SOFIA,4,Mahajanga,exact/district,
42623,ANTANAMBAON'AMBERINA,426,MANDRITSARA,SOFIA,440616,ANTANAMBAON'AMBERINA,4406,MANDRITSARA,44,SOFIA,4,Mahajanga,exact/district,
42624,MAROTANDRANO,426,MANDRITSARA,SOFIA,440625,MAROTANDRANO,4406,MANDRITSARA,44,SOFIA,4,Mahajanga,exact/district,
42625,AMBODIADABO,426,MANDRITSARA,SOFIA,440606,AMBODIADABO,4406,MANDRITSARA,44,SOFIA,4,Mahajanga,exact/district,
42626,AMBORONDOLO,426,MANDRITSARA,SOFIA,440609,AMBORONDOLO,4406,MANDRITSARA,44,SOFIA,4,Mahajanga,exact/district,
42627,AMPATAKAMARORENY,426,MANDRITSARA,SOFIA,440610,AMPATAKAMARORENY,4406,MANDRITSARA,44,SOFIA,4,Mahajanga,exact/district,
42628,AMBOHISOA,426,MANDRITSARA,SOFIA,440608,AMBOHISOA,4406,MANDRITSARA,44,SOFIA,4,Mahajanga,exact/district,
42629,ANDOHAJANGO,426,MANDRITSARA,SOFIA,440611,ANDOHAJANGO,4406,MANDRITSARA,44,SOFIA,4,Mahajanga,exact/district,
42701,MAMPIKONY I,427,MAMPIKONY,SOFIA,440509,MAMPIKONY,4405,MAMPIKONY,44,SOFIA,4,Mahajanga,exact/district,
42702,ANKIRIRIKY,427,MAMPIKONY,SOFIA,440504,ANKIRIRIKY,4405,MAMPIKONY,44,SOFIA,4,Mahajanga,exact/district,
42703,AMBOHITOAKA,427,MAMPIKONY,SOFIA,440502,AMBOHITOAKA,4405,MAMPIKONY,44,SOFIA,4,Mahajanga,exact/district,
42704,AMPASITERA,427,MAMPIKONY,SOFIA,440503,AMPASIMATERA,4405,MAMPIKONY,44,SOFIA,4,Mahajanga,flou/district,
42705,AMBODIHAZOAMBO,427,MAMPIKONY,SOFIA,440501,AMBODIHAZOAMBO,4405,MAMPIKONY,44,SOFIA,4,Mahajanga,exact/district,
42706,ANOVIALA NORD,427,MAMPIKONY,SOFIA,440511,ANOVILAVA NORD,4405,MAMPIKONY,44,SOFIA,4,Mahajanga,flou/district,
42707,KOMAJIA,427,MAMPIKONY,SOFIA,440507,KOMAJIA,4405,MAMPIKONY,44,SOFIA,4,Mahajanga,exact/district,
42708,MAMPIKONY II,427,MAMPIKONY,SOFIA,440510,MAMPIKONY II,4405,MAMPIKONY,44,SOFIA,4,Mahajanga,exact/district,
42709,BETARAMAHAMAY,427,MAMPIKONY,SOFIA,440506,BETARAMAHAMAY,4405,MAMPIKONY,44,SOFIA,4,Mahajanga,exact/district,
42710,BEKORATSAKA,427,MAMPIKONY,SOFIA,440505,BEKORATSAKA,4405,MAMPIKONY,44,SOFIA,4,Mahajanga,exact/district,
42711,MALAKIALINA,427,MAMPIKONY,SOFIA,440508,MALAKIALINA,4405,MAMPIKONY,44,SOFIA,4,Mahajanga,exact/district,
43101,MAEVATANANA I,431,MAEVATANANA,BETSIBOKA,410209,MAEVATANANA I,4102,MAEVATANANA,41,BETSIBOKA,4,Mahajanga,exact/district,
43102,MANGABE,431,MAEVATANANA,BETSIBOKA,410213,MANGABE,4102,MAEVATANANA,41,BETSIBOKA,4,Mahajanga,exact/district,
43103,AMBALANJANAKOMBY,431,MAEVATANANA,BETSIBOKA,410202,AMBALANJANAKOMBY,4102,MAEVATANANA,41,BETSIBOKA,4,Mahajanga,exact/district,
43104,BERIVOTRA,431,MAEVATANANA,BETSIBOKA,410219,BERIVOTRA 5/5,4102,MAEVATANANA,41,BETSIBOKA,4,Mahajanga,exception,BERIVOTRA -> BERIVOTRA 5/5
43105,AMBALAJIA,431,MAEVATANANA,BETSIBOKA,410201,AMBALAJIA,4102,MAEVATANANA,41,BETSIBOKA,4,Mahajanga,exact/district,
43106,TSARARANO,431,MAEVATANANA,BETSIBOKA,410217,TSARARANO,4102,MAEVATANANA,41,BETSIBOKA,4,Mahajanga,exact/district,
43107,MADIROMIRAFY,431,MAEVATANANA,BETSIBOKA,410208,MADIROMIRAFY,4102,MAEVATANANA,41,BETSIBOKA,4,Mahajanga,exact/district,
43108,BERATSIMANINA,431,MAEVATANANA,BETSIBOKA,410207,BERATSIMANINA,4102,MAEVATANANA,41,BETSIBOKA,4,Mahajanga,exact/district,
43109,MAROKORO,431,MAEVATANANA,BETSIBOKA,410215,MAROKORO,4102,MAEVATANANA,41,BETSIBOKA,4,Mahajanga,exact/district,
43110,MAEVATANANA II,431,MAEVATANANA,BETSIBOKA,410210,MAEVATANANA II,4102,MAEVATANANA,41,BETSIBOKA,4,Mahajanga,exact/district,
43111,BEANANA,431,MAEVATANANA,BETSIBOKA,410218,BEANANA,4102,MAEVATANANA,41,BETSIBOKA,4,Mahajanga,exact/district,
43112,BEMOKOTRA,431,MAEVATANANA,BETSIBOKA,410206,BEMOKOTRA,4102,MAEVATANANA,41,BETSIBOKA,4,Mahajanga,exact/district,
43113,MAHAZOMA,431,MAEVATANANA,BETSIBOKA,410212,MAHAZOMA,4102,MAEVATANANA,41,BETSIBOKA,4,Mahajanga,exact/district,
43114,MARIA,431,MAEVATANANA,BETSIBOKA,410214,MARIA,4102,MAEVATANANA,41,BETSIBOKA,4,Mahajanga,exact/district,
43115,ANTANIMBARY,431,MAEVATANANA,BETSIBOKA,410204,ANTANIMBARY,4102,MAEVATANANA,41,BETSIBOKA,4,Mahajanga,exact/district,
43116,ANTSIAFABOSITRA,431,MAEVATANANA,BETSIBOKA,410205,ANTSIAFABOSITRA,4102,MAEVATANANA,41,BETSIBOKA,4,Mahajanga,exact/district,
43117,ANDRIBA,431,MAEVATANANA,BETSIBOKA,410203,ANDRIBA,4102,MAEVATANANA,41,BETSIBOKA,4,Mahajanga,exact/district,
43118,MAHATSINJO,431,MAEVATANANA,BETSIBOKA,410211,MAHATSINJO,4102,MAEVATANANA,41,BETSIBOKA,4,Mahajanga,exact/district,
43119,MORAFENO,431,MAEVATANANA,BETSIBOKA,410216,MORAFENO,4102,MAEVATANANA,41,BETSIBOKA,4,Mahajanga,exact/district,
43201,TSARATANANA,432,TSARATANANA,BETSIBOKA,410312,TSARATANANA,4103,TSARATANANA,41,BETSIBOKA,4,Mahajanga,exact/district,
43202,SAROBARATRA,432,TSARATANANA,BETSIBOKA,410310,SAROBARATRA,4103,TSARATANANA,41,BETSIBOKA,4,Mahajanga,exact/district,
43203,TSARAROVA,432,TSARATANANA,BETSIBOKA,410311,TSARAROVA,4103,TSARATANANA,41,BETSIBOKA,4,Mahajanga,exact/district,
43204,BEKAPAIKA,432,TSARATANANA,BETSIBOKA,410304,BEKAPAIKA,4103,TSARATANANA,41,BETSIBOKA,4,Mahajanga,exact/district,
43205,BETRANDRAKA,432,TSARATANANA,BETSIBOKA,410305,BETRANDRAKA,4103,TSARATANANA,41,BETSIBOKA,4,Mahajanga,exact/district,
43206,SAKOAMADINIKA,432,TSARATANANA,BETSIBOKA,410309,SAKOAMADINIKA,4103,TSARATANANA,41,BETSIBOKA,4,Mahajanga,exact/district,
43207,KELILOHA,432,TSARATANANA,BETSIBOKA,410307,KELILOHA,4103,TSARATANANA,41,BETSIBOKA,4,Mahajanga,exact/district,
43208,ANDRIAMENA,432,TSARATANANA,BETSIBOKA,410303,ANDRIAMENA,4103,TSARATANANA,41,BETSIBOKA,4,Mahajanga,exact/district,
43209,AMPANDRANA,432,TSARATANANA,BETSIBOKA,410302,AMPANDRANA,4103,TSARATANANA,41,BETSIBOKA,4,Mahajanga,exact/district,
43210,AMBAKIRENY,432,TSARATANANA,BETSIBOKA,410301,AMBAKIRENY,4103,TSARATANANA,41,BETSIBOKA,4,Mahajanga,exact/district,
43211,BRIEVILLE,432,TSARATANANA,BETSIBOKA,410306,BRIEVILLE,4103,TSARATANANA,41,BETSIBOKA,4,Mahajanga,exact/district,
43212,ISINKO,432,TSARATANANA,BETSIBOKA,410313,ISINKO,4103,TSARATANANA,41,BETSIBOKA,4,Mahajanga,exact/district,
43213,MANAKANA,432,TSARATANANA,BETSIBOKA,410308,MANAKANA,4103,TSARATANANA,41,BETSIBOKA,4,Mahajanga,exact/district,
43301,KANDREHO,433,KANDREHO,BETSIBOKA,410106,KANDREHO,4101,KANDREHO,41,BETSIBOKA,4,Mahajanga,exact/district,
43302,ANTANIMBARIBE,433,KANDREHO,BETSIBOKA,410103,ANTANIMBARIBE,4101,KANDREHO,41,BETSIBOKA,4,Mahajanga,exact/district,
43303,AMBALIHA,433,KANDREHO,BETSIBOKA,410101,AMBALIHA,4101,KANDREHO,41,BETSIBOKA,4,Mahajanga,exact/district,
43304,BEHAZOMATY,433,KANDREHO,BETSIBOKA,410104,BEHAZOMATY,4101,KANDREHO,41,BETSIBOKA,4,Mahajanga,exact/district,
43305,ANDASIBE,433,KANDREHO,BETSIBOKA,410102,ANDASIBE,4101,KANDREHO,41,BETSIBOKA,4,Mahajanga,exact/district,
43306,MAHATSINJO SUD,433,KANDREHO,BETSIBOKA,410107,MAHATSINJO SUD,4101,KANDREHO,41,BETSIBOKA,4,Mahajanga,exact/district,
43307,BETAIMBOAY,433,KANDREHO,BETSIBOKA,410105,BETAIMBOAY,4101,KANDREHO,41,BETSIBOKA,4,Mahajanga,exact/district,
44101,MAINTIRANO,441,MAINTIRANO,MELAKY,430413,MAINTIRANO,4304,MAINTIRANO,43,MELAKY,4,Mahajanga,exact/district,
44102,BEBABOKY SUD,441,MAINTIRANO,MELAKY,430407,BEBABOKA SUD,4304,MAINTIRANO,43,MELAKY,4,Mahajanga,flou/district,
44103,BEMOKOTRA SUD,441,MAINTIRANO,MELAKY,430409,BEMOKOTRA SUD,4304,MAINTIRANO,43,MELAKY,4,Mahajanga,exact/district,
44104,BEREVO/RANOBE,441,MAINTIRANO,MELAKY,430410,BEREVO RANOBE,4304,MAINTIRANO,43,MELAKY,4,Mahajanga,exact/district,
44105,ANTSAIDOHA BEBAO,441,MAINTIRANO,MELAKY,430405,ANTSAIDOHA BEBAO,4304,MAINTIRANO,43,MELAKY,4,Mahajanga,exact/district,
44106,VEROMANGA,441,MAINTIRANO,MELAKY,430417,VEROMANGA,4304,MAINTIRANO,43,MELAKY,4,Mahajanga,exact/district,
44107,TAMBOHORANO,441,MAINTIRANO,MELAKY,430416,TAMBOHORANO,4304,MAINTIRANO,43,MELAKY,4,Mahajanga,exact/district,
44108,ANDRANOVAO,441,MAINTIRANO,MELAKY,430402,ANDRANOVAO,4304,MAINTIRANO,43,MELAKY,4,Mahajanga,exact/district,
44109,MAROMAVO,441,MAINTIRANO,MELAKY,430415,MAROMAVO,4304,MAINTIRANO,43,MELAKY,4,Mahajanga,exact/district,
44110,MAROHAZO,441,MAINTIRANO,MELAKY,430414,MAROHAZO,4304,MAINTIRANO,43,MELAKY,4,Mahajanga,exact/district,
44111,ANDREA,441,MAINTIRANO,MELAKY,430403,ANDREA,4304,MAINTIRANO,43,MELAKY,4,Mahajanga,exact/district,
44112,BELITSAKY,441,MAINTIRANO,MELAKY,430408,BELITSAKY,4304,MAINTIRANO,43,MELAKY,4,Mahajanga,exact/district,
44113,MAFAIJIJO,441,MAINTIRANO,MELAKY,430412,MAFAIJIJO,4304,MAINTIRANO,43,MELAKY,4,Mahajanga,exact/district,
44114,ANDABOTOKA,441,MAINTIRANO,MELAKY,430401,ANDABOTOKA,4304,MAINTIRANO,43,MELAKY,4,Mahajanga,exact/district,
44115,BETANATANANA,441,MAINTIRANO,MELAKY,430411,BETANATANANA,4304,MAINTIRANO,43,MELAKY,4,Mahajanga,exact/district,
44116,ANKISATRA,441,MAINTIRANO,MELAKY,430404,ANKISATRA,4304,MAINTIRANO,43,MELAKY,4,Mahajanga,exact/district,
44117,ANTSONDRODAVA,441,MAINTIRANO,MELAKY,430406,ANTSONDRODAVA,4304,MAINTIRANO,43,MELAKY,4,Mahajanga,exact/district,
44201,BESALAMPY,442,BESALAMPY,MELAKY,430305,BESALAMPY,4303,BESALAMPY,43,MELAKY,4,Mahajanga,exact/district,
44202,AMPAKO,442,BESALAMPY,MELAKY,430302,AMPAKO,4303,BESALAMPY,43,MELAKY,4,Mahajanga,exact/district,
44203,MAROVOAY SUD,442,BESALAMPY,MELAKY,430307,MAROVOAY SUD,4303,BESALAMPY,43,MELAKY,4,Mahajanga,exact/district,
44204,SOANENGA,442,BESALAMPY,MELAKY,430308,SOANENGA,4303,BESALAMPY,43,MELAKY,4,Mahajanga,exact/district,
44205,BEKODOKA,442,BESALAMPY,MELAKY,430304,BEKODOKA,4303,BESALAMPY,43,MELAKY,4,Mahajanga,exact/district,
44206,AMBOLODIA SUD,442,BESALAMPY,MELAKY,430301,AMBOLODIA SUD,4303,BESALAMPY,43,MELAKY,4,Mahajanga,exact/district,
44207,ANKASAKASA TSIBIRAY,442,BESALAMPY,MELAKY,430303,ANKASAKASA TSIBIRAY,4303,BESALAMPY,43,MELAKY,4,Mahajanga,exact/district,
44208,MAHABE,442,BESALAMPY,MELAKY,430306,MAHABE,4303,BESALAMPY,43,MELAKY,4,Mahajanga,exact/district,
44209,ANTSIRASIRA,442,BESALAMPY,MELAKY,430309,ANTSIRASIRA,4303,BESALAMPY,43,MELAKY,4,Mahajanga,exact/district,
44301,AMBATOMAINTY,443,AMBATOMAINTY,MELAKY,430101,AMBATOMAINTY,4301,AMBATOMAINTY,43,MELAKY,4,Mahajanga,exact/district,
44302,BEMARIVO,443,AMBATOMAINTY,MELAKY,430102,BEMARIVO,4301,AMBATOMAINTY,43,MELAKY,4,Mahajanga,exact/district,
44303,MAROTSIALEHA,443,AMBATOMAINTY,MELAKY,430103,MAROTSIALEHA,4301,AMBATOMAINTY,43,MELAKY,4,Mahajanga,exact/district,
44304,SARODRANO,443,AMBATOMAINTY,MELAKY,430104,SARODRANO,4301,AMBATOMAINTY,43,MELAKY,4,Mahajanga,exact/district,
44305,MAKARAINGO,443,AMBATOMAINTY,MELAKY,430105,MAKARAINGO,4301,AMBATOMAINTY,43,MELAKY,4,Mahajanga,exact/district,
44401,MORAFENOBE,444,MORAFENOBE,MELAKY,430503,MORAFENOBE,4305,MORAFENOBE,43,MELAKY,4,Mahajanga,exact/district,
44402,ANTRANOKOAKY,444,MORAFENOBE,MELAKY,430504,ANTRANOKOAKY,4305,MORAFENOBE,43,MELAKY,4,Mahajanga,exact/district,
44403,ANDRAMY,444,MORAFENOBE,MELAKY,430501,ANDRAMY,4305,MORAFENOBE,43,MELAKY,4,Mahajanga,exact/district,
44404,BERAVINA,444,MORAFENOBE,MELAKY,430502,BERAVINA,4305,MORAFENOBE,43,MELAKY,4,Mahajanga,exact/district,
44501,ANTSALOVA,445,ANTSALOVA,MELAKY,430201,ANTSALOVA,4302,ANTSALOVA,43,MELAKY,4,Mahajanga,exact/district,
44502,SOAHANY,445,ANTSALOVA,MELAKY,430204,SOAHANY,4302,ANTSALOVA,43,MELAKY,4,Mahajanga,exact/district,
44503,BEMARA ATSINANANA,445,ANTSALOVA,MELAKY,430206,BEMARAHA ATSINANANA,4302,ANTSALOVA,43,MELAKY,4,Mahajanga,flou/district,
44504,MASOARIVO,445,ANTSALOVA,MELAKY,430203,MASOARIVO,4302,ANTSALOVA,43,MELAKY,4,Mahajanga,exact/district,
44505,TRANGAHY,445,ANTSALOVA,MELAKY,430205,TRANGAHY,4302,ANTSALOVA,43,MELAKY,4,Mahajanga,exact/district,
44506,BEKOPAKA,445,ANTSALOVA,MELAKY,430202,BEKOPAKA,4302,ANTSALOVA,43,MELAKY,4,Mahajanga,exact/district,
51101,TANAMBAO I,511,TOLIARY-I,ATSIMO ANDREFANA,630801,TOLIARA I,6308,TOLIARY I,63,ATSIMO-ANDREFANA,6,Toliara,fusion_urbaine,
51102,TANAMBAO II,511,TOLIARY-I,ATSIMO ANDREFANA,630801,TOLIARA I,6308,TOLIARY I,63,ATSIMO-ANDREFANA,6,Toliara,fusion_urbaine,
51103,MAHAVATSY I,511,TOLIARY-I,ATSIMO ANDREFANA,630801,TOLIARA I,6308,TOLIARY I,63,ATSIMO-ANDREFANA,6,Toliara,fusion_urbaine,
51104,MAHAVATSE II,511,TOLIARY-I,ATSIMO ANDREFANA,630801,TOLIARA I,6308,TOLIARY I,63,ATSIMO-ANDREFANA,6,Toliara,fusion_urbaine,
51105,BETANIA,511,TOLIARY-I,ATSIMO ANDREFANA,630801,TOLIARA I,6308,TOLIARY I,63,ATSIMO-ANDREFANA,6,Toliara,fusion_urbaine,
51106,BESAKOA,511,TOLIARY-I,ATSIMO ANDREFANA,630801,TOLIARA I,6308,TOLIARY I,63,ATSIMO-ANDREFANA,6,Toliara,fusion_urbaine,
51107,ANKENTA,511,TOLIARY-I,ATSIMO ANDREFANA,630801,TOLIARA I,6308,TOLIARY I,63,ATSIMO-ANDREFANA,6,Toliara,fusion_urbaine,
51201,BEROROHA,512,BEROROHA,ATSIMO ANDREFANA,630403,BEROROHA,6304,BEROROHA,63,ATSIMO-ANDREFANA,6,Toliara,exact/district,
51202,BEMAVO,512,BEROROHA,ATSIMO ANDREFANA,630402,BEMAVO,6304,BEROROHA,63,ATSIMO-ANDREFANA,6,Toliara,exact/district,
51203,FANJAKANA,512,BEROROHA,ATSIMO ANDREFANA,630404,FANJAKANA,6304,BEROROHA,63,ATSIMO-ANDREFANA,6,Toliara,exact/district,
51204,BEHISATSY,512,BEROROHA,ATSIMO ANDREFANA,630401,BEHISATSY,6304,BEROROHA,63,ATSIMO-ANDREFANA,6,Toliara,exact/district,
51205,MARERANO,512,BEROROHA,ATSIMO ANDREFANA,630406,MARERANO,6304,BEROROHA,63,ATSIMO-ANDREFANA,6,Toliara,exact/district,
51206,MANDRONARIVO,512,BEROROHA,ATSIMO ANDREFANA,630405,MANDRONARIVO,6304,BEROROHA,63,ATSIMO-ANDREFANA,6,Toliara,exact/district,
51207,TANAMARY,512,BEROROHA,ATSIMO ANDREFANA,630408,TANAMARY,6304,BEROROHA,63,ATSIMO-ANDREFANA,6,Toliara,exact/district,
51208,SAKENA,512,BEROROHA,ATSIMO ANDREFANA,630407,SAKENA,6304,BEROROHA,63,ATSIMO-ANDREFANA,6,Toliara,exact/district,
51209,TANANDAVA,512,BEROROHA,ATSIMO ANDREFANA,630409,TANANDAVA,6304,BEROROHA,63,ATSIMO-ANDREFANA,6,Toliara,exact/district,
51301,CU MOROMBE,513,MOROMBE,ATSIMO ANDREFANA,630607,MOROMBE,6306,MOROMBE,63,ATSIMO-ANDREFANA,6,Toliara,flou/district,
51302,BEFANDEFA,513,MOROMBE,ATSIMO ANDREFANA,630605,BEFANDEFA,6306,MOROMBE,63,ATSIMO-ANDREFANA,6,Toliara,exact/district,
51303,BASIBASY,513,MOROMBE,ATSIMO ANDREFANA,630604,BASIBASY,6306,MOROMBE,63,ATSIMO-ANDREFANA,6,Toliara,exact/district,
51304,ANTONGO VAOVAO,513,MOROMBE,ATSIMO ANDREFANA,630603,ANTONGO VAOVAO,6306,MOROMBE,63,ATSIMO-ANDREFANA,6,Toliara,exact/district,
51305,AMBAHIKILY,513,MOROMBE,ATSIMO ANDREFANA,630601,AMBAHIKILY,6306,MOROMBE,63,ATSIMO-ANDREFANA,6,Toliara,exact/district,
51306,TANANDAVA STATION,513,MOROMBE,ATSIMO ANDREFANA,630609,TANANDAVA STATION,6306,MOROMBE,63,ATSIMO-ANDREFANA,6,Toliara,exact/district,
51307,ANKATSAKATSA SUD,513,MOROMBE,ATSIMO ANDREFANA,630610,ANKATSAKANTSA SUD,6306,MOROMBE,63,ATSIMO-ANDREFANA,6,Toliara,flou/district,
51308,BEFANDRIANA SUD,513,MOROMBE,ATSIMO ANDREFANA,630606,BEFANDRIANA SUD,6306,MOROMBE,63,ATSIMO-ANDREFANA,6,Toliara,exact/district,
51309,ANTANIMIEVA,513,MOROMBE,ATSIMO ANDREFANA,630602,ANTANIMIEVA,6306,MOROMBE,63,ATSIMO-ANDREFANA,6,Toliara,exact/district,
51401,ANKAZOABO SUD,514,ANKAZOABO,ATSIMO ANDREFANA,630202,ANKAZOABO SUD,6302,ANKAZOABO SUD,63,ATSIMO-ANDREFANA,6,Toliara,exact/district,
51402,ANKERIKY,514,ANKAZOABO,ATSIMO ANDREFANA,630209,ANKERIKY,6302,ANKAZOABO SUD,63,ATSIMO-ANDREFANA,6,Toliara,exact/district,
51403,TANDRANO,514,ANKAZOABO,ATSIMO ANDREFANA,630206,TANDRANO,6302,ANKAZOABO SUD,63,ATSIMO-ANDREFANA,6,Toliara,exact/district,
51404,BERENTY,514,ANKAZOABO,ATSIMO ANDREFANA,630203,BERENTY,6302,ANKAZOABO SUD,63,ATSIMO-ANDREFANA,6,Toliara,exact/district,
51405,ANKILIVALOKELY,514,ANKAZOABO,ATSIMO ANDREFANA,630207,ANKILIVALOKELY,6302,ANKAZOABO SUD,63,ATSIMO-ANDREFANA,6,Toliara,exact/district,
51406,ILEMBY,514,ANKAZOABO,ATSIMO ANDREFANA,630205,ILEMBY,6302,ANKAZOABO SUD,63,ATSIMO-ANDREFANA,6,Toliara,exact/district,
51407,FOTIVOLO,514,ANKAZOABO,ATSIMO ANDREFANA,630204,FOTIVOLO,6302,ANKAZOABO SUD,63,ATSIMO-ANDREFANA,6,Toliara,exact/district,
51408,ANDRANOMAFANA,514,ANKAZOABO,ATSIMO ANDREFANA,630201,ANDRANOMAFANA,6302,ANKAZOABO SUD,63,ATSIMO-ANDREFANA,6,Toliara,exact/district,
51409,AMBATOLAHY,514,ANKAZOABO,ATSIMO ANDREFANA,630208,AMBATOLAHY,6302,ANKAZOABO SUD,63,ATSIMO-ANDREFANA,6,Toliara,exact/district,
51501,SAKARAHA,515,SAKARAHA,ATSIMO ANDREFANA,630712,SAKARAHA,6307,SAKARAHA,63,ATSIMO-ANDREFANA,6,Toliara,exact/district,
51502,MIARY TAHEZA,515,SAKARAHA,ATSIMO ANDREFANA,630708,MIARY TAHEZA,6307,SAKARAHA,63,ATSIMO-ANDREFANA,6,Toliara,exact/district,
51503,MIARY LAMATIHY,515,SAKARAHA,ATSIMO ANDREFANA,630707,MIARY LAMATIHY,6307,SAKARAHA,63,ATSIMO-ANDREFANA,6,Toliara,exact/district,
51504,MAHABOBOKA,515,SAKARAHA,ATSIMO ANDREFANA,630706,MAHABOBOKA,6307,SAKARAHA,63,ATSIMO-ANDREFANA,6,Toliara,exact/district,
51505,AMBORONABO,515,SAKARAHA,ATSIMO ANDREFANA,630702,AMBORONABO,6307,SAKARAHA,63,ATSIMO-ANDREFANA,6,Toliara,exact/district,
51506,BEREKETA,515,SAKARAHA,ATSIMO ANDREFANA,630705,BERAKETA,6307,SAKARAHA,63,ATSIMO-ANDREFANA,6,Toliara,flou/district,
51507,ANDAMASINY VINETA,515,SAKARAHA,ATSIMO ANDREFANA,630703,ANDAMASINY VINETA,6307,SAKARAHA,63,ATSIMO-ANDREFANA,6,Toliara,exact/district,
51508,MIHAVATSY,515,SAKARAHA,ATSIMO ANDREFANA,630709,MIHAVATSY,6307,SAKARAHA,63,ATSIMO-ANDREFANA,6,Toliara,exact/district,
51509,ANDRANOLAVA,515,SAKARAHA,ATSIMO ANDREFANA,630704,ANDRANOLAVA,6307,SAKARAHA,63,ATSIMO-ANDREFANA,6,Toliara,exact/district,
51510,AMBINANY,515,SAKARAHA,ATSIMO ANDREFANA,630701,AMBINANY,6307,SAKARAHA,63,ATSIMO-ANDREFANA,6,Toliara,exact/district,
51511,MIKOBOKA,515,SAKARAHA,ATSIMO ANDREFANA,630710,MIKOBOKA,6307,SAKARAHA,63,ATSIMO-ANDREFANA,6,Toliara,exact/district,
51512,MITSINJO,515,SAKARAHA,ATSIMO ANDREFANA,630711,MITSINJO,6307,SAKARAHA,63,ATSIMO-ANDREFANA,6,Toliara,exact/district,
51601,MIARY,516,TOLIARY-II,ATSIMO ANDREFANA,630918,MIARY,6309,TOLIARY II,63,ATSIMO-ANDREFANA,6,Toliara,exact/district,
51602,SOAHAZO,516,TOLIARY-II,ATSIMO ANDREFANA,630925,SOAHAZO,6309,TOLIARY II,63,ATSIMO-ANDREFANA,6,Toliara,exact/district,
51603,ANALAMISAMPY,516,TOLIARY-II,ATSIMO ANDREFANA,630904,ANALAMISAMPY,6309,TOLIARY II,63,ATSIMO-ANDREFANA,6,Toliara,exact/district,
51604,ANKILILOAKA,516,TOLIARY-II,ATSIMO ANDREFANA,630907,ANKILILOAKA,6309,TOLIARY II,63,ATSIMO-ANDREFANA,6,Toliara,exact/district,
51605,MILENAKA,516,TOLIARY-II,ATSIMO ANDREFANA,630919,MILENAKA,6309,TOLIARY II,63,ATSIMO-ANDREFANA,6,Toliara,exact/district,
51606,TSIFOTA,516,TOLIARY-II,ATSIMO ANDREFANA,630926,TSIFOTA,6309,TOLIARY II,63,ATSIMO-ANDREFANA,6,Toliara,exact/district,
51607,MANOMBO SUD,516,TOLIARY-II,ATSIMO ANDREFANA,630914,MANOMBO SUD,6309,TOLIARY II,63,ATSIMO-ANDREFANA,6,Toliara,exact/district,
51608,MAROFOTY,516,TOLIARY-II,ATSIMO ANDREFANA,630916,MAROFOTY,6309,TOLIARY II,63,ATSIMO-ANDREFANA,6,Toliara,exact/district,
51609,TSIANISIHA,516,TOLIARY-II,ATSIMO ANDREFANA,630923,TSIANISIHA,6309,TOLIARY II,63,ATSIMO-ANDREFANA,6,Toliara,exact/district,
51610,ANKILIMALINIKE,516,TOLIARY-II,ATSIMO ANDREFANA,630908,ANKILIMALINIKA,6309,TOLIARY II,63,ATSIMO-ANDREFANA,6,Toliara,flou/district,
51611,BELALANDA,516,TOLIARY-II,ATSIMO ANDREFANA,630912,BELALANDA,6309,TOLIARY II,63,ATSIMO-ANDREFANA,6,Toliara,exact/district,
51612,MAROMIANDRA,516,TOLIARY-II,ATSIMO ANDREFANA,630917,MAROMIANDRA,6309,TOLIARY II,63,ATSIMO-ANDREFANA,6,Toliara,exact/district,
51613,BEHOMPY,516,TOLIARY-II,ATSIMO ANDREFANA,630911,BEHOMPY,6309,TOLIARY II,63,ATSIMO-ANDREFANA,6,Toliara,exact/district,
51614,ANDRANOVORY,516,TOLIARY-II,ATSIMO ANDREFANA,630906,ANDRANOVORY,6309,TOLIARY II,63,ATSIMO-ANDREFANA,6,Toliara,exact/district,
51615,ANDRANOHINALY,516,TOLIARY-II,ATSIMO ANDREFANA,630905,ANDRANOHINALY,6309,TOLIARY II,63,ATSIMO-ANDREFANA,6,Toliara,exact/district,
51616,MITSINJO BETANIMENA,516,TOLIARY-II,ATSIMO ANDREFANA,630920,MITSINJO BETANIMENA,6309,TOLIARY II,63,ATSIMO-ANDREFANA,6,Toliara,exact/district,
51617,BETSINJAKA,516,TOLIARY-II,ATSIMO ANDREFANA,630913,BETSINJAKA,6309,TOLIARY II,63,ATSIMO-ANDREFANA,6,Toliara,exact/district,
51618,AMBOHIMAHAVELONA,516,TOLIARY-II,ATSIMO ANDREFANA,630901,AMBOHIMAHAVELONA,6309,TOLIARY II,63,ATSIMO-ANDREFANA,6,Toliara,exact/district,
51619,AMBOLOFOTY,516,TOLIARY-II,ATSIMO ANDREFANA,630902,AMBOLOFOTY,6309,TOLIARY II,63,ATSIMO-ANDREFANA,6,Toliara,exact/district,
51620,SAINT AUGUSTIN,516,TOLIARY-II,ATSIMO ANDREFANA,630921,SAINT AUGUSTIN,6309,TOLIARY II,63,ATSIMO-ANDREFANA,6,Toliara,exact/district,
51621,ANTANIMENA ONILAHY,516,TOLIARY-II,ATSIMO ANDREFANA,630909,ANTANIMENA,6309,TOLIARY II,63,ATSIMO-ANDREFANA,6,Toliara,prefixe/district,
51622,MANOROFIFY,516,TOLIARY-II,ATSIMO ANDREFANA,630915,MANOROFIFY,6309,TOLIARY II,63,ATSIMO-ANDREFANA,6,Toliara,exact/district,
51623,SOALARA SUD,516,TOLIARY-II,ATSIMO ANDREFANA,630922,SOALARA SUD,6309,TOLIARY II,63,ATSIMO-ANDREFANA,6,Toliara,exact/district,
51624,ANAKAO,516,TOLIARY-II,ATSIMO ANDREFANA,630903,ANAKAO,6309,TOLIARY II,63,ATSIMO-ANDREFANA,6,Toliara,exact/district,
51625,BEHELOKA,516,TOLIARY-II,ATSIMO ANDREFANA,630910,BEHELOKA,6309,TOLIARY II,63,ATSIMO-ANDREFANA,6,Toliara,exact/district,
51626,EFOETSE,516,TOLIARY-II,ATSIMO ANDREFANA,630924,EFOETSE,6309,TOLIARY II,63,ATSIMO-ANDREFANA,6,Toliara,exact/district,
51701,BENENITRA,517,BENENITRA,ATSIMO ANDREFANA,630302,BENENITRA,6303,BENENITRA,63,ATSIMO-ANDREFANA,6,Toliara,exact/district,
51702,EHARA,517,BENENITRA,ATSIMO ANDREFANA,630303,EHARA,6303,BENENITRA,63,ATSIMO-ANDREFANA,6,Toliara,exact/district,
51703,ANKILIMARY,517,BENENITRA,ATSIMO ANDREFANA,630306,ANKILIMARY,6303,BENENITRA,63,ATSIMO-ANDREFANA,6,Toliara,exact/district,
51704,IANAPERA,517,BENENITRA,ATSIMO ANDREFANA,630304,IANAPERA,6303,BENENITRA,63,ATSIMO-ANDREFANA,6,Toliara,exact/district,
51705,BENONOKY,517,BENENITRA,ATSIMO ANDREFANA,630305,BENONOKY,6303,BENENITRA,63,ATSIMO-ANDREFANA,6,Toliara,exact/district,
51706,AMBALAVATO,517,BENENITRA,ATSIMO ANDREFANA,630301,AMBALAVATO,6303,BENENITRA,63,ATSIMO-ANDREFANA,6,Toliara,exact/district,
51801,BETIOKY ATSIMO,518,BETIOKY ATSIMO,ATSIMO ANDREFANA,630511,BETIOKY SUD,6305,BETIOKY SUD,63,ATSIMO-ANDREFANA,6,Toliara,variante/district,
51802,ANKILIVALO,518,BETIOKY ATSIMO,ATSIMO ANDREFANA,630505,ANKILIVALO,6305,BETIOKY SUD,63,ATSIMO-ANDREFANA,6,Toliara,exact/district,
51803,ANDRANOMANGATSIAKA,518,BETIOKY ATSIMO,ATSIMO ANDREFANA,630502,ANDRANOMANGATSIAKA,6305,BETIOKY SUD,63,ATSIMO-ANDREFANA,6,Toliara,exact/district,
51804,VATOLATSAKA,518,BETIOKY ATSIMO,ATSIMO ANDREFANA,630527,VATOLATSAKA,6305,BETIOKY SUD,63,ATSIMO-ANDREFANA,6,Toliara,exact/district,
51805,BESELY,518,BETIOKY ATSIMO,ATSIMO ANDREFANA,630510,BESELY,6305,BETIOKY SUD,63,ATSIMO-ANDREFANA,6,Toliara,exact/district,
51806,BEZAHA,518,BETIOKY ATSIMO,ATSIMO ANDREFANA,630512,BEZAHA,6305,BETIOKY SUD,63,ATSIMO-ANDREFANA,6,Toliara,exact/district,
51807,TONGOBORY,518,BETIOKY ATSIMO,ATSIMO ANDREFANA,630526,TONGOBORY,6305,BETIOKY SUD,63,ATSIMO-ANDREFANA,6,Toliara,exact/district,
51808,MANALOBE,518,BETIOKY ATSIMO,ATSIMO ANDREFANA,630515,MANALOBE,6305,BETIOKY SUD,63,ATSIMO-ANDREFANA,6,Toliara,exact/district,
51809,FENOANDALA,518,BETIOKY ATSIMO,ATSIMO ANDREFANA,630513,FENOANDALA,6305,BETIOKY SUD,63,ATSIMO-ANDREFANA,6,Toliara,exact/district,
51810,SALOBE,518,BETIOKY ATSIMO,ATSIMO ANDREFANA,630521,SALOBE,6305,BETIOKY SUD,63,ATSIMO-ANDREFANA,6,Toliara,exact/district,
51811,MONTIFENO,518,BETIOKY ATSIMO,ATSIMO ANDREFANA,630519,MONTIFENO,6305,BETIOKY SUD,63,ATSIMO-ANDREFANA,6,Toliara,exact/district,
51812,TANAMBAO HAUT,518,BETIOKY ATSIMO,ATSIMO ANDREFANA,630524,TANAMBAO HAUT,6305,BETIOKY SUD,63,ATSIMO-ANDREFANA,6,Toliara,exact/district,
51813,ANTSAVOA,518,BETIOKY ATSIMO,ATSIMO ANDREFANA,630507,ANTSAVOA,6305,BETIOKY SUD,63,ATSIMO-ANDREFANA,6,Toliara,exact/district,
51814,BELAMOTY,518,BETIOKY ATSIMO,ATSIMO ANDREFANA,630509,BELAMOTY,6305,BETIOKY SUD,63,ATSIMO-ANDREFANA,6,Toliara,exact/district,
51815,SAVAZY II,518,BETIOKY ATSIMO,ATSIMO ANDREFANA,630529,SAVAZY II,6305,BETIOKY SUD,63,ATSIMO-ANDREFANA,6,Toliara,exact/district,
51816,TAMEANTSOA,518,BETIOKY ATSIMO,ATSIMO ANDREFANA,630525,TEMEANTSOA,6305,BETIOKY SUD,63,ATSIMO-ANDREFANA,6,Toliara,flou/district,
51817,ANTOHABATO,518,BETIOKY ATSIMO,ATSIMO ANDREFANA,630506,ANTOHABATO,6305,BETIOKY SUD,63,ATSIMO-ANDREFANA,6,Toliara,exact/district,
51818,ANKAZOMBALALA,518,BETIOKY ATSIMO,ATSIMO ANDREFANA,630504,ANKAZOMBALALA,6305,BETIOKY SUD,63,ATSIMO-ANDREFANA,6,Toliara,exact/district,
51819,ANKAZOMANGA OUEST,518,BETIOKY ATSIMO,ATSIMO ANDREFANA,630503,ANKAZOMANGA OUEST,6305,BETIOKY SUD,63,ATSIMO-ANDREFANA,6,Toliara,exact/district,
51820,MAROARIVO ANKAZOMANGA,518,BETIOKY ATSIMO,ATSIMO ANDREFANA,630516,MAROARIVO ANKAZOMANGA,6305,BETIOKY SUD,63,ATSIMO-ANDREFANA,6,Toliara,exact/district,
51821,BEANTAKE,518,BETIOKY ATSIMO,ATSIMO ANDREFANA,630508,BEANTAKE,6305,BETIOKY SUD,63,ATSIMO-ANDREFANA,6,Toliara,exact/district,
51822,AMBATRY MITSINJO,518,BETIOKY ATSIMO,ATSIMO ANDREFANA,630501,AMBATRY MITSINJO,6305,BETIOKY SUD,63,ATSIMO-ANDREFANA,6,Toliara,exact/district,
51823,MASIABOAY,518,BETIOKY ATSIMO,ATSIMO ANDREFANA,630518,MASIABOAY,6305,BETIOKY SUD,63,ATSIMO-ANDREFANA,6,Toliara,exact/district,
51824,SAKAMASAY,518,BETIOKY ATSIMO,ATSIMO ANDREFANA,630520,SAKAMASAY,6305,BETIOKY SUD,63,ATSIMO-ANDREFANA,6,Toliara,exact/district,
51825,BEORA,518,BETIOKY ATSIMO,ATSIMO ANDREFANA,630528,BEORA,6305,BETIOKY SUD,63,ATSIMO-ANDREFANA,6,Toliara,exact/district,
51826,SOAMANONGA,518,BETIOKY ATSIMO,ATSIMO ANDREFANA,630522,SOAMANONGA,6305,BETIOKY SUD,63,ATSIMO-ANDREFANA,6,Toliara,exact/district,
51827,MAROSAVOA,518,BETIOKY ATSIMO,ATSIMO ANDREFANA,630517,MAROSAVOA,6305,BETIOKY SUD,63,ATSIMO-ANDREFANA,6,Toliara,exact/district,
51828,SOASERANA,518,BETIOKY ATSIMO,ATSIMO ANDREFANA,630523,SOASERANA,6305,BETIOKY SUD,63,ATSIMO-ANDREFANA,6,Toliara,exact/district,
51829,LAZARIVO,518,BETIOKY ATSIMO,ATSIMO ANDREFANA,630514,LAZARIVO,6305,BETIOKY SUD,63,ATSIMO-ANDREFANA,6,Toliara,exact/district,
51830,VOHIMARY,518,BETIOKY ATSIMO,ATSIMO ANDREFANA,630530,VOHIMARY,6305,BETIOKY SUD,63,ATSIMO-ANDREFANA,6,Toliara,exact/district,
51901,AMPANIHY CENTRE,519,AMPANIHY OUEST,ATSIMO ANDREFANA,630102,AMPANIHY CENTRE,6301,AMPANIHY OUEST,63,ATSIMO-ANDREFANA,6,Toliara,exact/district,
51902,BEROY SUD,519,AMPANIHY OUEST,ATSIMO ANDREFANA,630110,BEROY SUD,6301,AMPANIHY OUEST,63,ATSIMO-ANDREFANA,6,Toliara,exact/district,
51903,AGNAVOHA,519,AMPANIHY OUEST,ATSIMO ANDREFANA,630117,AGNAVOHA   ,6301,AMPANIHY OUEST,63,ATSIMO-ANDREFANA,6,Toliara,exact/district,
51904,FOTADREVO,519,AMPANIHY OUEST,ATSIMO ANDREFANA,630112,FOTADREVO,6301,AMPANIHY OUEST,63,ATSIMO-ANDREFANA,6,Toliara,exact/district,
51905,VOHITANY,519,AMPANIHY OUEST,ATSIMO ANDREFANA,630116,VOHITANY,6301,AMPANIHY OUEST,63,ATSIMO-ANDREFANA,6,Toliara,exact/district,
51906,BEAHITSE,519,AMPANIHY OUEST,ATSIMO ANDREFANA,630108,BEAHITSE,6301,AMPANIHY OUEST,63,ATSIMO-ANDREFANA,6,Toliara,exact/district,
51907,GOGOGOGO,519,AMPANIHY OUEST,ATSIMO ANDREFANA,630113,GOGOGOGO,6301,AMPANIHY OUEST,63,ATSIMO-ANDREFANA,6,Toliara,exact/district,
51908,BELAFIKE HAUT,519,AMPANIHY OUEST,ATSIMO ANDREFANA,630109,BELAFIKE HAUT,6301,AMPANIHY OUEST,63,ATSIMO-ANDREFANA,6,Toliara,exact/district,
51909,EJEDA,519,AMPANIHY OUEST,ATSIMO ANDREFANA,630111,EJEDA,6301,AMPANIHY OUEST,63,ATSIMO-ANDREFANA,6,Toliara,exact/district,
51910,BEARA,519,AMPANIHY OUEST,ATSIMO ANDREFANA,630119,BEARA ,6301,AMPANIHY OUEST,63,ATSIMO-ANDREFANA,6,Toliara,exact/district,
51911,ANTALY,519,AMPANIHY OUEST,ATSIMO ANDREFANA,630107,ANTALY,6301,AMPANIHY OUEST,63,ATSIMO-ANDREFANA,6,Toliara,exact/district,
51912,ANKILIMIVORY,519,AMPANIHY OUEST,ATSIMO ANDREFANA,630105,ANKILIMIVORY,6301,AMPANIHY OUEST,63,ATSIMO-ANDREFANA,6,Toliara,exact/district,
51913,MANIRY,519,AMPANIHY OUEST,ATSIMO ANDREFANA,630115,MANIRY,6301,AMPANIHY OUEST,63,ATSIMO-ANDREFANA,6,Toliara,exact/district,
51914,ANKILIZATO,519,AMPANIHY OUEST,ATSIMO ANDREFANA,630106,ANKILIZATO,6301,AMPANIHY OUEST,63,ATSIMO-ANDREFANA,6,Toliara,exact/district,
51915,ITAMPOLO,519,AMPANIHY OUEST,ATSIMO ANDREFANA,630114,ITAMPOLO,6301,AMPANIHY OUEST,63,ATSIMO-ANDREFANA,6,Toliara,exact/district,
51916,ANDROIMPANA,519,AMPANIHY OUEST,ATSIMO ANDREFANA,630118,ANDROIMPANO    ,6301,AMPANIHY OUEST,63,ATSIMO-ANDREFANA,6,Toliara,flou/district,
51917,ANKILIABO,519,AMPANIHY OUEST,ATSIMO ANDREFANA,630104,ANKILIABO,6301,AMPANIHY OUEST,63,ATSIMO-ANDREFANA,6,Toliara,exact/district,
51918,AMBOROMPOTSY,519,AMPANIHY OUEST,ATSIMO ANDREFANA,630101,AMBOROPOTSY,6301,AMPANIHY OUEST,63,ATSIMO-ANDREFANA,6,Toliara,flou/district,
51919,ANDROKA,519,AMPANIHY OUEST,ATSIMO ANDREFANA,630103,ANDROKA,6301,AMPANIHY OUEST,63,ATSIMO-ANDREFANA,6,Toliara,exact/district,
52101,AMBOVOMBE,521,AMBOVOMBE-ANDROY,ANDROY,610106,AMBOVOMBE ANDROY,6101,AMBOVOMBE ANDROY,61,ANDROY,6,Toliara,prefixe/district,
52102,ANJEKY ANKILIKIRA,521,AMBOVOMBE-ANDROY,ANDROY,610110,ANJEKY ANKILIKIRA,6101,AMBOVOMBE ANDROY,61,ANDROY,6,Toliara,exact/district,
52103,MAROALOPOTY,521,AMBOVOMBE-ANDROY,ANDROY,610116,MAROALOPOTY,6101,AMBOVOMBE ANDROY,61,ANDROY,6,Toliara,exact/district,
52104,MAROALOMAINTY,521,AMBOVOMBE-ANDROY,ANDROY,610115,MAROALOMAINTE,6101,AMBOVOMBE ANDROY,61,ANDROY,6,Toliara,flou/district,
52105,AMPAMATA,521,AMBOVOMBE-ANDROY,ANDROY,610507,AMPAMATA,6105,ANTANIMORA SUD,61,ANDROY,6,Toliara,exact/region,
52106,IMANOMBO,521,AMBOVOMBE-ANDROY,ANDROY,610513,IMANOMBO,6105,ANTANIMORA SUD,61,ANDROY,6,Toliara,exact/region,
52107,ANDALATANOSY,521,AMBOVOMBE-ANDROY,ANDROY,610509,ANDALATANOSY,6105,ANTANIMORA SUD,61,ANDROY,6,Toliara,exact/region,
52108,JAFARO,521,AMBOVOMBE-ANDROY,ANDROY,610514,JAFARO,6105,ANTANIMORA SUD,61,ANDROY,6,Toliara,exact/region,
52109,ANDRAGNANIVO,521,AMBOVOMBE-ANDROY,ANDROY,610520,ANDRAGNANIVO,6105,ANTANIMORA SUD,61,ANDROY,6,Toliara,exact/region,
52110,ANTANIMORA ATSIMO,521,AMBOVOMBE-ANDROY,ANDROY,610511,ANTANIMORA SUD,6105,ANTANIMORA SUD,61,ANDROY,6,Toliara,variante/region,
52111,ANDOHARANO AMBINAGNY,521,AMBOVOMBE-ANDROY,ANDROY,610521,ANDOHARANO,6105,ANTANIMORA SUD,61,ANDROY,6,Toliara,exception,"ANDOHARANO AMBINAGNY -> ANDOHARANO (Antanimora Sud, pas Vondrozo)"
52112,AMBOHIMALAZA,521,AMBOVOMBE-ANDROY,ANDROY,610103,AMBOHIMALAZA,6101,AMBOVOMBE ANDROY,61,ANDROY,6,Toliara,exact/district,
52113,AMBONAIVO,521,AMBOVOMBE-ANDROY,ANDROY,610104,AMBONAIVO,6101,AMBOVOMBE ANDROY,61,ANDROY,6,Toliara,exact/district,
52114,MAROVATO BEFENO,521,AMBOVOMBE-ANDROY,ANDROY,610517,MAROVATO BEFENO,6105,ANTANIMORA SUD,61,ANDROY,6,Toliara,exact/region,
52115,ANALAMARY,521,AMBOVOMBE-ANDROY,ANDROY,610108,ANALAMARY,6101,AMBOVOMBE ANDROY,61,ANDROY,6,Toliara,exact/district,
52116,AMBONDRO,521,AMBOVOMBE-ANDROY,ANDROY,610105,AMBONDRO,6101,AMBOVOMBE ANDROY,61,ANDROY,6,Toliara,exact/district,
52117,AMBAZOA,521,AMBOVOMBE-ANDROY,ANDROY,610102,AMBAZOA,6101,AMBOVOMBE ANDROY,61,ANDROY,6,Toliara,exact/district,
52118,ERADA,521,AMBOVOMBE-ANDROY,ANDROY,610112,ERADA,6101,AMBOVOMBE ANDROY,61,ANDROY,6,Toliara,exact/district,
52119,SIHANAMARO,521,AMBOVOMBE-ANDROY,ANDROY,610118,SIHANAMARO,6101,AMBOVOMBE ANDROY,61,ANDROY,6,Toliara,exact/district,
52120,AMBANISARIKA,521,AMBOVOMBE-ANDROY,ANDROY,610101,AMBANISARIKA,6101,AMBOVOMBE ANDROY,61,ANDROY,6,Toliara,exact/district,
52121,TSIMANANADA,521,AMBOVOMBE-ANDROY,ANDROY,610119,TSIMANANADA,6101,AMBOVOMBE ANDROY,61,ANDROY,6,Toliara,exact/district,
52201,BEKILY-CENTRALE,522,BEKILY,ANDROY,610215,BEKILY CENTRALE,6102,BEKILY,61,ANDROY,6,Toliara,exact/district,
52202,MAROVIRO,522,BEKILY,ANDROY,610214,MAROVIRO,6102,BEKILY,61,ANDROY,6,Toliara,exact/district,
52203,AMBAHITA,522,BEKILY,ANDROY,610201,AMBAHITA,6102,BEKILY,61,ANDROY,6,Toliara,exact/district,
52204,AMBATOSOLA,522,BEKILY,ANDROY,610202,AMBATOSOLA,6102,BEKILY,61,ANDROY,6,Toliara,exact/district,
52205,VOHIMANGA,522,BEKILY,ANDROY,610219,VOHIMANGA,6102,BEKILY,61,ANDROY,6,Toliara,exact/district,
52206,BERAKETA,522,BEKILY,ANDROY,610209,BERAKETA,6102,BEKILY,61,ANDROY,6,Toliara,exact/district,
52207,TANANDAVA,522,BEKILY,ANDROY,610216,TANANDAVA,6102,BEKILY,61,ANDROY,6,Toliara,exact/district,
52208,TSIRANDRANY,522,BEKILY,ANDROY,610218,TSIRANDRANY,6102,BEKILY,61,ANDROY,6,Toliara,exact/district,
52209,BESAKOA,522,BEKILY,ANDROY,610210,BESAKOA,6102,BEKILY,61,ANDROY,6,Toliara,exact/district,
52210,ANKARANABO-NORD,522,BEKILY,ANDROY,610205,ANKARANABO NORD,6102,BEKILY,61,ANDROY,6,Toliara,exact/district,
52211,MIKAIKARIVO AMBATOMAINTY,522,BEKILY,ANDROY,610220,MIKAIKARIVO AMBATOMAINTY,6102,BEKILY,61,ANDROY,6,Toliara,exact/district,
52212,ANJA-NORD,522,BEKILY,ANDROY,610204,ANJA NORD,6102,BEKILY,61,ANDROY,6,Toliara,exact/district,
52213,ANTSAKOAMARO,522,BEKILY,ANDROY,610206,ANTSAKOAMARO,6102,BEKILY,61,ANDROY,6,Toliara,exact/district,
52214,TSIKOLAKY,522,BEKILY,ANDROY,610217,TSIKOLAKY,6102,BEKILY,61,ANDROY,6,Toliara,exact/district,
52215,MANAKOPY,522,BEKILY,ANDROY,610213,MANAKOMPY,6102,BEKILY,61,ANDROY,6,Toliara,flou/district,
52216,ANIVORANO MITSINJO,522,BEKILY,ANDROY,610203,ANIVORANO MITSINJO,6102,BEKILY,61,ANDROY,6,Toliara,exact/district,
52217,BETEZA,522,BEKILY,ANDROY,610211,BETEZA,6102,BEKILY,61,ANDROY,6,Toliara,exact/district,
52218,BEKITRO,522,BEKILY,ANDROY,610207,BEKITRO,6102,BEKILY,61,ANDROY,6,Toliara,exact/district,
52219,BELINDO/MAHASOA,522,BEKILY,ANDROY,610208,BELINDO MAHASOA,6102,BEKILY,61,ANDROY,6,Toliara,exact/district,
52220,BEVITIKY,522,BEKILY,ANDROY,610212,BEVITIKY,6102,BEKILY,61,ANDROY,6,Toliara,exact/district,
52301,BELOHA,523,BELOHA,ANDROY,610302,BELOHA ANDROY,6103,BELOHA ANDROY,61,ANDROY,6,Toliara,prefixe/district,
52302,TRANOROA,523,BELOHA,ANDROY,610305,TRANOROA,6103,BELOHA ANDROY,61,ANDROY,6,Toliara,exact/district,
52303,AMBATOTSIVALA,523,BELOHA,ANDROY,610307,AMBATOTSIVALA,6103,BELOHA ANDROY,61,ANDROY,6,Toliara,exact/district,
52304,BEHABOBO,523,BELOHA,ANDROY,610301,BEHABOBO,6103,BELOHA ANDROY,61,ANDROY,6,Toliara,exact/district,
52305,MAHENY,523,BELOHA,ANDROY,610308,MAHAENEGNE,6103,BELOHA ANDROY,61,ANDROY,6,Toliara,exception,MAHENY -> MAHAENEGNE
52306,IKOPOKY,523,BELOHA,ANDROY,610303,KOPOKY,6103,BELOHA ANDROY,61,ANDROY,6,Toliara,flou/district,
52307,MAROLINTA,523,BELOHA,ANDROY,610304,MAROLINTA,6103,BELOHA ANDROY,61,ANDROY,6,Toliara,exact/district,
52308,TRANOVAHO,523,BELOHA,ANDROY,610306,TRANOVAHO,6103,BELOHA ANDROY,61,ANDROY,6,Toliara,exact/district,
52401,TSIHOMBE,524,TSIHOMBE,ANDROY,610407,TSIHOMBE,6104,TSIHOMBE,61,ANDROY,6,Toliara,exact/district,
52402,ANKILIVALO,524,TSIHOMBE,ANDROY,610408,ANKILIVALO ,6104,TSIHOMBE,61,ANDROY,6,Toliara,exact/district,
52403,IMONGY,524,TSIHOMBE,ANDROY,610404,IMONGY,6104,TSIHOMBE,61,ANDROY,6,Toliara,exact/district,
52404,ANTARITARIKA,524,TSIHOMBE,ANDROY,610402,ANTARITARIKA,6104,TSIHOMBE,61,ANDROY,6,Toliara,exact/district,
52405,NIKOLY,524,TSIHOMBE,ANDROY,610406,NIKOLY,6104,TSIHOMBE,61,ANDROY,6,Toliara,exact/district,
52406,BEHAZOMANGA,524,TSIHOMBE,ANDROY,610409,BEHAZOMANGA,6104,TSIHOMBE,61,ANDROY,6,Toliara,exact/district,
52407,ANJAMPALY,524,TSIHOMBE,ANDROY,610401,ANJAMPALY,6104,TSIHOMBE,61,ANDROY,6,Toliara,exact/district,
52408,BETANTY (FAUX CAP),524,TSIHOMBE,ANDROY,610403,FAUX CAP,6104,TSIHOMBE,61,ANDROY,6,Toliara,exception,BETANTY (FAUX CAP) -> FAUX CAP (idem)
52409,MAROVATO,524,TSIHOMBE,ANDROY,610405,MAROVATO,6104,TSIHOMBE,61,ANDROY,6,Toliara,exact/district,
53101,FORT DAUPHIN,531,TAOLAGNARO,ANOSY,620327,TOLAGNARO,6203,TAOLANARO,62,ANOSY,6,Toliara,exception,FORT DAUPHIN -> TOLAGNARO (renommage officiel)
53102,SOAVARY,531,TAOLAGNARO,ANOSY,620326,SOAVARY,6203,TAOLANARO,62,ANOSY,6,Toliara,exact/district,
53103,ANALAMARY,531,TAOLAGNARO,ANOSY,620304,ANALAMARY,6203,TAOLANARO,62,ANOSY,6,Toliara,exact/district,
53104,MANANTENINA,531,TAOLAGNARO,ANOSY,620319,MANANTENINA,6203,TAOLANARO,62,ANOSY,6,Toliara,exact/district,
53105,AMPASIMENA,531,TAOLAGNARO,ANOSY,620302,AMPASIMENA,6203,TAOLANARO,62,ANOSY,6,Toliara,exact/district,
53106,TANANDAVA MANDRERE,531,TAOLAGNARO,ANOSY,620329,TANANDAVA MANDRARE,6203,TAOLANARO,62,ANOSY,6,Toliara,flou/district,
53107,BEVOAY,531,TAOLAGNARO,ANOSY,620309,BEVOAY,6203,TAOLANARO,62,ANOSY,6,Toliara,exact/district,
53108,RANOMAFANA,531,TAOLAGNARO,ANOSY,620322,RANOMAFANA SUD,6203,TAOLANARO,62,ANOSY,6,Toliara,variante2/district,
53109,ENAKARA HAUT,531,TAOLAGNARO,ANOSY,620311,ENAKARA HAUT,6203,TAOLANARO,62,ANOSY,6,Toliara,exact/district,
53110,EMAGNOBO,531,TAOLAGNARO,ANOSY,620310,EMAGNOBO,6203,TAOLANARO,62,ANOSY,6,Toliara,exact/district,
53111,IABOAKOHO,531,TAOLAGNARO,ANOSY,620314,IABOAKOHO,6203,TAOLANARO,62,ANOSY,6,Toliara,exact/district,
53112,MAHATALAKY,531,TAOLAGNARO,ANOSY,620317,MAHATALAKY,6203,TAOLANARO,62,ANOSY,6,Toliara,exact/district,
53113,FENOEVO EFITA,531,TAOLAGNARO,ANOSY,620313,FENOEVO EFITA,6203,TAOLANARO,62,ANOSY,6,Toliara,exact/district,
53114,ENANILIHA,531,TAOLAGNARO,ANOSY,620312,ENANILIHA,6203,TAOLANARO,62,ANOSY,6,Toliara,exact/district,
53115,AMBATOABO,531,TAOLAGNARO,ANOSY,620301,AMBATOABO,6203,TAOLANARO,62,ANOSY,6,Toliara,exact/district,
53116,ISAKA IVONDRO,531,TAOLAGNARO,ANOSY,620316,ISAKA IVONDRO,6203,TAOLANARO,62,ANOSY,6,Toliara,exact/district,
53117,MANDISO,531,TAOLAGNARO,ANOSY,620320,MANDISO,6203,TAOLANARO,62,ANOSY,6,Toliara,exact/district,
53118,IFARANTSA,531,TAOLAGNARO,ANOSY,620315,IFARANTSA,6203,TAOLANARO,62,ANOSY,6,Toliara,exact/district,
53119,MANDROMONDROMOTRA,531,TAOLAGNARO,ANOSY,620321,MANDROMODROMOTRA,6203,TAOLANARO,62,ANOSY,6,Toliara,flou/district,
53120,AMPASY NAHAMPOANA,531,TAOLAGNARO,ANOSY,620303,AMPASY NAHAMPOANA,6203,TAOLANARO,62,ANOSY,6,Toliara,exact/district,
53121,SOANIERANA,531,TAOLAGNARO,ANOSY,620325,SOANIERANA,6203,TAOLANARO,62,ANOSY,6,Toliara,exact/district,
53122,ANKARAMENA,531,TAOLAGNARO,ANOSY,620307,ANKARAMENA,6203,TAOLANARO,62,ANOSY,6,Toliara,exact/district,
53123,ANKARIERA,531,TAOLAGNARO,ANOSY,620308,ANKARIERA,6203,TAOLANARO,62,ANOSY,6,Toliara,exact/district,
53124,ANKILIVALO,531,TAOLAGNARO,ANOSY,620328,ANKILIVALO,6203,TAOLANARO,62,ANOSY,6,Toliara,exact/district,
53125,RANOPISO,531,TAOLAGNARO,ANOSY,620323,RANOPISO,6203,TAOLANARO,62,ANOSY,6,Toliara,exact/district,
53126,SARISAMBO,531,TAOLAGNARO,ANOSY,620324,SARISAMBO,6203,TAOLANARO,62,ANOSY,6,Toliara,exact/district,
53127,MANAMBARO,531,TAOLAGNARO,ANOSY,620318,MANAMBARO,6203,TAOLANARO,62,ANOSY,6,Toliara,exact/district,
53128,ANALAPATSY,531,TAOLAGNARO,ANOSY,620305,ANALAPATSY,6203,TAOLANARO,62,ANOSY,6,Toliara,exact/district,
53129,ANDRANOBORY,531,TAOLAGNARO,ANOSY,620306,ANDRANOBORY,6203,TAOLANARO,62,ANOSY,6,Toliara,exact/district,
53201,BETROKA,532,BETROKA,ANOSY,620209,BETROKA,6202,BETROKA,62,ANOSY,6,Toliara,exact/district,
53202,ANDRIANDAMPY,532,BETROKA,ANOSY,620204,ANDRIANDAMPY,6202,BETROKA,62,ANOSY,6,Toliara,exact/district,
53203,JANGANY,532,BETROKA,ANOSY,620215,JANGANY,6202,BETROKA,62,ANOSY,6,Toliara,exact/district,
53204,AMBALASOA,532,BETROKA,ANOSY,620201,AMBALASOA,6202,BETROKA,62,ANOSY,6,Toliara,exact/district,
53205,KELIVAO,532,BETROKA,ANOSY,620222,KELIVAHO,6202,BETROKA,62,ANOSY,6,Toliara,flou/district,
53206,BENATO TOBY,532,BETROKA,ANOSY,620208,BENATO TOBY,6202,BETROKA,62,ANOSY,6,Toliara,exact/district,
53207,BEAMPOMBO I,532,BETROKA,ANOSY,620205,BEAMPOMBO I,6202,BETROKA,62,ANOSY,6,Toliara,exact/district,
53208,SAKAMAHILY,532,BETROKA,ANOSY,620220,SAKAMAHILY,6202,BETROKA,62,ANOSY,6,Toliara,exact/district,
53209,IANAKAFY,532,BETROKA,ANOSY,620212,IANAKAFY,6202,BETROKA,62,ANOSY,6,Toliara,exact/district,
53210,IABOROTRA,532,BETROKA,ANOSY,620210,IABOROTRA,6202,BETROKA,62,ANOSY,6,Toliara,exact/district,
53211,ANALAMARY,532,BETROKA,ANOSY,620203,ANALAMARY,6202,BETROKA,62,ANOSY,6,Toliara,exact/district,
53212,NANINORA,532,BETROKA,ANOSY,620219,NANINORA,6202,BETROKA,62,ANOSY,6,Toliara,exact/district,
53213,TSARAITSO,532,BETROKA,ANOSY,620221,TSARAITSO,6202,BETROKA,62,ANOSY,6,Toliara,exact/district,
53214,IVAHONA,532,BETROKA,ANOSY,620214,IVAHONA,6202,BETROKA,62,ANOSY,6,Toliara,exact/district,
53215,IANABINDA,532,BETROKA,ANOSY,620211,IANABINDA,6202,BETROKA,62,ANOSY,6,Toliara,exact/district,
53216,MAHASOA EST*,532,BETROKA,ANOSY,620217,MAHASOA EST,6202,BETROKA,62,ANOSY,6,Toliara,exact/district,
53217,BEAMPOMBO II,532,BETROKA,ANOSY,620206,BEAMPOMBO II,6202,BETROKA,62,ANOSY,6,Toliara,exact/district,
53218,NANARENA BESAKOA,532,BETROKA,ANOSY,620218,NANARENA BESAKOA,6202,BETROKA,62,ANOSY,6,Toliara,exact/district,
53219,MAHABO,532,BETROKA,ANOSY,620216,MAHABO,6202,BETROKA,62,ANOSY,6,Toliara,exact/district,
53220,BEKOROBO,532,BETROKA,ANOSY,620207,BEKOROBO,6202,BETROKA,62,ANOSY,6,Toliara,exact/district,
53221,AMBATOMIVARY,532,BETROKA,ANOSY,620202,AMBATOMIVARY,6202,BETROKA,62,ANOSY,6,Toliara,exact/district,
53222,ISOANALA,532,BETROKA,ANOSY,620213,ISOANALA,6202,BETROKA,62,ANOSY,6,Toliara,exact/district,
53301,AMBOASARY ATSIMO,533,AMBOASARY-ATSIMO,ANOSY,620101,AMBOASARY SUD,6201,AMBOASARY SUD,62,ANOSY,6,Toliara,variante/district,
53302,TOMBOARIVO,533,AMBOASARY-ATSIMO,ANOSY,620114,TOMBOARIVO,6201,AMBOASARY SUD,62,ANOSY,6,Toliara,exact/district,
53303,TSIVORY,533,AMBOASARY-ATSIMO,ANOSY,620116,TSIVORY,6201,AMBOASARY SUD,62,ANOSY,6,Toliara,exact/district,
53304,ELONTY,533,AMBOASARY-ATSIMO,ANOSY,620104,ELONTY,6201,AMBOASARY SUD,62,ANOSY,6,Toliara,exact/district,
53305,MAHALY,533,AMBOASARY-ATSIMO,ANOSY,620107,MAHALY,6201,AMBOASARY SUD,62,ANOSY,6,Toliara,exact/district,
53306,ESIRA,533,AMBOASARY-ATSIMO,ANOSY,620105,ESIRA,6201,AMBOASARY SUD,62,ANOSY,6,Toliara,exact/district,
53307,MAGNEVY,533,AMBOASARY-ATSIMO,ANOSY,620108,MANEVY,6201,AMBOASARY SUD,62,ANOSY,6,Toliara,flou/district,
53308,MAROMBY,533,AMBOASARY-ATSIMO,ANOSY,620109,MAROMBY,6201,AMBOASARY SUD,62,ANOSY,6,Toliara,exact/district,
53309,MAROTSIRAKA,533,AMBOASARY-ATSIMO,ANOSY,620110,MAROTSIRAKA,6201,AMBOASARY SUD,62,ANOSY,6,Toliara,exact/district,
53310,RANOBE,533,AMBOASARY-ATSIMO,ANOSY,620111,RANOBE,6201,AMBOASARY SUD,62,ANOSY,6,Toliara,exact/district,
53311,EBELO,533,AMBOASARY-ATSIMO,ANOSY,620103,EBELO,6201,AMBOASARY SUD,62,ANOSY,6,Toliara,exact/district,
53312,TRANOMARO,533,AMBOASARY-ATSIMO,ANOSY,620115,TRANOMARO,6201,AMBOASARY SUD,62,ANOSY,6,Toliara,exact/district,
53313,IFOTAKA,533,AMBOASARY-ATSIMO,ANOSY,620106,IFOTAKA,6201,AMBOASARY SUD,62,ANOSY,6,Toliara,exact/district,
53314,MAHABO,533,AMBOASARY-ATSIMO,ANOSY,620117,MAHABO ,6201,AMBOASARY SUD,62,ANOSY,6,Toliara,exact/district,
53315,BEHARA,533,AMBOASARY-ATSIMO,ANOSY,620102,BEHARA,6201,AMBOASARY SUD,62,ANOSY,6,Toliara,exact/district,
53316,TANANDAVA SUD,533,AMBOASARY-ATSIMO,ANOSY,620113,TANANDAVA SUD,6201,AMBOASARY SUD,62,ANOSY,6,Toliara,exact/district,
53317,BERANO,533,AMBOASARY-ATSIMO,ANOSY,620118,BERANO VILLE,6201,AMBOASARY SUD,62,ANOSY,6,Toliara,prefixe/district,
53318,SAMPONA,533,AMBOASARY-ATSIMO,ANOSY,620112,SAMPONA,6201,AMBOASARY SUD,62,ANOSY,6,Toliara,exact/district,
54101,CU MORONDAVA,541,MORONDAVA,MENABE,640505,MORONDAVA,6405,MORONDAVA,64,MENABE,6,Toliara,flou/district,
54102,MAROFANDILIA,541,MORONDAVA,MENABE,640506,MAROFANDILIA,6405,MORONDAVA,64,MENABE,6,Toliara,exact/district,
54103,BEMANONGA,541,MORONDAVA,MENABE,640504,BEMANONGA,6405,MORONDAVA,64,MENABE,6,Toliara,exact/district,
54104,ANALAIVA,541,MORONDAVA,MENABE,640501,ANALAIVA,6405,MORONDAVA,64,MENABE,6,Toliara,exact/district,
54105,BEFASY,541,MORONDAVA,MENABE,640502,BEFASY,6405,MORONDAVA,64,MENABE,6,Toliara,exact/district,
54106,BELO SUR MER,541,MORONDAVA,MENABE,640503,BELO SUR MER,6405,MORONDAVA,64,MENABE,6,Toliara,exact/district,
54201,MIANDRIVAZO,542,MIANDRIVAZO,MENABE,640414,MIANDRIVAZO,6404,MIANDRIVAZO,64,MENABE,6,Toliara,exact/district,
54202,ANKONDROMENA,542,MIANDRIVAZO,MENABE,640404,ANKONDROMENA,6404,MIANDRIVAZO,64,MENABE,6,Toliara,exact/district,
54203,SOALOKA,542,MIANDRIVAZO,MENABE,640415,SOALOKA,6404,MIANDRIVAZO,64,MENABE,6,Toliara,exact/district,
54204,BETSIPOLITRA,542,MIANDRIVAZO,MENABE,640408,BETSIPOLITRA,6404,MIANDRIVAZO,64,MENABE,6,Toliara,exact/district,
54205,ANKAVANDRA,542,MIANDRIVAZO,MENABE,640403,ANKAVANDRA,6404,MIANDRIVAZO,64,MENABE,6,Toliara,exact/district,
54206,ITONDY,542,MIANDRIVAZO,MENABE,640411,ITONDY,6404,MIANDRIVAZO,64,MENABE,6,Toliara,exact/district,
54207,MANANDAZA,542,MIANDRIVAZO,MENABE,640413,MANANDAZA,6404,MIANDRIVAZO,64,MENABE,6,Toliara,exact/district,
54208,AMPANIHY,542,MIANDRIVAZO,MENABE,640402,AMPANIHY,6404,MIANDRIVAZO,64,MENABE,6,Toliara,exact/district,
54209,BEMAHATAZANA,542,MIANDRIVAZO,MENABE,640407,BEMAHATAZANA,6404,MIANDRIVAZO,64,MENABE,6,Toliara,exact/district,
54210,ANOSIMENA,542,MIANDRIVAZO,MENABE,640406,ANOSIMENA,6404,MIANDRIVAZO,64,MENABE,6,Toliara,exact/district,
54211,ANDRANOMAINTY,542,MIANDRIVAZO,MENABE,640416,ANDRANOMAINTY,6404,MIANDRIVAZO,64,MENABE,6,Toliara,exact/district,
54212,DABOLAVA,542,MIANDRIVAZO,MENABE,640409,DABOLAVA,6404,MIANDRIVAZO,64,MENABE,6,Toliara,exact/district,
54213,ISALO,542,MIANDRIVAZO,MENABE,640410,ISALO,6404,MIANDRIVAZO,64,MENABE,6,Toliara,exact/district,
54214,ANKOTROFOTSY,542,MIANDRIVAZO,MENABE,640405,ANKOTROFOTSY,6404,MIANDRIVAZO,64,MENABE,6,Toliara,exact/district,
54215,AMBATOLAHY,542,MIANDRIVAZO,MENABE,640401,AMBATOLAHY,6404,MIANDRIVAZO,64,MENABE,6,Toliara,exact/district,
54216,MANAMBINA,542,MIANDRIVAZO,MENABE,640412,MANAMBINA,6404,MIANDRIVAZO,64,MENABE,6,Toliara,exact/district,
54301,BELO SUR TSIRIBIHINA,543,BELO SUR TSIRIBIHINA,MENABE,640108,BELO SUR TSIRIBIHINA,6401,BELO SUR TSIRIBIHINA,64,MENABE,6,Toliara,exact/district,
54302,ABOALIMENA,543,BELO SUR TSIRIBIHINA,MENABE,640102,ABOALIMENA,6401,BELO SUR TSIRIBIHINA,64,MENABE,6,Toliara,exact/district,
54303,ANDIMAKY MANAMBOLO,543,BELO SUR TSIRIBIHINA,MENABE,640103,ANDIMAKY MANAMBOLO,6401,BELO SUR TSIRIBIHINA,64,MENABE,6,Toliara,exact/district,
54304,AMBIKY,543,BELO SUR TSIRIBIHINA,MENABE,640101,AMBIKY,6401,BELO SUR TSIRIBIHINA,64,MENABE,6,Toliara,exact/district,
54305,ANKALALOBE,543,BELO SUR TSIRIBIHINA,MENABE,640104,ANKALALOBE,6401,BELO SUR TSIRIBIHINA,64,MENABE,6,Toliara,exact/district,
54306,MASOARIVO,543,BELO SUR TSIRIBIHINA,MENABE,640112,MASOARIVO,6401,BELO SUR TSIRIBIHINA,64,MENABE,6,Toliara,exact/district,
54307,BEMARIVO ANKIRONDRO,543,BELO SUR TSIRIBIHINA,MENABE,640109,BEMARIVO ANKIRONDRO,6401,BELO SUR TSIRIBIHINA,64,MENABE,6,Toliara,exact/district,
54308,ANTSAKOAMALINIKA,543,BELO SUR TSIRIBIHINA,MENABE,640115,DELTA,6401,BELO SUR TSIRIBIHINA,64,MENABE,6,Toliara,exception,ANTSAKOAMALINIKA -> DELTA (par elimination dans Belo sur Tsiribihina)
54309,TSIMAFANA,543,BELO SUR TSIRIBIHINA,MENABE,640114,TSIMAFANA,6401,BELO SUR TSIRIBIHINA,64,MENABE,6,Toliara,exact/district,
54310,TSARAOTANA,543,BELO SUR TSIRIBIHINA,MENABE,640113,TSARAOTANA,6401,BELO SUR TSIRIBIHINA,64,MENABE,6,Toliara,exact/district,
54311,BEREVO,543,BELO SUR TSIRIBIHINA,MENABE,640110,BEREVO,6401,BELO SUR TSIRIBIHINA,64,MENABE,6,Toliara,exact/district,
54312,ANKIROROKA,543,BELO SUR TSIRIBIHINA,MENABE,640105,ANKOROROKY,6401,BELO SUR TSIRIBIHINA,64,MENABE,6,Toliara,flou-large/district,
54313,BELINTA,543,BELO SUR TSIRIBIHINA,MENABE,640107,BELINTA,6401,BELO SUR TSIRIBIHINA,64,MENABE,6,Toliara,exact/district,
54314,ANTSOHA,543,BELO SUR TSIRIBIHINA,MENABE,640106,ANTSOHA,6401,BELO SUR TSIRIBIHINA,64,MENABE,6,Toliara,exact/district,
54315,BEROBOKA NORD,543,BELO SUR TSIRIBIHINA,MENABE,640111,BEROBOKA,6401,BELO SUR TSIRIBIHINA,64,MENABE,6,Toliara,variante2/district,
54401,MAHABO,544,MAHABO,MENABE,640208,MAHABO,6402,MAHABO,64,MENABE,6,Toliara,exact/district,
54402,BEFOTAKA,544,MAHABO,MENABE,640206,BEFOTAKA,6402,MAHABO,64,MENABE,6,Toliara,exact/district,
54403,ANALAMITSIVALANA,544,MAHABO,MENABE,640203,ANALAMITSIVALANA,6402,MAHABO,64,MENABE,6,Toliara,exact/district,
54404,ANKILIVALO,544,MAHABO,MENABE,640204,ANKILIVALO,6402,MAHABO,64,MENABE,6,Toliara,exact/district,
54405,BEZEZIKA,544,MAHABO,MENABE,640212,BEZEZIKA,6402,MAHABO,64,MENABE,6,Toliara,exact/district,
54406,AMPANIHY,544,MAHABO,MENABE,640202,AMPANIHY,6402,MAHABO,64,MENABE,6,Toliara,exact/district,
54407,ANKILIZATO,544,MAHABO,MENABE,640205,ANKILIZATO,6402,MAHABO,64,MENABE,6,Toliara,exact/district,
54408,AMBIA,544,MAHABO,MENABE,640201,AMBIA,6402,MAHABO,64,MENABE,6,Toliara,exact/district,
54409,MALAIMBANDY,544,MAHABO,MENABE,640209,MALAIMBANDY,6402,MAHABO,64,MENABE,6,Toliara,exact/district,
54410,TSIMAZAVA,544,MAHABO,MENABE,640211,TSIMAZAVA,6402,MAHABO,64,MENABE,6,Toliara,exact/district,
54411,MANDABE,544,MAHABO,MENABE,640210,MANDABE,6402,MAHABO,64,MENABE,6,Toliara,exact/district,
54412,BERONONO,544,MAHABO,MENABE,640207,BERONONO,6402,MAHABO,64,MENABE,6,Toliara,exact/district,
54501,CU MANJA,545,MANJA,MENABE,640305,MANJA,6403,MANJA,64,MENABE,6,Toliara,tokens/district,
54502,BEHARONA,545,MANJA,MENABE,640304,BEHARONA,6403,MANJA,64,MENABE,6,Toliara,exact/district,
54503,ANONTSIBE EST,545,MANJA,MENABE,640303,ANONTSIBE CENTRE,6403,MANJA,64,MENABE,6,Toliara,flou-large/district,
54504,SOASERANA,545,MANJA,MENABE,640306,SOASERANA,6403,MANJA,64,MENABE,6,Toliara,exact/district,
54505,ANKILIABO,545,MANJA,MENABE,640302,ANKILIABO,6403,MANJA,64,MENABE,6,Toliara,exact/district,
54506,ANDRANOPASY,545,MANJA,MENABE,640301,ANDRANOPASY,6403,MANJA,64,MENABE,6,Toliara,exact/district,
54507,BETSIOKY,545,MANJA,MENABE,640307,BETSIOKY,6403,MANJA,64,MENABE,6,Toliara,exact/district,
61101,COMMUNE URBAINE DE DIEGO SUAREZ,611,ANTSIRANANA I,DIANA,210301,ANTSIRANANA,2103,ANTSIRANANA I,21,DIANA,2,Antsiranana,exception,COMMUNE URBAINE DE DIEGO SUAREZ -> ANTSIRANANA (renommage)
61201,ANDRANOVONDRONINA,612,ANTSIRANANA II,DIANA,210404,ANDRANOVONDRONINA,2104,ANTSIRANANA II,21,DIANA,2,Antsiranana,exact/district,
61202,RAMENA,612,ANTSIRANANA II,DIANA,210419,RAMENA,2104,ANTSIRANANA II,21,DIANA,2,Antsiranana,exact/district,
61203,ANTANAMITARANA,612,ANTSIRANANA II,DIANA,210408,ANTANAMITARANA,2104,ANTSIRANANA II,21,DIANA,2,Antsiranana,exact/district,
61204,ANTSAHAMPANO,612,ANTSIRANANA II,DIANA,210409,ANTSAHAMPANO,2104,ANTSIRANANA II,21,DIANA,2,Antsiranana,exact/district,
61205,MANGAOKA,612,ANTSIRANANA II,DIANA,210417,MANGAOKA,2104,ANTSIRANANA II,21,DIANA,2,Antsiranana,exact/district,
61206,ANDRANOFANJAVA,612,ANTSIRANANA II,DIANA,210403,ANDRANOFANJAVA,2104,ANTSIRANANA II,21,DIANA,2,Antsiranana,exact/district,
61207,JOFFRE VILLE,612,ANTSIRANANA II,DIANA,210414,JOFFRE-VILLE,2104,ANTSIRANANA II,21,DIANA,2,Antsiranana,exact/district,
61208,SAKARAMY,612,ANTSIRANANA II,DIANA,210421,SAKARAMY,2104,ANTSIRANANA II,21,DIANA,2,Antsiranana,exact/district,
61209,MAHAVANONA,612,ANTSIRANANA II,DIANA,210416,MAHAVANONA,2104,ANTSIRANANA II,21,DIANA,2,Antsiranana,exact/district,
61210,ANDRAFIABE,612,ANTSIRANANA II,DIANA,210402,ANDRAFIABE,2104,ANTSIRANANA II,21,DIANA,2,Antsiranana,exact/district,
61211,ANKETRAKABE,612,ANTSIRANANA II,DIANA,210407,ANKETRAKABE,2104,ANTSIRANANA II,21,DIANA,2,Antsiranana,exact/district,
61212,MAHALINA,612,ANTSIRANANA II,DIANA,210415,MAHALINA,2104,ANTSIRANANA II,21,DIANA,2,Antsiranana,exact/district,
61213,BOBAKILANDY,612,ANTSIRANANA II,DIANA,210412,BOBAKILANDY,2104,ANTSIRANANA II,21,DIANA,2,Antsiranana,exact/district,
61214,ANTSALAKA,612,ANTSIRANANA II,DIANA,210410,ANTSALAKA,2104,ANTSIRANANA II,21,DIANA,2,Antsiranana,exact/district,
61215,SADJAOVATO,612,ANTSIRANANA II,DIANA,210420,SADJOAVATO,2104,ANTSIRANANA II,21,DIANA,2,Antsiranana,flou/district,
61216,ANKARONGANA,612,ANTSIRANANA II,DIANA,210406,ANKARONGANA,2104,ANTSIRANANA II,21,DIANA,2,Antsiranana,exact/district,
61217,AMBOLOBOZOBE,612,ANTSIRANANA II,DIANA,210423,AMBOLOBOZOBE,2104,ANTSIRANANA II,21,DIANA,2,Antsiranana,exact/district,
61218,ANTSAKOABE,612,ANTSIRANANA II,DIANA,210422,ANTSAKOABE,2104,ANTSIRANANA II,21,DIANA,2,Antsiranana,exact/district,
61219,ANTSOHA,612,ANTSIRANANA II,DIANA,210411,ANTSOHA,2104,ANTSIRANANA II,21,DIANA,2,Antsiranana,exact/district,
61220,ANIVORANO NORD,612,ANTSIRANANA II,DIANA,210405,ANIVORANO NORD,2104,ANTSIRANANA II,21,DIANA,2,Antsiranana,exact/district,
61221,AMBONDRONA,612,ANTSIRANANA II,DIANA,210401,AMBONDRONA,2104,ANTSIRANANA II,21,DIANA,2,Antsiranana,exact/district,
61222,MOSOROLAVA,612,ANTSIRANANA II,DIANA,210418,MOSOROLAVA,2104,ANTSIRANANA II,21,DIANA,2,Antsiranana,exact/district,
61223,BOBASAKOA,612,ANTSIRANANA II,DIANA,210413,BOBASAKOA,2104,ANTSIRANANA II,21,DIANA,2,Antsiranana,exact/district,
61301,AMBILOBE,613,AMBILOBE,DIANA,210204,AMBILOBE,2102,AMBILOBE,21,DIANA,2,Antsiranana,exact/district,
61302,ANTSARAVIBE,613,AMBILOBE,DIANA,210209,ANTSARAVIBE,2102,AMBILOBE,21,DIANA,2,Antsiranana,exact/district,
61303,TANAMBAO MARIVORAHONA,613,AMBILOBE,DIANA,210215,TANAMBAO MARIVORAHONA,2102,AMBILOBE,21,DIANA,2,Antsiranana,exact/district,
61304,BETSIAKA,613,AMBILOBE,DIANA,210212,BETSIAKA,2102,AMBILOBE,21,DIANA,2,Antsiranana,exact/district,
61305,AMBAKIRANO,613,AMBILOBE,DIANA,210201,AMBAKIRANO,2102,AMBILOBE,21,DIANA,2,Antsiranana,exact/district,
61306,ANTSOHIMBONDRONA,613,AMBILOBE,DIANA,210210,ANTSOHIMBONDRONA,2102,AMBILOBE,21,DIANA,2,Antsiranana,exact/district,
61307,AMBODIBONARA,613,AMBILOBE,DIANA,210205,AMBODIBONARA,2102,AMBILOBE,21,DIANA,2,Antsiranana,exact/district,
61308,AMPONDRALAVA,613,AMBILOBE,DIANA,210206,AMPONDRALAVA,2102,AMBILOBE,21,DIANA,2,Antsiranana,exact/district,
61309,MANTALY,613,AMBILOBE,DIANA,210214,MANTALY,2102,AMBILOBE,21,DIANA,2,Antsiranana,exact/district,
61310,AMBATOBEN'ANJAVY,613,AMBILOBE,DIANA,210203,AMBATOBEN ' ANJAVY,2102,AMBILOBE,21,DIANA,2,Antsiranana,exact/district,
61311,ANJIABE AMBONY,613,AMBILOBE,DIANA,210208,ANJIABE HAUT,2102,AMBILOBE,21,DIANA,2,Antsiranana,exception,ANJIABE AMBONY -> ANJIABE HAUT (ambony = haut)
61312,BERAMANJA,613,AMBILOBE,DIANA,210211,BERAMANJA,2102,AMBILOBE,21,DIANA,2,Antsiranana,exact/district,
61313,AMBARAKARAKA,613,AMBILOBE,DIANA,210202,AMBARAKARAKA,2102,AMBILOBE,21,DIANA,2,Antsiranana,exact/district,
61314,ANABORANO IFASY,613,AMBILOBE,DIANA,210207,ANABORANO IFASY,2102,AMBILOBE,21,DIANA,2,Antsiranana,exact/district,
61315,MANAMBATO,613,AMBILOBE,DIANA,210213,MANAMBATO,2102,AMBILOBE,21,DIANA,2,Antsiranana,exact/district,
61316,SIRAMA,613,AMBILOBE,DIANA,210217,SIRAMA,2102,AMBILOBE,21,DIANA,2,Antsiranana,exact/district,
61317,ANTANAMBE,613,AMBILOBE,DIANA,210216,ANTANABE,2102,AMBILOBE,21,DIANA,2,Antsiranana,flou/district,
61401,HELL VILLE,614,NOSY-BE,DIANA,210501,CU NOSY-BE,2105,NOSY-BE,21,DIANA,2,Antsiranana,fusion_urbaine,
61402,BEMANONDROBE,614,NOSY-BE,DIANA,210501,CU NOSY-BE,2105,NOSY-BE,21,DIANA,2,Antsiranana,fusion_urbaine,
61403,DZAMANDZAR,614,NOSY-BE,DIANA,210501,CU NOSY-BE,2105,NOSY-BE,21,DIANA,2,Antsiranana,fusion_urbaine,
61404,AMBATOZAVAVY,614,NOSY-BE,DIANA,210501,CU NOSY-BE,2105,NOSY-BE,21,DIANA,2,Antsiranana,fusion_urbaine,
61405,AMPANGORINA,614,NOSY-BE,DIANA,210501,CU NOSY-BE,2105,NOSY-BE,21,DIANA,2,Antsiranana,fusion_urbaine,
61406,BEFOTAKA,614,NOSY-BE,DIANA,210501,CU NOSY-BE,2105,NOSY-BE,21,DIANA,2,Antsiranana,fusion_urbaine,
61501,AMBANJA,615,AMBANJA,DIANA,210103,AMBANJA,2101,AMBANJA,21,DIANA,2,Antsiranana,exact/district,
61502,AMBALAHONKO,615,AMBANJA,DIANA,210101,AMBALAHONKO,2101,AMBANJA,21,DIANA,2,Antsiranana,exact/district,
61503,AMBALIHA,615,AMBANJA,DIANA,210102,AMBALIHA,2101,AMBANJA,21,DIANA,2,Antsiranana,exact/district,
61504,AMBOHIMARINA,615,AMBANJA,DIANA,210105,AMBOHIMARINA,2101,AMBANJA,21,DIANA,2,Antsiranana,exact/district,
61505,AMBODIMANGA RAMENA,615,AMBANJA,DIANA,210104,AMBODIMANGA RAMENA,2101,AMBANJA,21,DIANA,2,Antsiranana,exact/district,
61506,ANTSAHABE,615,AMBANJA,DIANA,210124,ANTSAHABE CENTRE,2101,AMBANJA,21,DIANA,2,Antsiranana,prefixe/district,
61507,AMBOHIMENA,615,AMBANJA,DIANA,210106,AMBOHIMENA,2101,AMBANJA,21,DIANA,2,Antsiranana,exact/district,
61508,AMBOHITRANDRIANA,615,AMBANJA,DIANA,210107,AMBOHITRANDRIANA,2101,AMBANJA,21,DIANA,2,Antsiranana,exact/district,
61509,ANKATAFA,615,AMBANJA,DIANA,210108,ANKATAFA,2101,AMBANJA,21,DIANA,2,Antsiranana,exact/district,
61510,ANKINGAMELOKA,615,AMBANJA,DIANA,210109,ANKINGAMELOKA,2101,AMBANJA,21,DIANA,2,Antsiranana,exact/district,
61511,ANORANTSANGANA,615,AMBANJA,DIANA,210110,ANOROTSANGANA,2101,AMBANJA,21,DIANA,2,Antsiranana,flou/district,
61512,ANTAFIAMBOTRY,615,AMBANJA,DIANA,210111,ANTAFIAMBOTRY,2101,AMBANJA,21,DIANA,2,Antsiranana,exact/district,
61513,ANTRANOKARANY,615,AMBANJA,DIANA,210112,ANTRANOKARANY,2101,AMBANJA,21,DIANA,2,Antsiranana,exact/district,
61514,ANTSATSAKA,615,AMBANJA,DIANA,210114,ANTSATSAKA,2101,AMBANJA,21,DIANA,2,Antsiranana,exact/district,
61515,ANTSIRABE,615,AMBANJA,DIANA,210115,ANTSIRABE,2101,AMBANJA,21,DIANA,2,Antsiranana,exact/district,
61516,BEMANEVIKY HAUT SAMBIRANO,615,AMBANJA,DIANA,210116,BEMANEVIKA HAUT-SAMBIRANO,2101,AMBANJA,21,DIANA,2,Antsiranana,flou/district,
61517,BEMANEVIKY OUEST,615,AMBANJA,DIANA,210117,BEMANEVIKA OUEST,2101,AMBANJA,21,DIANA,2,Antsiranana,flou/district,
61518,BENAVONY,615,AMBANJA,DIANA,210118,BENAVONY,2101,AMBANJA,21,DIANA,2,Antsiranana,exact/district,
61519,DJANGOA,615,AMBANJA,DIANA,210119,DJANGOA,2101,AMBANJA,21,DIANA,2,Antsiranana,exact/district,
61520,MAEVATANANA,615,AMBANJA,DIANA,210120,MAEVATANANA,2101,AMBANJA,21,DIANA,2,Antsiranana,exact/district,
61521,MAHERIVARATRA,615,AMBANJA,DIANA,210121,MAHERIVARATRA,2101,AMBANJA,21,DIANA,2,Antsiranana,exact/district,
61522,MAROTOLANA,615,AMBANJA,DIANA,210122,MAROTOLANA,2101,AMBANJA,21,DIANA,2,Antsiranana,exact/district,
61523,MAROVATO,615,AMBANJA,DIANA,210123,MAROVATO,2101,AMBANJA,21,DIANA,2,Antsiranana,exact/district,
61524,ANTSAKOAMANONDRO,615,AMBANJA,DIANA,210113,ANTSAKOAMANONDRO,2101,AMBANJA,21,DIANA,2,Antsiranana,exact/district,
62101,SAMBAVA CU,621,SAMBAVA,SAVA,220325,SAMBAVA,2203,SAMBAVA,22,SAVA,2,Antsiranana,flou/district,
62102,TANAMBAO DAOUD,621,SAMBAVA,SAVA,220326,TANAMBAO DAOUD,2203,SAMBAVA,22,SAVA,2,Antsiranana,exact/district,
62103,BEMANEVIKA,621,SAMBAVA,SAVA,220317,BEMANEVIKA,2203,SAMBAVA,22,SAVA,2,Antsiranana,exact/district,
62104,ANJANGOVERATRA,621,SAMBAVA,SAVA,220311,ANJANGOVERATRA,2203,SAMBAVA,22,SAVA,2,Antsiranana,exact/district,
62105,MAROGAONA,621,SAMBAVA,SAVA,220321,MAROGAONA,2203,SAMBAVA,22,SAVA,2,Antsiranana,exact/district,
62106,ANTINDRA,621,SAMBAVA,SAVA,220314,ANTINDRA,2203,SAMBAVA,22,SAVA,2,Antsiranana,exact/district,
62107,MAHASOA ANTINDRA,621,SAMBAVA,SAVA,220328,MAHASOA ANTINDRA,2203,SAMBAVA,22,SAVA,2,Antsiranana,exact/district,
62108,ANTSAHAVARIBE,621,SAMBAVA,SAVA,220315,ANTSAHAVARIBE,2203,SAMBAVA,22,SAVA,2,Antsiranana,exact/district,
62109,BEVONOTRA,621,SAMBAVA,SAVA,220318,BEVONOTRA,2203,SAMBAVA,22,SAVA,2,Antsiranana,exact/district,
62110,ANJIALAVA,621,SAMBAVA,SAVA,220312,ANJIALAVA,2203,SAMBAVA,22,SAVA,2,Antsiranana,exact/district,
62111,AMBATOAFO,621,SAMBAVA,SAVA,220301,AMBATOAFO,2203,SAMBAVA,22,SAVA,2,Antsiranana,exact/district,
62112,AMBOANGIBE,621,SAMBAVA,SAVA,220302,AMBOANGIBE,2203,SAMBAVA,22,SAVA,2,Antsiranana,exact/district,
62113,ANDAPABE,621,SAMBAVA,SAVA,220327,ANDAPABE,2203,SAMBAVA,22,SAVA,2,Antsiranana,exact/district,
62114,ANDREMBONA,621,SAMBAVA,SAVA,220310,ANDREMBONA,2203,SAMBAVA,22,SAVA,2,Antsiranana,exact/district,
62115,ANDRAHANJO,621,SAMBAVA,SAVA,220308,ANDRAHANJO,2203,SAMBAVA,22,SAVA,2,Antsiranana,exact/district,
62116,AMBOHIMITSINJO,621,SAMBAVA,SAVA,220306,AMBOHIMITSINJO,2203,SAMBAVA,22,SAVA,2,Antsiranana,exact/district,
62117,ANALAMAHO,621,SAMBAVA,SAVA,220307,ANALAMAHO,2203,SAMBAVA,22,SAVA,2,Antsiranana,exact/district,
62118,NOSIARINA,621,SAMBAVA,SAVA,220324,NOSIARINA,2203,SAMBAVA,22,SAVA,2,Antsiranana,exact/district,
62119,ANJINJAOMBY,621,SAMBAVA,SAVA,220313,ANJINJAOMBY,2203,SAMBAVA,22,SAVA,2,Antsiranana,exact/district,
62120,AMBOHIMALAZA,621,SAMBAVA,SAVA,220305,AMBOHIMALAZA,2203,SAMBAVA,22,SAVA,2,Antsiranana,exact/district,
62121,MORAFENO,621,SAMBAVA,SAVA,220323,MORAFENO,2203,SAMBAVA,22,SAVA,2,Antsiranana,exact/district,
62122,AMBODIVOARA,621,SAMBAVA,SAVA,220304,AMBODIVOARA,2203,SAMBAVA,22,SAVA,2,Antsiranana,exact/district,
62123,ANDRATAMARINA,621,SAMBAVA,SAVA,220309,ANDRATAMARINA,2203,SAMBAVA,22,SAVA,2,Antsiranana,exact/district,
62124,MAROAMBIHY,621,SAMBAVA,SAVA,220320,MAROAMBIHY,2203,SAMBAVA,22,SAVA,2,Antsiranana,exact/district,
62125,AMBODIAMPANA LOKOHO,621,SAMBAVA,SAVA,220303,AMBODIAMPANA,2203,SAMBAVA,22,SAVA,2,Antsiranana,prefixe/district,
62126,ANTSAMBAHARO,621,SAMBAVA,SAVA,220316,ANTSAMBAHARO,2203,SAMBAVA,22,SAVA,2,Antsiranana,exact/district,
62127,MAROJALA,621,SAMBAVA,SAVA,220322,MAROJALA,2203,SAMBAVA,22,SAVA,2,Antsiranana,exact/district,
62128,FARAHALANA,621,SAMBAVA,SAVA,220319,FARAHALANA,2203,SAMBAVA,22,SAVA,2,Antsiranana,exact/district,
62201,VOHEMAR,622,VOHEMAR,SAVA,220419,VOHEMAR,2204,VOHEMAR,22,SAVA,2,Antsiranana,exact/district,
62202,AMPISIKINA,622,VOHEMAR,SAVA,220405,AMPISIKINANA,2204,VOHEMAR,22,SAVA,2,Antsiranana,flou/district,
62203,MAROMOKOTRA LOKY,622,VOHEMAR,SAVA,220415,MAROMOKOTRA LOKY,2204,VOHEMAR,22,SAVA,2,Antsiranana,exact/district,
62204,DARAINA,622,VOHEMAR,SAVA,220413,DARAINA,2204,VOHEMAR,22,SAVA,2,Antsiranana,exact/district,
62205,NOSIBE,622,VOHEMAR,SAVA,220417,NOSIBE,2204,VOHEMAR,22,SAVA,2,Antsiranana,exact/district,
62206,AMPONDRA,622,VOHEMAR,SAVA,220406,AMPONDRA,2204,VOHEMAR,22,SAVA,2,Antsiranana,exact/district,
62207,BOBAKINDRO,622,VOHEMAR,SAVA,220412,BOBAKINDRO,2204,VOHEMAR,22,SAVA,2,Antsiranana,exact/district,
62208,MILANOA,622,VOHEMAR,SAVA,220416,MILANOA,2204,VOHEMAR,22,SAVA,2,Antsiranana,exact/district,
62209,FANAMBANA,622,VOHEMAR,SAVA,220414,FANAMBANA,2204,VOHEMAR,22,SAVA,2,Antsiranana,exact/district,
62210,TSARABARIA,622,VOHEMAR,SAVA,220418,TSARABARIA,2204,VOHEMAR,22,SAVA,2,Antsiranana,exact/district,
62211,AMBALASATRANA,622,VOHEMAR,SAVA,220401,AMBALASATRANA,2204,VOHEMAR,22,SAVA,2,Antsiranana,exact/district,
62212,ANDRAFAINKONA,622,VOHEMAR,SAVA,220407,ANDRAFAINKONA,2204,VOHEMAR,22,SAVA,2,Antsiranana,exact/district,
62213,AMBORIALA,622,VOHEMAR,SAVA,220403,AMBORIALA,2204,VOHEMAR,22,SAVA,2,Antsiranana,exact/district,
62214,ANDRAVORY,622,VOHEMAR,SAVA,220408,ANDRAVORY,2204,VOHEMAR,22,SAVA,2,Antsiranana,exact/district,
62215,AMBINANIN'ANDRAVORY,622,VOHEMAR,SAVA,220402,AMBINANIN ' ANDRAVORY,2204,VOHEMAR,22,SAVA,2,Antsiranana,exact/district,
62216,AMBODISAMBALAHY,622,VOHEMAR,SAVA,220409,AMBODISAMBALAHY,2204,VOHEMAR,22,SAVA,2,Antsiranana,exact/district,
62217,AMPANEFENA,622,VOHEMAR,SAVA,220404,AMPANEFENA,2204,VOHEMAR,22,SAVA,2,Antsiranana,exact/district,
62218,BELAMBO,622,VOHEMAR,SAVA,220411,BELAMBO,2204,VOHEMAR,22,SAVA,2,Antsiranana,exact/district,
62219,ANTSIRABE NORD,622,VOHEMAR,SAVA,220410,ANTSIRABE NORD,2204,VOHEMAR,22,SAVA,2,Antsiranana,exact/district,
62301,ANDAPA,623,ANDAPA,SAVA,220104,ANDAPA,2201,ANDAPA,22,SAVA,2,Antsiranana,exact/district,
62302,ANJIALAVABE,623,ANDAPA,SAVA,220107,ANJIALAVABE,2201,ANDAPA,22,SAVA,2,Antsiranana,exact/district,
62303,DOANY,623,ANDAPA,SAVA,220115,DOANY,2201,ANDAPA,22,SAVA,2,Antsiranana,exact/district,
62304,AMBALAMANASY II,623,ANDAPA,SAVA,220101,AMBALAMANASY II,2201,ANDAPA,22,SAVA,2,Antsiranana,exact/district,
62305,ANDASIBE KOBAHINA,623,ANDAPA,SAVA,220120,ANDASIBE KOBAHINA,2201,ANDAPA,22,SAVA,2,Antsiranana,exact/district,
62306,MAROVATO,623,ANDAPA,SAVA,220116,MAROVATO,2201,ANDAPA,22,SAVA,2,Antsiranana,exact/district,
62307,BELAOKO LOKOHO,623,ANDAPA,SAVA,220112,BELAOKA LOKOHO,2201,ANDAPA,22,SAVA,2,Antsiranana,flou/district,
62308,BELAOKO MAROVATO,623,ANDAPA,SAVA,220113,BELAOKA MAROVATO,2201,ANDAPA,22,SAVA,2,Antsiranana,flou/district,
62309,MATSOHELY,623,ANDAPA,SAVA,220117,MATSOHELY,2201,ANDAPA,22,SAVA,2,Antsiranana,exact/district,
62310,ANDRANOMENA,623,ANDAPA,SAVA,220106,ANDRANOMENA,2201,ANDAPA,22,SAVA,2,Antsiranana,exact/district,
62311,BETSAKOTSAKO ANDRANOTSARA,623,ANDAPA,SAVA,220114,BETSAKOTSAKO ANDRANOTSARA,2201,ANDAPA,22,SAVA,2,Antsiranana,exact/district,
62312,AMBODIANGEZOKA,623,ANDAPA,SAVA,220102,AMBODIANGEZOKA,2201,ANDAPA,22,SAVA,2,Antsiranana,exact/district,
62313,AMBODIDIVAINA,623,ANDAPA,SAVA,220119,AMBODIDIVAINA,2201,ANDAPA,22,SAVA,2,Antsiranana,exact/district,
62314,BEALAMPONA,623,ANDAPA,SAVA,220111,BEALAMPONA,2201,ANDAPA,22,SAVA,2,Antsiranana,exact/district,
62315,ANKIAKABE NORD,623,ANDAPA,SAVA,220108,ANKIAKABE NORD,2201,ANDAPA,22,SAVA,2,Antsiranana,exact/district,
62316,ANDRAKATA,623,ANDAPA,SAVA,220105,ANDRAKATA,2201,ANDAPA,22,SAVA,2,Antsiranana,exact/district,
62317,AMBALAVELONA,623,ANDAPA,SAVA,220121,AMBALAVELONA,2201,ANDAPA,22,SAVA,2,Antsiranana,exact/district,
62318,ANOVIARA,623,ANDAPA,SAVA,220109,ANOVIARA,2201,ANDAPA,22,SAVA,2,Antsiranana,exact/district,
62319,TANANDAVA,623,ANDAPA,SAVA,220118,TANANDAVA,2201,ANDAPA,22,SAVA,2,Antsiranana,exact/district,
62320,AMBODIMANGA I,623,ANDAPA,SAVA,220103,AMBODIMANGA I,2201,ANDAPA,22,SAVA,2,Antsiranana,exact/district,
62321,ANTSAHAMENA,623,ANDAPA,SAVA,220110,ANTSAHAMENA,2201,ANDAPA,22,SAVA,2,Antsiranana,exact/district,
62401,ANTALAHA,624,ANTALAHA,SAVA,220208,ANTALAHA,2202,ANTALAHA,22,SAVA,2,Antsiranana,exact/district,
62402,LANJARIVO,624,ANTALAHA,SAVA,220213,LANJARIVO,2202,ANTALAHA,22,SAVA,2,Antsiranana,exact/district,
62403,AMBINANIFAHO,624,ANTALAHA,SAVA,220202,AMBINANIFAHO,2202,ANTALAHA,22,SAVA,2,Antsiranana,exact/district,
62404,AMPAHANA,624,ANTALAHA,SAVA,220204,AMPAHANA,2202,ANTALAHA,22,SAVA,2,Antsiranana,exact/district,
62405,ANTSAHANORO,624,ANTALAHA,SAVA,220211,ANTSAHANORO,2202,ANTALAHA,22,SAVA,2,Antsiranana,exact/district,
62406,SARAHANDRANO,624,ANTALAHA,SAVA,220215,SARAHANDRANO,2202,ANTALAHA,22,SAVA,2,Antsiranana,exact/district,
62407,ANTSAMBALAHY,624,ANTALAHA,SAVA,220212,ANTSAMBALAHY,2202,ANTALAHA,22,SAVA,2,Antsiranana,exact/district,
62408,ANDAMPY,624,ANTALAHA,SAVA,220207,ANDAMPY,2202,ANTALAHA,22,SAVA,2,Antsiranana,exact/district,
62409,ANTANANAMBO,624,ANTALAHA,SAVA,220209,ANTANANAMBO,2202,ANTALAHA,22,SAVA,2,Antsiranana,exact/district,
62410,ANTOMBANA,624,ANTALAHA,SAVA,220210,ANTOMBANA,2202,ANTALAHA,22,SAVA,2,Antsiranana,exact/district,
62411,AMPOHIBE,624,ANTALAHA,SAVA,220206,AMPOHIBE,2202,ANTALAHA,22,SAVA,2,Antsiranana,exact/district,
62412,SAHANTAHA,624,ANTALAHA,SAVA,220217,SAHANTAHA,2202,ANTALAHA,22,SAVA,2,Antsiranana,exact/district,
62413,MAROFINARITRA,624,ANTALAHA,SAVA,220214,MAROFINARITRA,2202,ANTALAHA,22,SAVA,2,Antsiranana,exact/district,
62414,MANAKAMBAHINY ANKAVIA,624,ANTALAHA,SAVA,220218,MANAKAMBAHINY ANKAVIA,2202,ANTALAHA,22,SAVA,2,Antsiranana,exact/district,
62415,AMBALABE,624,ANTALAHA,SAVA,220201,AMBALABE,2202,ANTALAHA,22,SAVA,2,Antsiranana,exact/district,
62416,AMBOHITRALANANA,624,ANTALAHA,SAVA,220203,AMBOHITRALANANA,2202,ANTALAHA,22,SAVA,2,Antsiranana,exact/district,
62417,AMPANAVOANA,624,ANTALAHA,SAVA,220205,AMPANAVOANA,2202,ANTALAHA,22,SAVA,2,Antsiranana,exact/district,
62418,VINANIVAO,624,ANTALAHA,SAVA,220216,VINANIVAO,2202,ANTALAHA,22,SAVA,2,Antsiranana,exact/district,
